ingr_code,name_ko,name_en
D000762,이트라코나졸,Itraconazole
D000027,심바스타틴,Simvastatin
D000455,아토르바스타틴칼슘,Atorvastatin Calcium
D000769,케토코나졸,Ketoconazole
D000716,메토트렉세이트,Methotrexate
D000363,이부프로펜,Ibuprofen
D000373,클래리트로마이신,Clarithromycin
D000060,테녹시캄,Tenoxicam
D000086,덱시부프로펜 디.씨.,Dexibuprofen D.C.
D000274,케토롤락트로메타민염,Ketorolac Tromethamine
D000081,나부메톤,Nabumetone
D000672,케토프로펜,Ketoprofen
D000142,시프로플록사신염산염수화물,Ciprofloxacin Hydrochloride Hydrate
D000712,리토나비르,Ritonavir
D000017,부프레노르핀,Buprenorphine
D000006,모르핀황산염수화물,Morphine Sulfate Hydrate
D000760,이오비트리돌,Iobitridol
D000718,메트포르민염산염 콜로이드성이산화규소,Metformin Hydrochloride with Colloidal Anhydrous Silica
D000669,이오헥솔,Iohexol
D000364,이오메프롤,Iomeprol
D000675,클로닉신리시네이트,Clonixin Lysinate
D000452,아스피린,Aspirin
D000477,클렌부테롤염산염,Clenbuterol Hydrochloride
D000560,에피네프린타르타르산염,Epinephrine Tartrate
D000334,사이클로스포린,Cyclosporine
D000279,타크로리무스 수화물,Tacrolimus Hydrate
D000309,피록시캄,Piroxicam
D000544,살살레이트,Salsalate
D000644,설린닥,Sulindac
D000679,구연산타목시펜,Tamoxifen Citrate
D000144,아나스트로졸,Anastrozole
D000238,브롬페리돌,Bromperidol
D000541,브로모크립틴메실산염,Bromocriptine Mesylate
D000267,이오파미돌,Iopamidol
D000525,록소프로펜나트륨수화물,Loxoprofen Sodium Hydrate
D000246,실데나필시트르산염,Sildenafil Citrate
D000181,타다라필,Tadalafil
D000427,멜록시캄,Meloxicam
D000028,아데포비어디피복실,Adefovir Dipivoxil
D000665,엠트리시타빈,Emtricitabine
D000350,에제티미브,Ezetimibe
D000395,다루나비르에탄올레이트,Darunavir Ethanolate
D000698,라사길린메실산염,Rasagiline Mesylate
D000773,트라마돌염산염,Tramadol Hydrochloride
D000342,실로도신,Silodosin
D000571,이바브라딘염산염,Ivabradine Hydrochloride
D000443,보리코나졸,Voriconazole
D000527,리바록사반(미분화),Rivaroxaban Micronized
D000700,페티딘염산염,Pethidine Hydrochloride
D000487,톨밥탄분무건조분말,Tolvaptan Spray Dry Powder
D000297,돔페리돈,Domperidone
D000143,아나그렐리드염산염,Anagrelide Hydrochloride
D000385,티카그렐러,Ticagrelor
D000035,에스시탈로프람옥살산염,Escitalopram Oxalate
D000348,에바스틴,Ebastine
D000517,플루코나졸,Fluconazole
D000793,레보플록사신,Levofloxacin
D000425,메토클로프라미드염산염수화물,Metoclopramide Hydrochloride Hydrate
D000430,목시플록사신염산염,Moxifloxacin Hydrochloride
D000719,미졸라스틴,Mizolastine
D000608,닐로티닙염산염일수화물,Nilotinib Hydrochrloride Monohydrate
D000226,메퀴타진,Mequitazine
D000213,피모짓,Pimozide
D000809,아미트리프틸린염산염,Amitriptyline Hydrochloride
D000835,플루페남산,Flufenamic Acid
D000122,메로페넴수화물,Meropenem Hydrate
D000535,발프로산나트륨,Sodium Valproate
D000583,쿠에티아핀푸마르산염,Quetiapine Fumarate
D000422,리스페리돈,Risperidone
D000329,베라파밀염산염,Verapamil Hydrochloride
D000818,딜티아젬아시딕폴리머콤플렉스,Diltiazem Acidic Polymer Complex
D001071,소포스부비르,Sofosbuvir
D000595,페니토인,Phenytoin
D000632,모다피닐,Modafinil
D000405,포사코나졸(미분화),Posaconazole Micronized
D000476,카르바마제핀,Carbamazepine
D000103,프리미돈,Primidone
D000282,페노바르비탈,Phenobarbital
D000739,아세클로페낙,Aceclofenac
D000138,세레콕시브,Celecoxib
D000696,덱스케토프로펜트로메타몰,Dexketoprofen Trometamol
D000506,디클로페낙나트륨,Diclofenac Sodium
D000463,미분화에토돌락,Etodolac Micronized
D000575,인도메타신,Indometacin
D000230,메페남산,Mefenamic Acid
D000321,모니플루메이트,Morniflumate
D000083,니메술리드,Nimesulide
D000206,펠루비프로펜,Pelubiprofen
D000211,프로글루메타신말레산염,Proglumetacin Dimaleate
D000816,피라지노부타존,Pyrazinobutazone
D000280,탈니플루메이트,Talniflumate
D000766,잘토프로펜,Zaltoprofen
D000147,아세트아미노펜,Acetaminophen
D000101,프로파세타몰염산염,Propacetamol Hydrochloride
D000745,알모트립탄말산염,Almotriptan Malate
D000407,프로바트립탄숙신산염일수화물,Frovatriptan Succinate Monohydrate
D000287,나라트립탄염산염,Naratriptan Hydrochloride
D000650,수마트립탄숙신산염,Sumatriptan Succinate
D000171,졸미트립탄,Zolmitriptan
D000331,부토르파놀타르타르산염,Butorphanol Tartrate
D000784,날부핀염산염,Nalbuphine Hydrochloride
D000794,펜타조신,Pentazocine
D000543,비소프롤롤푸마르산염,Bisoprolol Fumarate
D000681,테라조신염산염수화물,Terazosin Hydrochloride Hydrate
D000601,나도롤,Nadolol
D000717,메토프롤롤타르타르산염,Metoprolol Tartrate
D000551,아젤라스틴염산염,Azelastine Hydrochloride
D000156,에피나스틴염산염,Epinastine Hydrochloride
D000160,올로파타딘염산염,Olopatadine Hydrochloride
D000511,페미로라스트칼륨,Pemirolast Potassium
D000785,네비보롤염산염,Nebivolol Hydrochloride
D000370,카르베딜롤,Carvedilol
D000625,히드랄라진염산염,Hydralazine Hydrochloride
D000433,미녹시딜,Minoxidil
D000152,암로디핀말레산염,Amlodipine Maleate
D000404,펠로디핀,Felodipine
D000497,니카르디핀염산염,Nicardipine Hydrochloride
D000399,라시디핀,Lacidipine
D000315,마니디핀염산염,Manidipine Hydrochloride
D000616,레르카니디핀염산염,Lercanidipine Hydrochloride
D000245,실니디핀,Cilnidipine
D000435,베니디핀염산염,Benidipine Hydrochloride
D000414,히드로클로로티아지드,Hydrochlorothiazide
D000377,클로르탈리돈,Chlorthalidone
D000088,독사조신메실산염,Doxazosin Mesylate
D000454,아테놀롤,Atenolol
D000436,베탁솔롤염산염,Betaxolol Hydrochloride
D000176,캅토프릴,Captopril
D000554,에날라프릴말레산염,Enalapril Maleate
D000528,리시노프릴,Lisinopril
D000192,페린도프릴아르기닌,Perindopril Arginine
D000398,라미프릴,Ramipril
D000652,실라자프릴수화물,Cilazapril Hydrate
D000456,알라세프릴,Alacepril
D000220,로사르탄칼륨,Losartan Potassium
D000046,이르베사르탄,Irbesartan
D000273,칸데사르탄실렉세틸,Candesartan Cilexetil
D000485,텔미사르탄,Telmisartan
D000624,피마사르탄칼륨삼수화물,Fimasartan Potassium Trihydrate
D000618,펜토바르비탈나트륨,Pentobarbital Sodium
D000106,플루라제팜염산염,Flurazepam Hydrochloride
D000411,플루니트라제팜,Flunitrazepam
D000592,트리아졸람,Triazolam
D000007,미다졸람,Midazolam
D000271,졸피뎀타르타르산염,Zolpidem Tartrate
D000468,오르페나드린염산염,Orphenadrine Hydrochloride
D000097,펜타닐시트르산염,Fentanyl Citrate
D000356,옥시코돈염산염,Oxycodone Hydrochloride
D000197,니페디핀,Nifedipine
D000496,니모디핀,Nimodipine
D000752,에포니디핀염산염,Efonidipine Hydrochloride
D000584,클로르프로마진염산염,Chlorpromazine Hydrochloride
D000792,레보메프로마진말레산염,Levomepromazine Maleate
D000781,페르페나진,Perphenazine
D000113,할로페리돌,Haloperidol
D000276,클로르프로칙센,Chlorprothixene
D000357,올란자핀,Olanzapine
D000728,설피리드,Sulpiride
D000491,팔리페리돈팔미테이트,Paliperidone Palmitate
D000090,디아제팜,Diazepam
D000056,클로르디아제폭시드염산염,Chlordiazepoxide Hydrochloride
D000133,브로마제팜,Bromazepam
D000378,클로바잠,Clobazam
D000660,알프라졸람,Alprazolam
D000352,에티졸람,Etizolam
D000540,부스피론염산염,Buspirone Hydrochloride
D000362,이미프라민염산염,Imipramine Hydrochloride
D000277,클로미프라민염산염,Clomipramine Hydrochloride
D000501,독세핀염산염,Doxepin Hydrochloride
D000516,플루옥세틴염산염,Fluoxetine Hydrochloride
D000438,벤조나테이트,Benzonatate
D000186,트라닐라스트,Tranilast
D000731,스피로노락톤,Spironolactone
D000799,프로프라놀롤염산염,Propranolol Hydrochloride
D000419,로바스타틴,Lovastatin
D000305,프라바스타틴나트륨,Pravastatin Sodium
D000306,플루바스타틴나트륨,Fluvastatin Sodium
D000219,로수바스타틴칼슘,Rosuvastatin Calcium
D000518,피타바스타틴칼슘,Pitavastatin Calcium
D000070,페노테롤브롬화수소산염,Fenoterol Hydrobromide
D000514,프로카테롤염산염수화물,Procaterol Hydrochloride Hydrate
D000137,살부타몰황산염,Salbutamol Sulfate
D000185,툴로부테롤,Tulobuterol
D000155,에페드린염산염,Ephedrine Hydrochloride
D000448,슈도에페드린염산염,Pseudoephedrine Hydrochloride
D000708,로라타딘,Loratadine
D000236,베포타스틴칼슘이수화물,Bepotastine Calcium Dihydrate
D000647,세티리진염산염,Cetirizine Hydrochloride
D000026,시프로헵타딘염산염수화물,Cyproheptadine Hydrochloride Hydrate
D000374,클레마스틴푸마르산염,Clemastine Fumarate
D000355,옥시라세탐,Oxiracetam
D000307,피라세탐,Piracetam
D000552,아토목세틴염산염,Atomoxetine Hydrochloride
D000229,메틸페니데이트염산염,Methylphenidate Hydrochloride
D000326,밀나시프란염산염,Milnacipran Hydrochloride
D000638,벤라팍신염산염,Venlafaxine Hydrochloride
D000336,설트랄린염산염,Sertraline Hydrochloride
D000353,파록세틴염산염수화물,Paroxetine Hydrochloride Hydrate
D000620,프라미펙솔염산염일수화물,Pramipexole Dihydrochloride Monohydrate
D000627,로피니롤염산염,Ropinirole Hydrochloride
D000302,레보도파,Levodopa
D000440,벤즈트로핀메실산염,Benztropine Mesylate
D000740,아시피목스,Acipimox
D000012,베자피브레이트,Bezafibrate
D000076,겜피브로질,Gemfibrozil
D000686,페노피브레이트,Fenofibrate
D000851,톨페남산,Tolfenamic Acid
D000747,에르고타민타르타르산염,Ergotamine Tartrate
D000855,지파미드,Xipamide
D000856,인다파미드,Indapamide
D000858,메틸도파,Methyldopa
D000866,S-아테놀롤,S-Atenolol
D000867,라베탈롤염산염,Labetalol Hydrochloride
D000935,레보클로페라스틴펜디조산염,Levocloperastine Fendizoate
D000875,알펜타닐염산염,Alfentanil Hydrochloride
D000876,레미펜타닐염산염,Remifentanil Hydrochloride
D000877,수펜타닐시트르산염,Sufentanil Citrate
D000879,히드로모르폰염산염,Hydromorphone Hydrochloride
D000881,트리헥시페니딜염산염,Trihexyphenidyl Hydrochloride
D000882,비페리덴염산염,Biperiden Hydrochloride
D000218,로라제팜,Lorazepam
D000888,에틸로플라제페이트,Ethyl Loflazepate
D000890,둘록세틴염산염,Duloxetine Hydrochloride
D000930,레보드로프로피진,Levodropropizine
D000891,도네페질염산염,Donepezil Hydrochloride
D000892,리바스티그민타르타르산염,Rivastigmine Tartarate
D000893,클로르페니라민말레산염,Chlorpheniramine Maleate
D000895,디펜히드라민염산염,Diphenhydramine Hydrochloride
D000897,피프린히드리네이트,Piprinhydrinate
D000901,펙소페나딘염산염,Fexofenadine Hydrochloride
D000902,케토티펜푸마르산염,Ketotifen Fumarate
D000903,레보세티리진염산염,Levocetirizine Hydrochloride
D000904,미졸라스틴,Mizolastine
D000905,몬테루카스트나트륨,Montelukast Sodium
D000906,아세브로필린,Acebrophylline
D000909,독소필린,Doxofylline
D000912,테오필린폴리메릭쉘드콤플렉스,Theophylline Polymeric Shelled Complex
D000913,디에틸아미노에틸테오필린염산염,Diethylaminoethyltheophylline Hydrochloride
D000914,밤부테롤염산염,Bambuterol Hydrochloride
D000915,아세틸시스테인,Acetylcysteine
D000916,암브록솔염산염,Ambroxol Hydrochloride
D000917,브롬헥신염산염,Bromhexine Hydrochloride
D000918,에르도스테인,Erdosteine
D000922,넬테넥신일수화물,Neltenexine Monohydrate
D000923,소브레롤,Sobrerol
D000925,벤프로페린인산염,Benproperine Phosphate
D000926,부타미레이트시트르산염,Butamirate Citrate
D000968,"메틸-N,S-디아세틸시스테인","Methyl-N,S-Diacetylcysteine"
D000972,올메사르탄메독소밀,Olmesartan Medoxomil
D000450,아로티놀롤염산염,Arotinolol Hydrochloride
D000011,발사르탄,Valsartan
D000982,나프록센,Naproxen
D000983,피록시캄,Piroxicam
D001004,폴마콕시브,Polmacoxib
D001012,에토리콕시브,Etoricoxib
D001016,타펜타돌염산염,Tapentadol Hydrochloride
D001010,데스벤라팍신숙신산염일수화물,Desvenlafaxine Succinate Monohydrate
D000690,글리벤클라미드,Glibenclamide
D000600,글리클라지드,Gliclazide
D000392,글리메피리드,Glimepiride
D000079,글리피지드,Glipizide
D000130,미티글리니드칼슘수화물,Mitiglinide Calcium Hydrate
D000418,레파글리니드,Repaglinide
D000149,아카보즈,Acarbose
D001333,미그리톨,Miglitol
D000442,보글리보스,Voglibose
D000109,피오글리타존염산염,Pioglitazone Hydrochloride
D000692,다파글리플로진프로판디올수화물,Dapagliflozin Propanediol Hydrate
D000157,엠파글리플로진,Empagliflozin
D000744,알로글립틴벤조산염,Alogliptin Benzoate
D001066,아나글립틴,Anagliptin
D001008,에보글립틴타르타르산염,Evogliptin Tartrate
D000670,제미글립틴타르타르산염1.5수화물,Gemigliptin Tartrate Sesquihydrate
D000117,리나글립틴,Linagliptin
D000335,삭사글립틴수화물,Saxagliptin Hydrate
D000244,시타글립틴인산염수화물,Sitagliptin Phosphate Hydrate
D000680,테네리글립틴브롬화수소산염수화물,Teneligliptin Hydrobromide Hydrate
D000445,빌다글립틴,Vildagliptin
D001007,둘라글루타이드,Dulaglutide
D001351,인슐린아스파트,Insulin Aspart
D001330,인슐린데글루덱,Insulin Degludec
D001349,인슐린글라진,Insulin Glargine
D001544,에스조피클론,Eszopiclone
D000140,시메티딘,Cimetidine
D001615,파모티딘,Famotidine
D001488,라푸티딘,Lafutidine
D001489,니자티딘,Nizatidine
D001616,라니티딘염산염,Ranitidine Hydrochloride
D001490,록사티딘아세테이트염산염,Roxatidine Acetate Hydrochloride
D000168,일라프라졸,Ilaprazole
D000699,란소프라졸,Lansoprazole
D000695,덱스란소프라졸,Dexlansoprazole
D000469,오메프라졸,Omeprazole
D000153,에스오메프라졸마그네슘삼수화물,Esomeprazole Magnesium Trihydrate
D000386,판토프라졸나트륨세스키히드레이트,Pantoprazole Sodium Sesquihydrate
D000204,라베프라졸나트륨,Rabeprazole Sodium
D000301,레바프라잔염산염,Revaprazan Hydrochloride
D001367,테고프라잔,Tegoprazan
D001410,보노프라잔푸마르산염,Vonoprazan Fumarate
D001648,펙수프라잔염산염,Fexuprazan Hydrochloride
D001743,피네레논,Finerenone
D001745,이나보글리플로진,Enavogliflozin
D001746,라스미디탄헤미숙신산염,Lasmiditan Hemisuccinate
D001765,터제파타이드,Tirzepatide
D001824,자스타프라잔시트르산염,Zastaprazan Citrate
D000145,아미노필린,Aminophylline
D000159,아미로라이드,Amiloride
D000550,아미카신,Amikacin
D000254,알벤다졸,Albendazole
D000345,알프로스타딜,Alprostadil
D000249,아세타졸아미드,Acetazolamide
D000658,알렌드론산,Alendronate
D000033,아캄프로세이트,Acamprosate
D000741,아자시티딘,Azacitidine
D000597,3'-데옥시-3'-플루오로티미딘(18F),3'-Deoxy-3'-Fluorothymidine(18F)
D000736,아니둘라펀진,Anidulafungin
D000019,아시트레틴,Acitretin
D000458,암브리센탄,Ambrisentan
D000738,아바타셉트,Abatacept
D000654,아바카비르,Abacavir
D000643,삼산화비소,Arsenic trioxide
D000687,5-아미노레불린산,5-Aminolevulinic acid
D000258,엑시티닙,Axitinib
D000346,애플리버셉트,Aflibercept
D000253,알렘투주맙,Alemtuzumab
D000146,아비라테론,Abiraterone
D000100,프로게스테론,Progesterone
D000132,베타메타손,Betamethasone
D000340,시스플라틴,Cisplatin
D000053,카모스타트,Camostat
D000148,아조세미드,Azosemide
D000371,카르보플라틴,Carboplatin
D000563,벤세라지드,Benserazide
D000581,칼시트리올,Calcitriol
D000054,클라드리빈,Cladribine
D000542,블레오마이신,Bleomycin
D000174,카르비마졸,Carbimazole
D000441,벨로테칸,Belotecan
D000533,바실릭시맙,Basiliximab
D000330,보르테조밉,Bortezomib
D000030,아미설프리드,Amisulpride
D000537,베바시주맙,Bevacizumab
D000337,세트로렐릭스,Cetrorelix
D000637,베클로메타손,Beclomethasone
D000372,카바지탁셀,Cabazitaxel
D000009,바제독시펜,Bazedoxifene
D000539,벨리무맙,Belimumab
D000640,브롬페낙,Bromfenac
D000339,시나칼세트,Cinacalcet
D000437,벤다무스틴,Bendamustine
D000538,벤지다민,Benzydamine
D000052,카르테올롤,Carteolol
D000234,베넥세이트,Benexate
D000722,부시라민,Bucillamine
D000250,아자티오프린,Azathioprine
D000534,발로플록사신,Balofloxacin
D000235,베라프로스트,Beraprost
D000439,벤즈브로마론,Benzbromarone
D000768,카페시타빈,Capecitabine
D000013,베타네콜,Bethanechol
D000724,비칼루타미드,Bicalutamide
D000451,아리피프라졸,Aripiprazole
D000237,부설판,Busulfan
D000015,보센탄,Bosentan
D000020,블로난세린,Blonanserin
D000247,실로스타졸,Cilostazol
D000376,클로람부실,Chlorambucil
D000199,덱사메타손,Dexamethasone
D000732,시클로포스파미드,Cyclophosphamide
D000394,다나졸,Danazol
D000582,콜키신,Colchicine
D000449,시타라빈,Cytarabine
D000788,데프라자코르트,Deflazacort
D000293,닥티노마이신,Dactinomycin
D000243,시클로페닐,Cyclofenil
D000478,클로미펜,Clomifene
D000691,다카르바진,Dacarbazine
D000198,다우노루비신,Daunorubicin
D000292,다사티닙,Dasatinib
D000664,에스트로겐,Estrogens
D000733,시프로테론,Cyproterone
D000609,데시타빈,Decitabine
D000396,다비가트란에텍실레이트,Dabigatran etexilate
D000057,클로파라빈,Clofarabine
D000674,크리조티닙,Crizotinib
D000055,클로니딘,Clonidine
D000693,데가렐릭스,Degarelix
D000375,클로나제팜,Clonazepam
D000085,덱스메데토미딘,Dexmedetomidine
D000503,독시사이클린,Doxycycline
D000502,독소루비신,Doxorubicin
D000154,에토포시드,Etoposide
D000349,에스몰롤,Esmolol
D000504,독시플루리딘,Doxifluridine
D000555,에스트로피페이트,Estropipate
D000748,에스트라디올,Estradiol
D000464,에피루비신,Epirubicin
D000462,에스트라머스틴,Estramustine
D000559,에프로사르탄,Eprosartan
D000610,두타스테리드,Dutasteride
D000465,엘로티닙,Erlotinib
D000461,에베로리무스,Everolimus
D000611,디드로게스테론,Dydrogesterone
D000295,도세탁셀,Docetaxel
D000257,에토숙시미드,Ethosuximide
D000034,에리불린,Eribulin
D000201,드로네다론,Dronedarone
D000107,피나스테리드,Finasteride
D000750,에스트리올,Estriol
D000038,엑스메스탄,Exemestane
D000512,페소테로딘,Fesoterodine
D000402,페북소스타트,Febuxostat
D000212,플레카이니드아세테이트,Flecainide Acetate
D000519,핀골리모드,Fingolimod
D000798,푸로세미드,Furosemide
D000075,겐타마이신,Gentamicin
D000623,플루오로우라실,Fluorouracil
D000284,가벡세이트,Gabexate
D000417,히드록시클로로퀸,Hydroxychloroquine
D000410,플루나리진,Flunarizine
D000129,플루드로코르티손,Fludrocortisone
D000522,히드로코르티손,Hydrocortisone
D000170,제미플록사신,Gemifloxacin
D000073,간시클로버,Ganciclovir
D000048,난포자극호르몬,Follicle stimulating hormone
D000366,젬시타빈,Gemcitabine
D000074,게피티니브,Gefitinib
D000099,풀베스트란트,Fulvestrant
D000387,가도부트롤,Gadobutrol
D000725,산화가돌리늄,Gadolinium Oxide
D000105,플루다라빈,Fludarabine
D000412,플루오로프로필씨아이티(18F),Fluoropropyl-CIT(18F)
D000209,포스페니토인,Fosphenytoin
D000705,플루르비프로펜,Flurbiprofen
D000077,골리무맙,Golimumab
D000286,글라티라머,Glatiramer
D000688,가니렐릭스,Ganirelix
D000114,히드록시진,Hydroxyzine
D000416,히드록시우레아,Hydroxyurea
D000577,인슐린,Insulin
D000344,아이다루비신,Idarubicin
D000668,이반드론산,Ibandronic acid
D000162,이매티닙,Imatinib
D000578,일로프로스트,Iloprost
D000574,이포스파마이드,Ifosfamide
D000047,이미다페나신,Imidafenacin
D000166,인다카테롤,Indacaterol
D000572,이소소르비드,Isosorbide
D000116,류프로렐린,Leuprorelin
D000758,이소트레티노인,Isotretinoin
D000161,이리노테칸,Irinotecan
D000096,레트로졸,Letrozole
D000300,라모트리진,Lamotrigine
D000510,레비티라세탐,Levetiracetam
D000400,란레오티드,Lanreotide
D000562,엘아스파라기나제,Asparaginase
D000743,알데스류킨,"Interleukin-2, Aldesleukin"
D000791,라파티닙,Lapatinib
D000217,레플루노미드,Leflunomide
D000163,이소플루란,Isoflurane
D000167,인터페론베타-1a,Interferon Beta-1a
D000509,레날리도마이드,Lenalidomide
D000205,라코사미드,Lacosamide
D000050,카나마이신,Kanamycin
D000059,탄산리튬,Lithium Carbonate
D000312,리마프로스트,Limaprost
D000523,로메플록사신,Lomefloxacin
D000617,레보노르게스트렐,Levonorgestrel
D000420,로베글리타존,Lobeglitazone
D000135,빈크리스틴,Vincristine
D000473,조니사미드,Zonisamide
D000642,빈블라스틴,Vinblastine
D000369,죠테핀,Zotepine
D000723,비가바트린,Vigabatrin
D000567,와파린,Warfarin
D000173,지프라시돈,Ziprasidone
D000221,로테프레드놀 에타보네이트,Loteprednol Etabonate
D000663,약독 황열 생바이러스 17D(AB237주),"Live, attenuated, Yellow Fever virus 17D"
D000368,졸레드론산,Zoledronic acid
D000683,트리암시놀론,Triamcinolone
D000486,토브라마이신,Tobramycin
D000488,트레티노인,Tretinoin
D000061,테를리프레신,Terlipressin
D000593,트립토렐린,Triptorelin
D000063,테스토스테론,Testosterone
D000772,토포테칸,Topotecan
D000382,트라보프로스트,Travoprost
D000489,티오콜키코시드,Thiocolchicoside
D000065,토피라메이트,Topiramate
D000588,토르세미드,Torsemide
D000068,티볼론,Tibolone
D000131,발간시클로비르,Valganciclovir
D000589,토수플록사신,Tosufloxacine
D000591,트라스투주맙,Trastuzumab
D000381,테모졸로미드,Temozolomide
D000482,탈리도마이드,Thalidomide
D000682,트라벡테딘,Trabectedin
D000775,트라페르민,Trafermin
D000587,템시롤리무스,Temsirolimus
D000776,트레프로스티닐,Treprostinil
D000361,울리프리스탈,Ulipristal
D000771,토실리주맙,Tocilizumab
D000182,타이제사이클린,Tigecycline
D000241,스트렙토마이신,Streptomycin
D000483,테가푸르,Tegafur
D000022,소타롤,Sotalol
D000023,수니티닙말산염,Sunitinib Malate
D000547,소라페닙,Sorafenib
D000481,타플루프로스트,Tafluprost
D000139,셀레길린염산염,Selegiline Hydrochloride
D000223,리바비린,Ribavirin
D000224,리세드론산,Risedronic Acid
D000313,리툭시맙,Rituximab
D000710,리루졸,Riluzole
D000401,레고라페닙,Regorafenib
D000408,프로필티오우라실,Propylthiouracil
D000406,프레드니솔론,Prednisolone
D000621,프란루카스트,Pranlukast
D000508,라록시펜,Raloxifene
D000093,라니비주맙,Ranibizumab
D000094,랄테그라빌,Raltegravir
D000104,플레릭사포르,Plerixafor
D000471,요오드화칼륨,Potassium Iodide
D000299,라도티닙,Radotinib
D000102,프루칼로프라이드,Prucalopride
D000797,폴라프레징크,Polaprezinc
D000515,프로파페논,Propafenone
D000667,옥시토신,Oxytocin
D000566,옥시메톨론,Oxymetholone
D000121,메드록시프로게스테론,Medroxyprogesterone
D000685,파미드론산,Pamidronate
D000189,파클리탁셀,Paclitaxel
D000263,옥스카르바제핀,Oxcarbazepine
D000403,펜토라민,Phentolamine
D000043,옥살리플라틴,Oxaliplatin
D000715,메게스트롤,Megestrol
D000490,파조파닙,Pazopanib
D000596,페라미비르,Peramivir
D000285,과플루오르부탄,Perfluoro-n-butane
D000303,페메트렉시드,Pemetrexed
D000190,퍼투주맙,Pertuzumab
D000466,노르트립틸린,Nortriptyline
D000126,메티마졸,Methimazole
D000605,노르플록사신,Norfloxacin
D000666,오플록사신,Ofloxacin
D000005,메틸프레드니솔론,Methylprednisolone
D000123,메르캅토푸린,Mercaptopurine
D000317,메노트로핀,Menotropins
D000082,노르에피네프린,Norepinephrine
D000320,멜팔란,Melphalan
D000787,니트로푸루시드,Nitroprusside
D000228,메틸에르고메트린,Methylergometrine
D000786,노르에티스테론,Norethisterone
D000127,미노사이클린,Minocycline
D000531,미토마이신씨,Mitomycin C
D000532,미톡산트론,Mitoxantrone
D000634,미조리빈,Mizoribine
D000233,미소프로스톨,Misoprostol
D000499,니코틴,Nicotine
D000325,미코페놀레이트,Mycophenolate
D000602,나파모스타트,Nafamostat
D000603,네오마이신,Neomycin
D000289,네포팜염산염,Nefopam Hydrochloride
D000432,미글루스타트,Miglustat
D000008,미라베그론,Mirabegron
D000119,마시텐탄,Macitentan
D000290,니코틴산,Nicotinic acid
D000783,날리딕스산,Nalidixic Acid
D000343,아만타딘,Amantadine
D000953,미토테인,Mitotane
D000959,프레가발린,Pregabalin
D000259,아미오다론,Amiodarone
D000613,디에노게스트,Dienogest
D000064,테트라사이클린,Tetracycline
D000240,사르포그렐레이트,Sarpogrelate
D000180,클로자핀,Clozapine
D000568,요오드화나트륨(131I),Sodium Iodide(131I)
D000524,로플루밀라스트,Roflumilast
D000845,암리논,Amrinone
D000985,인터페론베타-1b,Interferon beta-1b
D000659,알테수네이트,Artesunate
D000051,카르비도파,Carbidopa
D000134,브롬페니라민,Brompheniramine
D000749,에티닐에스트라디올,Ethinyl estradiol
D000428,모엑시프릴,Moexipril
D000770,클로람페니콜,Chloramphenicol
D000018,부프로피온염산염,Bupropion Hydrochloride
D000569,유데나필,Udenafil
D000128,미로데나필,Mirodenafil
D001017,아파티닙,Afatinib
D001003,토파시티닙,Tofacitinib
D001015,유메클리디늄,Umeclidinium
D001019,데노수맙,Denosumab
D001013,플로르베타벤(18F),Florbetaben(18F)
D001060,에독사반,Edoxaban
D000177,코데인,Codeine
D000480,클린다마이신,Clindamycin
D000631,메살라진,Mesalazine
D000633,모메타손,Mometasone
D000447,세인트존스워트,St. Johns Wort
D001059,자보플록사신,Zabofloxacin
D001062,페람파넬,Perampanel
D001009,플루트메타몰(18F),Flutemetamol (18F)
D001005,올로다테롤,Olodaterol
D001064,세쿠키누맙,Secukinumab
D001061,렌바티닙,Lenvatinib
D001072,레디파스비르,Ledipasvir
D001067,라무시루맙,Ramucirumab
D001068,프로포폴,Propofol
D000092,디히드로코데인,Dihydrocodeine
D000878,히드로코돈,Hydrocodone
D000573,이소프로필안티피린,Isopropylantipyrine
D001318,데스플루란,Desflurane
D000388,가바펜틴,Gabapentin
D001279,루피나미드,Rufinamide
D001316,레미펜타닐,Remifentanil
D001317,수펜타닐,Sufentanil
D000557,에토미데이트,Etomidate
D001319,케타민,Ketamine
D001320,티오펜탈,Thiopental
D000207,포수클로랄,Chloral Hydrate
D000265,이소니아지드,Isoniazid
D000549,시클로세린,Cycloserine
D001324,에탐부톨,Ethambutol
D000546,설파메톡사졸,Sulfamethoxazole
D000802,피라진아미드,Pyrazinamide
D000314,리팜피신,Rifampicin
D000615,라미부딘,Lamivudine
D001321,카스포펀진,Caspofungin
D000318,메만틴,Memantine
D001325,엔테카비르,Entecavir
D001322,미카펑긴,Micafungin
D000689,갈란타민,Galantamine
D001273,팜프리딘,Fampridine
D001323,델라마니드,Delamanid
D000553,알로푸리놀,Allopurinol
D001342,도파민,Dopamine
D000702,펜톡시필린,Pentoxifylline
D000393,날록손,Naloxone
D000838,포르모테롤,Formoterol
D001345,스트렙토키나제/스트렙토도르나제,Streptokinase/Streptodornase
D001332,도베실산칼슘,Calcium dobesilate
D001383,디아세레인,Diacerein
D001338,프로티렐린,Protirelin
D001331,미도드린,Midodrine
D001261,알테플라제,Alteplase
D001344,스트렙토키나제,Streptokinase
D001339,이부딜라스트,Ibudilast
D001379,데페록사민,Deferoxamine
D001326,아토바쿠온,Atovaquone
D001006,티오트로피움,Tiotropium
D001334,라스부리카제,Rasburicase
D001341,밀리논,Milrinone
D000868,에스암로디핀,S-Amlodipine
D001380,덱스라족산,Dexrazoxane
D001343,아가트로반,Argatroban
D001381,아미노벤조산칼륨,Aminobenzoate Potassium
D001283,아세트산아연,Zinc acetate
D001336,세벨라머,Sevelamer
D001348,피르페니돈,Pirfenidone
D001335,알글루코시다제 알파,Alglucosidase α
D001284,카베르골린,Cabergoline
D001378,데페라시록스,Deferasirox
D000673,코비시스타트,Cobicistat
D001347,테넥테플라제,Tenecteplase
D000565,염화칼륨,Potassium Chloride
D001393,티클로피딘,Ticlopidine
D000151,알파칼시돌,Alfacalcidol
D001388,레노그라스팀,Lenograstim
D000032,아이오다이즈드오일,Iodised Oil
D001402,아다팔렌,Adapalene
D000188,파리칼시톨,Paricalcitol
D000165,이오베르솔,Ioversol
D001369,디옥타헤드랄스멕타이트,Dioctahedral smectite
D001385,황산바륨,Barium sulfate
D001395,염화망간,Manganese Chloride
D001282,엘트롬보팍,Eltrombopag
D001387,로미플로스팀,Romiplostim
D001389,페그필그라스팀,Pegfilgrastim
D001295,브렌툭시맙 베도틴,Brentuximab vedotin
D001392,트리페그필그라스팀,Tripegfilgrastim
D001391,페그테오그라스팀,Pegteograstim
D001386,에프모록토코그알파,Efmoroctocog alfa
D001396,뉴시너센,Nusinersen
D001401,플로라프로놀(18F),Florapronol(18F)
D001400,수크로제이철옥시수산화물,Sucroferric oxyhydroxide
D001397,구셀쿠맙,Guselkumab
D001399,더발루맙,Durvalumab
D001364,레테르모비르,Letermovir
D001409,벤라리주맙,Benralizumab
D001404,갈카네주맙,Galcanezumab
D001405,오피카폰,Opicapone
D001408,리산키주맙,Risankizumab
D001407,오미데네팍이소프로필,Omidenepag isopropyl
D001403,브리바라세탐,Brivaracetam
D000175,칼시페디올,Calcifediol
D001439,황산마그네슘,Magnesium Sulfate
D000656,아트로핀,Atropine
D001262,디멘히드리네이트,Dimenhydrinate
D001300,비사코딜,Bisacodyl
D001448,이노시플렉스,Inosiplex
D000479,클로베타솔 프로피오네이트,Clobetasol Propionate
D000227,메토카르바몰,Methocarbamol
D001309,데속시메타손,Desoximetasone
D001445,답손,Dapsone
D001422,바소프레신,Vasopressin
D001434,바클로펜,Baclofen
D001429,메피바카인,Mepivacaine
D000044,옥시부티닌,Oxybutynin
D001444,클로파지민,Clofazimine
D001452,플루벤다졸,Flubendazole
D001310,프레드니카르베이트,Prednicarbate
D001437,톨페리손,Tolperisone
D001354,트로스피움,Trospium
D001443,프로티온아미드,Prothionamide
D000380,테르비나핀,Terbinafine
D001355,프로피베린,Propiverine
D001438,토피소팜,Tofisopam
D000242,시클로벤자프린,Cyclobenzaprine
D000172,지도부딘,Zidovudine
D001430,로피바카인,Ropivacaine
D000470,온단세트론,Ondansetron
D001308,데소니드,Desonide
D001450,자나미비어,Zanamivir
D001432,아트라쿠륨,Atracurium
D000078,그라니세트론,Granisetron
D001293,클로베타손 부티레이트,Clobetasone butyrate
D001081,리파부틴,Rifabutin
D001449,발라시클로비르,Valaciclovir
D001431,프로카인,Procaine
D001366,팔로노세트론,Palonosetron
D000187,티자니딘,Tizanidine
D001451,나탈리주맙,Natalizumab
D001455,클로스트리디움보톨리눔독소A형,Clostridium Botulinum Toxin Type A
D000711,리오티로닌나트륨,Liothyronine Sodium
D001413,이노투주맙오조가마이신,Inotuzumab ozogamicin
D001414,아베마시클립,Abemaciclib
D001412,로모소주맙,Romosozumab
D001416,티피라실,Tipiracil
D001415,올라파립,Olaparib
D001418,리보시클립,Ribociclib
D001421,발록사비르 마르복실,Baloxavir marboxil
D001420,테노포비르알라페나미드,Tenofovir alafenamide
D000709,리도카인,Lidocaine
D000995,플루오로메톨론,Fluorometholone
D001457,필로카르핀,Pilocarpine
D001458,호마트로핀,Homatropine
D000657,아프라클로니딘,Apraclonidine
D000684,티몰롤,Timolol
D001465,도르졸라미드,Dorzolamide
D000191,페닐레프린,Phenylephrine
D000727,설파살라진,Sulfasalazine
D001467,단트롤렌,Dantrolene
D001471,아보카도·대두불검화물,"Avocado and Soyabean oil, unsaponifiables"
D001275,라타노프로스트,Latanoprost
D001456,펜타미딘,Pentamidine
D001460,브린졸라미드,Brinzolamide
D001047,월견초종자유(달맞이꽃종자유),Evening Primrose Oil
D001082,시롤리무스,Sirolimus
D001462,베르테포르핀,Verteporfin
D001469,에데트산칼슘나트륨,Edetate Calcium Disodium(Calcium EDTA)
D001476,솔리페나신,Solifenacin
D001466,시클레소니드,Ciclesonide
D001274,비마토프로스트,Bimatoprost
D001472,가도테리돌,Gadoteridol
D001475,리페그필그라스팀,Lipegfilgrastim
D001463,오말리주맙,Omalizumab
D001464,페그인터페론베타-1a,Peginterferon beta-1a
D001468,트리엔틴,Trientine
D001503,글리세린,Glycerin
D001480,플루오시노니드,Fluocinonide
D001483,크로타미톤,Crotamiton
D001477,설파디아진은,Silver Sulfadiazine
D001496,로페라미드,Loperamide
D001058,니푸록사지드,Nifuroxazide
D001505,피나베륨,Pinaverium
D001482,디플로라손디아세테이트,Diflorasone diacetate
D001486,디플루프레드네이트,Difluprednate
D001506,메베베린,Mebeverine
D001733,포비돈요오드,Povidone-iodine
D001494,라모세트론,Ramosetron
D001479,디플루코르톨론발레레이트,Diflucortolone valerate
D001731,요오드,Iodine
D001507,발살라지드,Balsalazide
D001500,피코설페이트나트륨,Sodium Picosulfate
D001509,클레부딘,Clevudine
D001492,아프레피탄트,Aprepitant
D001487,이르소글라딘,Irsogladine
D001727,아미도트리조산,amidotrizoate
D001617,D-소르비톨,D-Sorbitol
D001294,리라글루티드,Liraglutide
D001493,포스아프레피탄트,Fosaprepitant
D001694,레이저티닙,Lazertinib
D001649,라타노프로스틴부노드,Latanoprostene bunod
D001737,트리파로텐,Trifarotene
D001704,알펠리십,Alpelisib
D001741,프레마네주맙,Fremanezumab
D001740,플루시클로빈(18F)액,Fluciclovine(18F)
D001699,네라티닙,Neratinib
D001644,아브로시티닙,Abrocitinib
D001724,발베나진,Valbenazine
D001736,베리시구앗,Vericiguat
D000694,데소게스트렐,Desogestrel
D001748,카보테그라비르,Cabotegravir
D001755,필고티닙,Filgotinib
D001700,페드라티닙,Fedratinib
D001757,루스파터셉트,Luspatercept
D001759,세마글루티드,Semaglutide
D001758,사람단백질씨,Human Protein C
D001713,트라스투주맙 데룩스테칸,Trastuzumab deruxtecan
D001756,비베그론,Vibegron
D001744,에나로두스타트,Enarodustat
D001716,도스탈리맙,Dostarlimab
D001701,아칼라브루티닙,Acalabrutinib
D001508,페닐부틸산나트륨,Sodium phenylbutyrate
D001734,레미마졸람,Remimazolam
D001735,라나델루맙,Lanadelumab
D001742,에플라페그라스팀,Eflapegrastim
D000493,구아이페네신,Guaifenesin
D001315,염화암모늄,Ammonium chloride
D001098,노스카핀,Noscapine
D001703,자누브루티닙,Zanubrutinib
D001693,보수티닙,Bosutinib
D001795,파리시맙,Faricimab
D001787,네타르수딜,Netarsudil
D001783,오자니모드,Ozanimod
D001764,바다두스타트,Vadadustat
D001794,트레멜리무맙,Tremelimumab
D001796,수팀리맙,Sutimlimab
D001650,니르마트렐비르,Nirmatrelvir
D001788,듀크라바시티닙,Deucravacitinib
D001789,스페솔리맙,Spesolimab
D001790,트랄로키누맙,Tralokinumab
D001792,에보칼세트,Evocalcet
D001786,아토제판트,Atogepant
D001793,티슬렐리주맙,Tislelizumab
D001763,루라시돈,Lurasidone
D001791,테제펠루맙,Tezepelumab
D001766,클라조센탄,Clazosentan
D001784,투카티닙,Tucatinib
D001815,프레드니솔론발레로아세테이트,Prednisolone valeroacetate
D001847,진드기추출물,Allergen extract
D000764,인산일수소나트륨,Sodium Phosphate Dibasic Dihydrate
D001108,피릴라민,Pyrilamine
D001845,비시세이트염산염,Bicisate hydrochloride
D001843,아네톨,Anethole
D001770,요오드화나트륨(123I),Sodium iodide(123I)
D001848,염화인듐(111ln) + 펜테트레오티드,Indium Chloride (111In) + Pentetreotide
D001844,히드록시에틸전분,Hydroxyethyl starch
D001800,디프로필린,Diprophylline
D001813,이부프로펜피코놀,Ibuprofen Piconol
D001839,셀리넥서,Selinexor
D001828,마리바비르,Maribavir
D001814,데옥시콜산,Deoxycholic acid
D001833,미리키주맙,Mirikizumab
D001827,카피바설팁,Capivasertib
D001834,페그세타코플란,Pegcetacoplan
D001830,레케네맙,Lecanemab
D001838,엘라나타맙,Elranatamab
D001835,인클리시란,Inclisiran
D001840,탈쿠에타맙,Talquetamab
D001831,비메키주맙,Bimekizumab
D001841,졸베툭시맙,Zolbetuximab
D001836,리틀레시티닙,Ritlecitinib
D001837,아바트롬보팍,Avatrombopag
D001822,오피란제린,Opiranserin
D001842,"재조합호흡기세포융합바이러스융합-전단백질F, 면역증가제","Recombinant respiratory syncytial virus pre-fusion F protein, Adjuvanted"
D001832,래브리키주맙,Lebrikizumab
D000025,시클로펜톨레이트염산염,Cyclopentolate Hydrochloride
D000641,브리모니딘타르타르산염,Brimonidine Tartrate
D000648,세페타메트피복실염산염,Cefetamet Pivoxil Hydrochloride
D000089,디시클로민염산염,Dicyclomine Hydrochloride
D000296,독시라민석시네이트,Doxylamine Succinate
D000576,인산이수소나트륨,Monobasic Sodium Phosphate
D000598,6β-요오드메칠-19-노르-코레스트-5(10)-엔3β-올(131 I),6Beta-Iodomethyl-19-Norcholest-5 (10)-EN-3Beta-ol (131I)
D000505,디에틸프로피온염산염,Diethylpropion Hydrochloride
D000222,로페라미드염산염,Loperamide Hydrochloride
D000210,폴리스티렌설폰산칼슘,Calcium Polystyrene Sulfonate
D000424,메탄설폰산페플록사신,Pefloxacin Methanesulfonate
D000108,피메크로리무스,Pimecrolimus
D000701,펜디메트라진타르타르산염,Phendimetrazine Tartrate
D000795,펜터민염산염,Phentermine Hydrochloride
D000446,설파디아진은,Silver Sulfadiazine
D000586,타우로리딘,Taurolidine
D000384,티아넵틴나트륨,Tianeptine Sodium
D000193,글루콘산제이철나트륨착염,Sodium Ferric Gluconate Complex
D000484,"테리파라타이드(유전자재조합)(숙주:E.coli K12RQ228, 벡터:pHMM193)","Teriparatide (rDNA, Host:E.coli K12RQ228, Vector:pHMM193)"
D000183,테트라데실황산나트륨콘센트레이트,Sodium Tetradecyl Sulfate Concentrate
D000184,텔비부딘,Telbivudine
D001154,폴리믹신B황산염,Polymyxin B Sulfate
D000323,제피미르타자핀,Mirtazapine Coated
D001011,보티옥세틴브롬화수소산염,Vortioxetine Hydrobromide
D001152,클로르헥시딘글루콘산염 액,Chlorhexidine Gluconate Solution
D001518,밀크시슬열매 건조엑스,Milk-Thistle Fruit Dried Extract
D001521,판토텐산칼슘,Calcium Pantothenate
D000358,올메사르탄메독소밀,Olmesartan Medoxomil
D000536,발프로산나트륨,Sodium Valproate
D000774,트라조돈염산염,Trazodone Hydrochloride
D000782,글리코피롤레이트,Glycopyrrolate
D000010,반코마이신염산염,Vancomycin Hydrochloride
D000203,라모세트론염산염,Ramosetron Hydrochloride
D000730,솔리페나신숙신산염,Solifenacin Succinate
D000288,네오스티그민메틸황산염,Neostigmine Methylsulfate
D000426,메트로니다졸,Metronidazole
D000195,나프록센,Naproxen
D000729,세프트리악손나트륨수화물,Ceftriaxone Sodium Hydrate
D000383,트리엔틴염산염,Trientine Hydrochloride
D000671,침강탄산칼슘,Precipitated Calcium Carbonate
D000975,나프록센나트륨,Naproxen Sodium
D000977,피록시캄-베타사이클로덱스트린,Piroxicam Beta-Cyclodextrin
D000852,카페인무수물,Anhydrous Caffeine
D000978,시트르산칼륨수화물,Potassium Citrate Hydrate
D000976,피록시캄칼륨,Piroxicam Potassium
D000645,설박탐나트륨,Sulbactam Sodium
D000707,플루티카손푸로에이트(미분화),Fluticasone Furoate Micronized
D001087,단트롤렌나트륨수화물,Dantrolene Sodium Hydrate
D001085,닌테다닙에실산염,Nintedanib Esilate
D001269,메클리진염산염수화물,Meclizine Hydrochloride Hydrate
D001276,칼시포트리올,Calcipotriol
D001184,디노프로스톤,Dinoprostone
D001088,페타시테스히브리두스엽이산화탄소엑스,Butterbur Leaves Carbon Dioxide Extract
D001278,미분화시클레소니드,Ciclesonide Micronized
D000084,다폭세틴염산염,Dapoxetine Hydrochloride
D001031,나프토피딜,Naftopidil
D001090,룩소리티닙인산염,Ruxolitinib Phosphate
D001248,설프로스톤,Sulprostone
D001286,리도카인염산염수화물,Lidocaine Hydrochloride Hydrate
D001285,세프타지딤수화물,Ceftazidime Hydrate
D001270,달테파린나트륨,Dalteparin Sodium
D001292,토수플록사신토실산염수화물,Tosufloxacine Tosilate Hydrate
D001079,엔잘루타마이드,Enzalutamide
D001291,브리모니딘타르타르산염,Brimonidine Tartrate
D001073,리오시구앗(미분화),Riociguat Micronized
D001550,이카티반트아세테이트,Icatibant Acetate
D001078,다브라페닙메실산염(미분화),Dabrafenib Mesylate Micronized
D001076,세리티닙,Ceritinib
D001178,셀렉시팍(미분화),Selexipag Micronized
D001546,아모다피닐,Armodafinil
D001547,카나키누맙,Canakinumab
D001551,미로가발린베실산염,Mirogabalin Besilate
D001553,다로루타마이드,Darolutamide
D001168,아질사르탄메독소밀칼륨,Potassium Azilsartan Medoxomil
D001545,에스케타민염산염,Esketamine Hydrochloride
D001549,폴리트로핀델타,Follitropin delta
D001552,부로수맙,Burosumab
D001825,글리시리진산암모늄,Ammonium Glycyrrhizinate
D000999,스코폴라민,Scopolamine
D000883,프로사이클리딘,Procyclidine
D001357,시메트로퓸,Cimetropium
D001234,톨터로딘,Tolterodine
D001356,플라복세이트,Flavoxate
D001289,케토롤락,Ketorolac
D000202,디히드로에르고타민,Dihydroergotamine
D000628,록시트로마이신,Roxithromycin
D000255,알트레타민,Altretamine
D000413,피리독신,Pyridoxine
D000256,에리트로마이신,Erythromycin
D000754,옥시테트라사이클린,Oxytetracycline
D000513,펜타미딘,Pentamidin
D000678,클린다마이신,Clindamycin
D000713,린코마이신,Lincomycin
D000429,모클로베미드,Moclobemide
D000071,페노프로펜,Fenoprofen
D000763,인디나빌,Indinavir
D000626,로피나비르,Lopinavir
D000003,넬피나비어,Nelfinavir
D000031,아세메타신,Acemetacin
D000298,디플루니살,Diflunisal
D000248,아목사핀,Amoxapine
D000150,아타자나비르,Atazanavir
D000332,시탈로프람,Citalopram
D000558,에파비렌즈,Efavirenz
D000800,플루복사민,Fluvoxamine
D000761,이오프로마이드,Iopromide
D000530,몰시도민,Molsidomine
D000498,니코란딜,Nicorandil
D000115,로녹시캄,Lornoxicam
D000262,옥사프로진,Oxaprozin
D000268,이옥사글린산,Ioxaglic Acid
D000759,이소프로테레놀,Isoproterenol
D000703,프라노프로펜,Pranoprofen
D000120,메나테트레논,Menatetrenone
D000200,덱스트로메토르판,Dextromethorphan
D000196,니솔디핀,Nisoldipine
D000755,옥트레오티드,Octreotide
D000261,옥사토마이드,Oxatomide
D000164,이스라디핀,Isradipine
D000215,니트로글리세린,Nitroglycerin
D000521,테르부탈린황산염,Terbutaline Sulfate
D000778,티오틱센,Thiothixene
D000753,트리플루오페라진,Trifluoperazine
D000434,바데나필,Vardenafil
D000141,시부트라민,Sibutramine
D000714,마진돌,Mazindol
D000811,퀴누프라민,Quinupramine
D000178,쿠아제팜,Quazepam
D000742,아지트로마이신,Azithromycin
D000125,메톡시페나민,Methoxyphenamine
D000029,아미노카프론산,Aminocaproic Acid
D000777,트롬빈,Thrombin
D000590,트라넥삼산,Tranexamic Acid
D000520,헤모코아귤라제,Hemocoagulase
D000324,미코나졸,Miconazole
D000604,네틸마이신,Netilmicin
D000322,미데카마이신,Midecamycin
D000338,스피라마이신,Spiramycin
D000158,메타사이클린,Methacycline
D000281,테노포비르,Tenofovir
D000806,트로메타몰,Trometamol
D000045,요오드화옥사피움,Oxapium Iodide
D000251,아티카인,Articaine
D000091,디피리다몰,Dipyridamole
D000004,메톨라존,Metolazone
D000319,돌라세트론,Dolasetron
D000737,아바나필,Avanafil
D000556,에토노게스트렐,Etonogestrel
D000789,드로스피레논,Drospirenone
D000389,게스토덴,Gestodene
D000735,아고멜라틴,Agomelatine
D000087,도리페넴,Doripenem
D000036,에트라비린,Etravirine
D000208,포스아프레피탄트 디메글루민염,Fosaprepitant Dimeglumine
D000472,이그라티모드,Iguratimod
D000225,릴피비린,Rilpivirine
D000751,에스판토프라졸,S-Pantoprazole
D000328,베다퀼린,Bedaquiline
D000444,보세프레비르,Boceprevir
D000111,필시카이니드,Pilsicainide
D000833,텔리트로마이신,Telithromycin
D000842,토레미펜,Toremifene
D000635,반데타닙,Vandetanib
D000564,키실로메타졸린,Xylometazoline
D000823,퀴니딘,Quinidine
D000824,할로탄,Halothane
D000825,조사마이신,Josamycin
D000827,오라노핀,Auranofin
D000829,트리암테렌,Triamterene
D000830,스파플록사신,Sparfloxacin
D000810,도티에핀,Dothiepin
D000831,이오딕사놀,Iodixanol
D000832,이오트로란,Iotrolan
D000834,에토페나메이트,Etofenamate
D000836,메크로페남산,Meclofenamate
D000837,티아프로펜산,Tiaprofenic acid
D000841,헥소프레날린,Hexoprenaline
D000839,잘시타빈,Zalcitabine
D000840,주클로펜틱솔,Zuclopenthixol
D000843,메타졸아마이드,Methazolamide
D000697,도부타민,Dobutamine
D000846,베프리딜,Bepridil
D000970,아토목세틴,Atomoxetine
D000757,이미페넴,Imipenem
D000779,파니페넴,Panipenem
D000986,돌루테그라비르,Dolutegravir
D001030,알푸조신,Alfuzosin
D001032,탐스로신,Tamsulosin
D000619,푸시딘산,Fusidic Acid
D001074,네비라핀,Nevirapine
D001075,아수나프레비르,Asunaprevir
D001077,사이클로스포린,Cyclosporine
D001080,나프실린,Nafcillin
D001070,다클라타스비르,Daclatasvir
D000467,메플로퀸,Mefloquine
D001091,옥시메타졸린,Oxymetazoline
D001035,리네졸리드,Linezolid
D001149,팔보시클립,palbociclib
D001171,엘바스비르,Elbasvir
D001172,그라조프레비르,Grazoprevir
D001174,옴비타스비르,Ombitasvir
D001176,아산화질소,nitrous oxide
D001177,다사부비르,Dasabuvir
D001063,로카세린,Lorcaserin
D001314,라듐-223염화물,Radium 223 dichloride
D001329,이오베르솔,Ioversol
D000316,덱스브롬페니라민,Dexbrompheniramine
D000080,기메라실,Gimeracil
D001362,글레카프레비르,Glecaprevir
D001365,네투피탄트,Netupitant
D001558,디발프로엑스,Divalproex
D001559,포스카네트,Foscarnet
D001560,히스티딘아연,Zinc histidine
D000397,디페니실라민,Penicillamine
D001561,데피브로타이드,Defibrotide
D001419,빅테그라비르,Bictegravir
D001562,라놀라진,Ranolazine
D001563,도라비린,Doravirine
D001723,이소소르비드이질산염,isosorbide dinitrate
D001725,듀테트라베나진,Deutetrabenazine
D001722,이소소르비드일질산염,isosorbide mononitrate
D001747,포스네투피탄트,Fosnetupitant
D001697,롤라티닙,Lorlatinib
D001609,베네토클락스,Venetoclax
D001751,아픽사반,Apixaban
D001580,엘리글루스타트,Eliglustat
D000988,클로피도그렐,Clopidogrel
D001780,아팔루타마이드,Apalutamide
D001363,피브렌타스비르,Pibrentasvir
D001781,살메테롤,Salmeterol
D000820,알리트레티노인,Alitretinoin
D001598,포나티닙,Ponatinib
D001711,익사조밉,Ixazomib
D001594,미도스타우린,Midostaurin
D001812,이소니코틴산히드라짓,Isonicotinic acid hydrazide
D001603,에슬리카르바제핀아세테이트,Eslicarbazepine acetate
D001604,사피나미드,Safinamide
D001817,인산수소나트륨무수물,Monobasic sodium phosphate
D001606,브리가티닙,Brigatinib
D001611,베돌리주맙,Vedolizumab
D001612,이사부코나조늄,Isavuconazonium
D001818,프라지콴텔,Praziquantel
D001542,D-만니톨,D-Mannitol
D001819,염화칼슘,Calcium chloride
D001820,디곡신,Digoxin
D000494,글루콘산칼슘,Calcium Gluconate
D001821,아갈시다제알파,Agalsidase α
D001585,카보잔티닙,Cabozantinib
D001588,엔트렉티닙,Entrectinib
D001589,길테리티닙,Gilteritinib
D001590,이브루티닙,Ibrutinib
M040702,포도당,
M040426,염화나트륨,
M040534,주사용수,
M223054,벤조산나트륨카페인,
M040350,아선약,
M040538,진피,
M040813,후박,
M279284,L-멘톨,
M070048,고추틴크,
M040775,현호색,
M050036,육계,
M040527,정향,
M040007,건강,
M040486,육두구,
M040548,창출,
M080356,황산마그네슘수화물,
M051231,락토바실루스스포로게네스균,
M091380,클로스트리디움부티리쿰균,
M080610,바실루스서브틸리스균,
M223262,티아민질산염,
M040133,리보플라빈,
M203450,아스코르브산,
M040064,니코틴산아미드,
M223369,인산수소칼슘수화물,
M040009,건조효모,
M040264,살리실산,
M040308,건조수산화알루미늄겔,
M040631,탄산수소나트륨,
M040629,탄산마그네슘,
M099577,스코폴리아엑스10배산,
M040135,마황,
M040213,인삼,
M040482,원지,
M040048,길경,
M050729,산사,
M040225,복령,
M040006,감초,
M040004,갈근,
M095260,사인,
M210181,내복자,
M050891,신곡,
M051394,청피,
M051333,조구등,
M050407,맥아,
M040792,황련,
M203395,스트렙토마이신황산염,
M223258,티아민염산염,
M204304,피리독신염산염,
M256157,시아노코발라민100배산,
M234001,아스코르브산과립97%,
M092609,포리아제,
M040174,디엘멘톨,
M040078,데히드로콜린산,
M089970,디아스타제,
M070655,스코폴리아엑스산,
M070016,감초(조)엑스,
M060159,계피유(신나몬유),
M040812,회향유,
M080365,정향유,
M092610,등피유,
M070030,건강틴크,
M082091,생지황즙,
M082760,복령가루,
M200168,꿀,
M217500,염화칼슘수화물,
M086824,젖산나트륨액50%,
M050498,목과,
M050539,백단향,
M051694,패장,
M051197,용뇌,
M051298,자단향,
M051396,초과,
M051892,필발,
M040228,향부자,
M096631,꿀(봉밀),
M083540,비오디아스타제500,
M082712,리파제AP6,
M260530,셀룰라제AP3,
M082634,길경가루,
M083617,세네가가루,
M040769,행인,
M070009,감초가루,
M256713,길경행인가루,
M071030,인삼유동엑스,
M082075,구기자유동엑스,
M080583,젖산나트륨액,
M223143,에탐부톨염산염,
M204418,d-캄파,
M203279,살리실산메틸,
M223254,티몰,
M070611,살리실산글리콜,
M223287,펜톡시베린시트르산염,
M040757,피토나디온(비타민케이),
M223040,베르베린탄닌산염,
M040574,카올린,
M051732,펙틴,
M222957,덱스트로메토르판브롬화수소산염수화물,
M204422,dl-메틸에페드린염산염,
M051216,웅담,
M040253,사향,
M051432,침향,
M239219,암피실린수화물,
M051415,푸르설티아민,
M222995,리보플라빈부티레이트,
M248795,피리독살포스페이트수화물,
M223357,히드록소코발라민아세트산염,
M255819,토코페롤아세테이트 2배산,
M223167,우르소데옥시콜산,
M051623,트리메토프림,
M250460,트리프롤리딘염산염수화물,
M040060,염산노스카핀,
M040616,말레인산클로르페니라민,
M207450,디엘 염산메칠에페드린,
M050059,구아야콜설폰산칼륨,
M088656,글리신,
M082344,오이게놀,
M010062,사람혈청알부민,
M229810,황백가루,
M256276,글루타티온(환원형),
M099736,디-만니톨,
M223043,베타메타손발레레이트,
M202821,겐타마이신황산염,
M222851,벤지다민염산염,
M051649,결정트립신,
M095415,브로멜라인,
M270087,디아스타제·프로테아제500,
M020063,세팔렉신,
M040790,황기,
M050107,금은화,
M051932,현삼,
M051106,연단,
M040791,황납,
M040073,대황,
M040787,황,
M207642,백당,
M253051,프리디놀메실산염,
M050855,시메치콘,
M095620,다이제트100,
M040580,무수카페인,
M249378,헤파린나트륨,
M040044,농글리세린,
M020092,암피실린나트륨,
M040258,산약,
M040789,황금,
M040070,당귀,
M040205,방풍,
M040214,백출,
M040336,시호,
M040550,천궁,
M040478,우황,
M050905,아교,
M051133,영양각,
M050541,백렴,
M051762,포황,
M050191,대두황권,
M040523,작약,
M040139,맥문동,
M050752,생강,
M051301,자소엽,
M040202,반하,
M040329,승마,
M051297,인진호,
M040564,치자,
M201585,정제부자,
M040638,택사,
M051364,숙지황,
M050037,계지,
M040257,산수유,
M040185,목단피,
M040537,지황,
M040293,세신,
M040445,오미자,
M040180,모려,
M095529,괄루근,
M099805,계지가작약탕연조엑스,
M040412,염산에탐부톨,
M223294,프랄리독심염화물,
M040024,과당,
M040066,니트로푸라존,
M051477,인산알루미늄겔,
M088813,콜로이드성인산알루미늄,
M204423,dl-캄파,
M040306,수산화마그네슘,
M254960,시프로헵타딘오로트산염수화물,
M246203,DL-카르니틴염산염,
M222998,L-리신염산염,
M096429,시아노코발라민,
M256848,덱사메타손포스페이트이나트륨,
M222989,레보티록신나트륨수화물,
M051652,티니다졸,
M248799,생지황의 착즙,
M082761,인삼가루,
M091785,구기자가루,
M084957,침향가루,
M086603,쌍화탕연조엑스,
M223098,아목시실린수화물,
M040662,트리암시놀론아세토니드,
M281009,옥시토신농축액,
M088335,클로트리마졸,
M040090,등피,
M050538,백급,
M051363,생지황,
M051238,유향,
M040188,몰약,
M040793,황백,
M040216,백지,
M050499,목별자,
M051020,시말드레이트,
M083560,벨라돈나엑스,
M243947,방풍통성산연조엑스(5.2→1),
M113130,반하사심탕 연조엑스(4.50→1),
M245463,온경탕연조엑스(4.45→1),
M094078,소시호탕연조엑스,
M088631,시호계지탕연조엑스,
M040447,오수유,
M040186,목통,
M040071,대추,
M090944,마행감석탕연조엑스,
M246329,십미패독산연조엑스(7.88→1),
M243809,계지가용골모려탕연조엑스,
M088634,가미소요산연조엑스,
M088605,육미지황탕연조엑스,
M111358,영계출감탕 연조엑스,
M088599,보중익기탕연조엑스,
M050042,교이,
M096419,소건중탕연조엑스,
M020059,세파졸린나트륨,
M222991,레티놀팔미테이트,
M223289,폴산,
M040397,에르고칼시페롤,
M223240,토코페롤아세테이트,
M230954,염화세칠피리디늄,
M262955,베타-갈락토시다제(아스퍼길루스),
M095064,황련해독탕연조엑스,
M268097,카르보시스테인,
M207616,궁귀교애탕연조엑스,
M098768,옥수수불검화정량추출물,
M268955,계지복령환료가대황연조엑스,
M070017,갱미,
M243934,육군자탕연조엑스,
M099548,락툴로오즈농축액,
M222530,L-이소류신,
M103077,L-아르기닌,
M215288,L-히스티딘,
M214861,L-프롤린,
M202247,L-아스파르트산,
M040624,자일리톨,
M222996,리보플라빈포스페이트나트륨,
M040488,이노시톨,
M222531,L-류신,
M218567,L-메티오닌,
M204442,L-페닐알라닌,
M103060,L-트레오닌,
M218015,L-트립토판,
M209360,L-발린,
M209366,L-알라닌,
M243954,퓨시드산나트륨,
M200675,베타메타손디프로피오네이트,
M216095,규산알루민산마그네슘,
M223045,베타히스틴메실산염,
M040187,목향,
M225911,산조인,
M051200,용안육,
M051196,용골,
M090094,락토바실루스아시도필루스균,
M222865,수도에페드린염산염,
M040536,지실,
M050533,방기,
M211272,이상 수침연조엑스,
M040086,도인,
M088654,망초,
M246886,도핵승기탕연조엑스(6.28→1),
M243812,대황목단피탕연조엑스,
M114029,억간산가진피반하탕 연조엑스(4.99→1),
M104014,배농산급탕연조엑스(4→1),
M088632,소경활혈탕연조엑스,
M051233,유비데카레논,
M222958,도파민염산염,
M070142,니세르골린,
M223358,히드록시진염산염,
M021928,황산헥소프레날린,
M212050,쎄니틴 T60,
M212051,쎄니틴 GBX,
M223057,부틸스코폴라민브롬화물,
M050719,토사자,
M082557,파극천,
M040030,구기자,
M050550,백자인,
M050621,복분자,
M040545,차전자,
M051248,육종용,
M051352,지골피,
M051377,석창포,
M040260,산초,
M051380,천문동,
M040476,우슬,
M040089,두충,
M082226,자감초,
M088617,마인,
M223212,d-클로르페니라민말레산염,
M050436,메코발라민,
M040256,산소,
M050874,시크로실린산,
M093487,계지탕연조엑스,
M091224,시호계지건강탕연조엑스,
M040487,의이인,
M111088,소청룡탕 연조엑스,
M246134,감초탕연조엑스(2.99→1),
M243810,가미귀비탕연조엑스,
M051313,저령,
M070170,동과자,
M040535,지모,
M040279,석고,
M246390,마황부자세신탕연조엑스(6.25→1),
M246894,월비가출탕연조엑스(6.83→1),
M040474,용담,
M245401,용담사간탕연조엑스(5.37→1),
M243936,사물탕연조엑스,
M088918,수침연조엑스,
M110802,을자탕 연조엑스,
M096423,팔미지황환연조엑스,
M111943,삼황사심탕 연조엑스,
M086018,갈근탕연조엑스,
M094086,이중탕연조엑스,
M247889,십전대보탕건조엑스,
M088602,맥문동탕연조엑스,
M246643,에코나졸질산염,
M223044,베타메타손포스페이트나트륨,
M050022,강활,
M083244,위령선,
M071732,활석,
M051105,연교,
M040198,박하,
M051936,형개,
M110787,방풍통성산 연조엑스,
M105512,방기황기탕연조엑스,
M246569,마행의감탕연조엑스(7.03→1),
M270830,시함탕연조엑스(7.09→1),
M246404,계지가출부탕연조엑스(4.66→1),
M070455,백편두,
M086773,연자육,
M243933,온청음연조엑스,
M050023,계심,
M243935,청상방풍탕연조엑스,
M040521,자근,
M040016,계피,
M110809,반하후박탕 연조엑스,
M088643,당귀작약산연조엑스,
M111580,대시호탕 연조엑스,
M099914,인진호탕연조엑스,
M070626,세폭시틴나트륨,
M040785,홍화,
M088722,아출,
M050027,건칠,
M252661,L-히스티딘염산염수화물,
M254056,L-아스파르트산-L-오르니틴,
M081086,트리메부틴,
M252787,트리메부틴말레산염,
M100667,디엘메치오닌,
M070806,아진타미드,
M071237,췌장성효소,
M226008,셀룰라제4000,
M051707,페니토인나트륨,
M096303,괄루인,
M050227,독활,
M051043,앵피,
M086512,배농산급탕건조엑스,
M051318,전호,
M247414,삼소음연조엑스(3→1),
M092945,오령산연조엑스,
M051084,질산에코나졸,
M082390,덱스판테놀,
M214274,L-트리프토판,
M223076,세프라딘수화물,
M080372,염산아미로라이드,
M222858,세파드록실수화물,
M020191,세포탁심나트륨,
M040558,염산치아민,
M051344,주석산수소콜린,
M088483,팔미틴산레티놀,
M225042,황산 콘드로이친 나트륨,
M256212,리소짐염산염,
M256693,엔테로코쿠스페슘스트레인세르넬레68균,
M201110,아세피필린,
M020054,바시트라신,
M202893,네오마이신황산염,
M088638,사역산연조엑스,
M243938,탁리소독음연조엑스,
M096420,오림산연조엑스,
M095531,시호청간탕연조엑스,
M245859,세포티암염산염·건조탄산나트륨,
M245845,부피바카인염산염일수화물,
M082911,크로모글리크산나트륨,
M223210,클로르페네신카르바메이트,
M229123,리토드린염산염,
M223319,플라복세이트염산염,
M256450,고추 80 % 에탄올 연조엑스,
M222939,날록손염산염,
M040507,익지,
M050540,백두구,
M266971,오르페나드린시트르산염,
M223310,프로타민황산염,
M050223,염산도파민,
M093380,형개연교탕연조엑스,
M243217,길경탕연조엑스,
M246895,의이인탕연조엑스(5.88→1),
M245466,산조인탕연조엑스(8.04→1),
M092927,시호가용골모려탕연조엑스,
M080844,소목,
M051351,지각,
M246893,청폐탕연조엑스(8.80→1),
M080699,대복피,
M050048,곽향,
M102072,백삼,
M088648,갈근탕가천궁신이연조엑스,
M111097,계지복령환 연조엑스,
M223272,티클로피딘염산염,
M214167,L-카르니틴,
M201579,절패모,
M040271,상백피,
M085503,갈근탕건조엑스,
M084553,강세트리마이드40%용액,
M100992,코바마미드,
M082140,칼리디노게나제,
M040262,산화마그네슘,
M091374,무수인산수소칼슘,
M040805,건조황산제일철,
M243785,산화아연,
M246028,황산망간수화물,
M246343,산화제이구리,
M095818,레시틴,
M113747,레티놀팔미테이트 유,
M083515,에르고칼시페롤과립,
M259305,이소소르비드이질산염지속과립,
M040678,판크레아틴,
M115954,시메티콘 산,
M223083,시메티콘,
M051347,죽여,
M051153,오약,
M050535,백강잠,
M070414,알디옥사,
M086537,마늘유,
M040647,토코페롤,
M050724,서양칠엽수종자엑스,
M070379,마늘정유,
M204268,프로카인염산염,
M096436,형방패독산연조엑스,
M020080,아목시실린나트륨,
M223082,스펙티노마이신염산염수화물,
M223001,린코마이신염산염수화물,
M243937,생강사심탕연조엑스,
M204435,L-세린,
M081340,사낙타제,
M090580,푸록타제,
M081341,메이세라제,
M081342,오리파제2S,
M227507,췌장성 소화효소 TA,
M222935,글루콘산칼슘수화물,
M103078,L-아스파라긴산,
M204437,L-시스테인,
M103058,L-글루타민산,
M214313,L-티로신,
M225901,L-리신아세테이트,
M082272,디오스민,
M223352,히드로코르티손숙시네이트나트륨,
M247193,나프로닐옥살산염,
M081378,오로트산카르니틴,
M081379,항독성간장엑스,
M253171,아데닌염산염,
M020220,세포테탄,
M050127,노닐산바닐아미드,
M040200,박하유,
M040307,수산화알루미늄겔,
M081054,시메치콘30%에멀젼,
M081294,알마게이트,
M223298,프레드니솔론아세테이트,
M247676,옥틸로늄브롬화물,
M223020,메틸에르고메트린말레산염,
M225556,아기오락스 원료과립(Agiolax pregranules),
M050897,신이,
M083712,우방자,
M051379,천마,
M227663,이상 건조엑스로서 1.27그램,
M226176,이상 건조엑스로서 1.91g,
M210529,아르니카틴크D2,
M251805,에키나시아안구스티폴틴크 D2,
M251806,에키나시아플푸르틴크 D2,
M207420,히페리쿰틴크 D2,
M207421,헤파설프리스 D3,
M207423,카렌두라틴크 D2,
M207424,하마메리스틴크 D1,
M207425,밀레포리움틴크 D3,
M207426,벨라돈나틴크 D2,
M207427,아코니툼틴크 D2,
M207429,카모밀라틴크 D3,
M207430,심피툼틴크 D6,
M207431,벨리스페렌니스틴크 D2,
M210527,에키나세아안구스티폴틴크D2,
M210528,에키나세아플푸르틴크D2,
M103799,하마메리스틴크D2,
M103801,벨라돈나틴크D4,
M103800,아코니툼틴크D3,
M103802,심피툼틴크D8,
M255577,9-아미노아크리딘 운데실렌산,
M255578,N-미리스틸-3-하이드록시부틸아민염산염,
M255579,염화메틸벤제토늄,
M080879,은행엽엑스,
M040506,익모초,
M269684,자음강화탕연조엑스,
M100880,아플로쿠알론,
M096428,벤포티아민,
M261154,히드로코르티손프로부테이트,
M251877,L-시스테인염산염수화물,
M244189,L-리신아세트산염,
M222845,메틸프레드니솔론숙시네이트나트륨,
M219019,이상 건조엑스로서,
M081434,와파린나트륨,
M245058,L-오르니틴염산염,
M204427,L-글루탐산,
M261920,디아스타제·프로테아제100,
M080221,스코폴리아엑스,
M050468,염산메톡시페나민,
M050887,시티콜린,
M222880,이소코나졸질산염,
M249750,피나베륨브롬화물,
M051152,오매,
M082033,글리시레틴산,
M203915,클로르헥시딘염산염,
M081436,히노키치올,
M080596,카르바민산클로르페네신,
M098175,아목시실린ㆍ클라불란산칼륨(2:1),
M050609,보골지,
M080514,구판,
M086023,골쇄보,
M249715,덱스클로르페니라민 말레산염,
M040012,개자,
M050747,삼릉,
M217501,황산아연수화물,
M255994,시아노코발라민1000배산,
M089404,우레아,
M223331,피리도스티그민브롬화물,
M228947,엘아스파라긴산엘오르니친,
M247461,자감초탕연조엑스(7.86→1),
M243811,당귀음자연조엑스,
M020227,세프메타졸나트륨,
M223029,메피바카인염산염,
M222835,독소루비신염산염,
M258819,퓨시드산수산화물,
M223288,포르모테롤푸마르산염수화물,
M240075,염산피리독신,
M099285,폴리네이트칼슘,
M050704,비오틴,
M103721,와르파린나트륨,
M080503,구연산비스마스칼륨,
M084888,알루미늄-마그네슘-실리코폴리하이드레이트,
M081569,아시클로버,
M263434,엔테로코쿠스페슘균,
M223164,옥시부프로카인염산염,
M257143,묽은니트로글리세린,
M222853,부플로메딜염산염,
M229963,키모파파인(purified),
M051914,헤모글로빈,
M089482,아미노에칠설폰산,
M085143,간장엑스,
M040442,엽산,
M080565,무정형에스신,
M251286,염화마그네슘수화물,
M007131,정제수,
M267745,디아스타제·프로테아제·셀룰라제,
M050379,리파제,
M247372,판프로신,
M247370,판셀라제,
M082071,판크레아틴장용과립,
M256359,비타민이프리퍼레이션,
M080276,아르기닌티디아시케이트,
M202263,N-아세틸-L-티로신,
M115973,L-글루탐산·L-리신염(1:1)이수화물,
M237474,오르펜나드린시트르산염,
M082101,황련유동엑스,
M082104,건강유동엑스,
M213721,백삼유동엑스,
M082098,계피유동엑스,
M082103,창출유동엑스,
M082102,감초추출분말,
M080704,용담엑스,
M082099,진피엑스,
M095618,우루소데스옥시콜린산,
M286219,엔테로코쿠스락티스SF68균,
M096290,아목시실린ㆍ클라불란산칼륨(4:1),
M050176,단삼,
M082008,에몰파존,
M257081,"아기오쿨 원료과립[차전자(Plantago Seed : USP) 3.9g, 차전자피(Ispaghula Husk : BP)0.13g]",
M081708,글루타랄콘센트레이트,
M051316,전갈,
M251396,센텔라정량추출물,
M223353,히드로코르티손아세테이트,
M203061,리놀레산에틸,
M103054,L-시스틴,
M040385,알긴산나트륨,
M245858,메틸올세팔렉신리시네이트,
M254144,산화에틸렌,
M081396,감국,
M081460,만형자,
M082473,테프레논,
M082443,세프피라미드나트륨,
M085624,5-일질산이소소르비드20%,
M201043,스트렙토키나제ㆍ스트렙토도르나제,
M222932,가벡세이트메실산염,
M082579,비오디아스타제1000,
M070122,뉴라제,
M090847,비타민E,
M254615,바미필린염산염,
M020203,세파만돌나페이트,
M253457,나프티핀염산염,
M223075,세팔렉신수화물,
M223081,스코폴라민브롬화수소산염수화물,
M223276,파파베린염산염,
M203437,아미노벤조산에틸,
M100297,셀룰라제,
M273864,우담즙 건조엑스,
M227778,디메티콘,
M214569,엘-시스틴,
M090611,카페인,
M200188,노닐산바닐릴아미드,
M257668,도베실산칼슘수화물,
M251260,카르비녹사민말레산염,
M247626,결정글루코사민황산염,
M020303,세프테졸나트륨,
M256211,플로로글루시놀수화물,
M263347,트리메틸플로로글루시놀,
M205408,레티놀아세테이트,
M051783,푸마르산철,
M082821,염화크롬,
M050494,몰리브덴산나트륨,
M089702,셀레늄함유건조효모,
M071118,제삼인산칼슘,
M236913,제피아스코르브산,
M223006,메르캅토푸린수화물,
M082524,페노베린,
M083251,알리벤돌,
M251936,덱스클로르페니라민말레이트,
M083269,플로로글루시놀,
M212258,클로닉신리신,
M070718,세푸록심나트륨,
M082926,글루타치온(환원형),
M256801,디히드록시디부틸에테르,
M223095,L-아르기닌염산염,
M082159,산화에칠렌,
M260477,에티드론산디나트륨,
M040467,요오드화나트륨,
M223181,카르테올롤염산염,
M040784,홍삼,
M102967,히프로멜로오스,
M040083,덱스트란70,
M088626,청상견통탕연조엑스,
M103995,정제부자(가공부자),
M240817,육계70%에탄올틴크(1→5),
M083776,진피틴크,
M084303,용담유동엑스,
M090515,감초엑스,
M233018,락트산칼슘수화물,
M082636,건조에르고칼시페롤,
M254872,베쿠로늄브롬화물,
M228651,니카르디핀염산염위용성과립,
M228652,니카르디핀염산염장용성과립,
M222863,세픽심수화물,
M051111,염화마그네슘,
M227966,아세트산나트륨수화물,
M222565,시트르산나트륨수화물,
M083624,세파제돈나트륨,
M089688,견우자,
M051138,오령지,
M224812,티로프라미드염산염,
M223342,필로카르핀염산염,
M214456,메칠메치오닌설포늄클로리드,
M051022,히드로탈시트,
M207093,메타규산알루민산마그네슘 (건조물로서),
M083646,스코폴리아엑스3배산,
M103157,호프건조엑스(14→1),
M107301,겐티아나엑스(10→1),
M081083,비오디아스타제2000,
M083993,트록시피드,
M222888,클레보프리드말산염,
M222937,나파졸린염산염,
M256386,글리시리진산이칼륨,
M051684,판크레리파제,
M050448,메타규산알루민산마그네슘,
M088538,수산화알루민산마그네슘,
M234405,육계가루,
M082517,건강가루,
M082927,용담가루,
M212885,엘-멘톨,
M249049,카모스타트메실산염,
M071967,우라실,
M040811,회향,
M051046,고량강,
M088905,켈리도니엑스,
M209025,타락카시엑스(5:1),
M100022,후랑구라엑스(5:1),
M089207,카르두스마리아누스엑스,
M081978,알로에엑스,
M051985,히드록소코발라민,
M081330,미스트레토우엑스,
M252517,하우소른엑스,
M084603,마늘엑스,
M103014,폴리에틸렌글리콜3350,
M082173,무수황산나트륨,
M222909,히드록시클로로퀸황산염,
M050359,에스카르복시메칠시스테인,
M232172,에페리손염산염,
M200764,비포나졸,
M200412,로얄젤리,
M084680,루론딘,
M104720,반비틴크(1→5),
M102908,타우린,
M080576,펩신,
M051683,파파인,
M096135,셀룰라제Ⅱ,
M230557,판크레리파아제,
M111408,셀룰라제II,
M080501,염산카르테올롤,
M210476,0.1%시아노코발라민,
M227509,아스코르브산97%과립,
M254552,토코페롤아세테이트50%과립,
M222834,도부타민염산염,
M250889,밀크시슬엑스,
M084429,울금엑스,
M095765,케리도니엑스,
M257717,베넥세이트염산염베타덱스,
M084786,플로목세프나트륨,
M220979,엘-카르니틴,
M082128,염산미안세린,
M040648,초산토코페롤,
M084608,미결정데프라자코르트,
M203443,아미노카프로산,
M080525,시티콜린나트륨,
M223343,호마트로핀브롬화수소산염,
M081393,센나열매가루,
M081899,센나엽가루,
M081910,센나열매엑스,
M081819,푸마르산케토티펜,
M250390,세프미녹스나트륨수화물,
M283836,펠로디핀(미분화),
M080761,염산나록손,
M040038,규산마그네슘,
M051110,염화리소짐,
M223239,토코페롤숙시네이트칼슘,
M087036,제피아스코르빈산,
M051437,카르바조크롬,
M083217,5-플루오로우라실,
M071033,인삼엑스,
M020043,염산린코마이신,
M080549,염산라니티딘,
M256451,구아야줄렌,
M222981,딜라제프염산염수화물,
M051901,하수오,
M081923,백수오,
M084366,상황균사체엑스,
M256672,비페닐디메틸디카르복실레이트,
M084007,타르타르산,
M020069,세프라딘,
M081370,브롬화옥틸로늄,
M247683,콜린타르타르산염,
M222954,덱사메타손디나트륨인산염,
M270002,이소소르비드일질산염서방과립,
M071715,황산구리,
M051962,황산망간,
M228297,니메수리드,
M247138,소함흉탕연조엑스(2.5→1),
M246836,오약순기산연조엑스(6.04→1),
M247139,향사육군자탕연조엑스(9.34→1),
M286726,당귀수산 건조엑스(4.74∼7.10→1),
M222832,네틸마이신황산염,
M020197,세파트리진프로필렌글리콜,
M222859,세파클러수화물,
M040354,아스코르빈산,
M080601,염산티클로피딘,
M223110,아크리놀수화물,
M258655,에스몰롤염산염,
M083314,두충30%에탄올유동엑스,
M085086,황정30%에탄올유동엑스,
M084583,녹용60%에탄올틴크,
M084660,우황60%에탄올틴크,
M202029,피토나디온,
M051756,포비돈,
M250551,클로로필린구리나트륨착염,
M254227,제피형아스코르브산96%TypeSC,
M256647,건조토코페롤아세테이트50%,
M051981,히드로퀴논,
M213221,인삼건조엑스(2→1),
M213222,구기자건조엑스(3→1),
M044300,포도당일수화물,
M223227,클린다마이신염산염,
M223228,클린다마이신포스페이트,
M084858,시녹시캄,
M086511,반하사심탕건조엑스,
M087313,향사평위산건조엑스,
M221366,평위산건조엑스,
M040140,소청룡탕건조엑스,
M218953,이상 연조엑스로서,
M070632,당귀작약산건조엑스,
M086610,소시호탕건조엑스,
M212865,이상물건조엑스,
M086810,작약감초탕건조엑스,
M218974,계지복령환건조엑스,
M104757,갈근탕가천궁신이건조엑스,
M086753,육미지황탕건조엑스,
M099148,이상수침건조엑스,
M085391,황련해독탕건조엑스,
M088948,은행엽건조엑스,
M223015,DL-메티오닌,
M083466,만델산벤질,
M040163,호박산메칠프레드니솔론나트륨,
M239300,불활화 일본뇌염바이러스(바이러스주명: Nakayama),
M083925,레바미피드,
M084697,맥문동30%에탄올유동엑스,
M084569,남천실30%에탄올유동엑스,
M258075,감초엑스(3 -> 1),
M258076,길경33.3%에탄올유동엑스(4->1),
M103930,황금연조엑스(4:1),
M251893,세포티암염산염*건조탄산나트륨,
M214600,리마프로스트 α-시클로덱스트린포접화합물,
M104727,관류용멸균증류수,
M248503,묽은클라불란산칼륨,
M098790,클라불란산칼륨,
M257302,아목시실린나트륨-클라불란산칼륨5:1,
M081198,차전자피,
M050805,센나열매,
M085217,펜타스타치,
M256127,시메티콘30%에멀젼,
M202210,DL-세린,
M050083,글루쿠로노락톤,
M250837,오로트산수화물,
M051610,염산톨페리손,
M255993,농축콜레칼시페롤(유상),
M050381,린단,
M222965,디부카인염산염,
M215133,에녹솔론,
M229521,락트산나트륨액,
M040300,디소르비톨,
M259290,세프록사딘수화물,
M223312,프로티렐린타르타르산염수화물,
M250033,트로스퓸염화물,
M200791,사람혈액응고제8인자,
M251249,플루나리진염산염,
M258851,케노데옥시콜산-우르소데옥시콜산삼수화물마그네슘염,
M084880,스트렙토키나제ㆍ스트렙토도르나제분말,
M263215,바실루스서브틸리스균·엔테로코쿠스페슘균배양물,
M081401,복신,
M082382,당귀주세,
M085177,원지강제,
M084847,백자인거유,
M064512,산조인초,
M050123,생건지황주세,
M084545,간장농축물,
M084546,간장분획물2,
M070019,건조간장가루,
M086646,소마트로핀,
M085515,엘카토닌,
M234100,장티푸스균 정제브이아이 협막 폴리사카라이드 (균주명: Salmonella typhi Ty2),
M040491,이산화탄소,
M040542,질소,
M248017,비페닐디메틸디카르복실레이트환,
M200491,메드록시프로게스테론아세테이트,
M086788,인도시아닌그린,
M267429,휴먼인슐린(유전자재조합),
M096035,염산벤세라짓,
M085047,플루마제닐,
M081531,철단백추출물,
M232507,부피바카인염산염수화물,
M222910,히알루론산나트륨,
M085650,세프포독심프록세틸,
M071320,원지가루,
M246141,미톡산트론염산염,
M080706,황련엑스,
M104809,당약엑스(2.5:1),
M084423,알로에,
M201438,우담,
M070024,겐티아나엑스,
M088824,예덕엑스,
M070153,대황엑스,
M080707,황백엑스,
M283019,오자그렐염산염일수화물,
M255028,세프부페라존이수화물,
M276686,바니디핀염산염,
M251061,비스무트시트르산염칼륨,
M223077,수크랄페이트수화물,
M085753,트리플루리딘,
M201342,오르니다졸,
M259636,살리실산이미다졸,
M223237,테트라히드로졸린염산염,
M085754,트리플루살,
M236926,직타용아스코르브산,
M217483,갈근탕연조엑스(3->1),
M086630,스트렙토코카스페시움스트레인세르넬레68균ME,
M086308,로코트질산치아민33ㆍ3%,
M084495,아스코르빈산칼슘97%과립,
M082300,치모모둘린,
M084927,제피아스코르빈산96%Type SC,
M200089,건조초산토코페롤50%TYPESD,
M088762,동클로로필린나트륨,
M256373,락트산나트륨액50%,
M223066,빈블라스틴황산염,
M051060,에스신,
M256250,살리실산디에틸아민,
M051173,우담즙엑스,
M051916,헤미셀룰라제,
M081950,도큐세이트나트륨,
M085737,치자초,
M236652,감초초,
M090789,작약초,
M060026,디메치콘,
M223090,시트르산수화물,
M241790,베타인염산염,
M050571,베타인,
M234983,티모모둘린,
M088774,희석니트로글리세린,
M256592,미도드린염산염,
M051567,태반성성선자극호르몬,
M050096,글리시리진산,
M213350,황백연조엑스(3.3→1),
M207935,치자연조엑스(3.0→1),
M209235,산초30%에탄올연조엑스(3.3→1),
M051704,말레인산페니라민,
M088537,메스나,
M228735,황련엑스(2.5:1),
M228730,예덕엑스(6.25:1),
M228731,울금엑스(2.5:1),
M228732,대황엑스(2.5:1),
M228733,겐치아나엑스(2.5:1),
M228734,황백엑스(2.5:1),
M093832,MICROFIBRILLAR COLLAGEN Hydrochloride,
M227741,토끼유래 항-사람 흉선 면역글로불린,
M223177,이프라트로퓸브롬화물수화물,
M256191,콘드로이틴설페이트나트륨,
M256708,부데소니드(미분화),
M020088,암포테리신B,
M082422,염화석사메토늄,
M223130,에리트로마이신스테아르산염,
M099096,아목시실린나트륨ㆍ클라불란산칼륨(5:1),
M252128,L-리신말산염,
M259284,L-아스파르트산-L-오르니틴무수물,
M285965,칼시트리올(수출용),
M020192,피페라실린나트륨,
M083862,인도부펜,
M217737,N-아세틸-L-시스테인,
M040128,베라프로스트나트륨,
M251127,에메다스틴푸마르산염서방성과립,
M040481,울금,
M050543,백굴채,
M084964,알로에카펜시스,
M080745,노회엑스,
M050438,센나엽엑스,
M257637,프랑굴랑피엑스,
M252019,부테나핀염산염,
M085228,시클로피록스,
M201737,카산트라놀,
M083613,세픽심,
M245819,건조살무사항독소,
M050005,가자,
M106544,패모(절패모),
M084124,황산히드록시클로로퀸,
M083140,미세정제플라보노이드분획물,
M095974,원탕연조엑스,
M256746,디플로라손아세테이트,
M084482,부데소니드,
M098569,디크로랄페나존,
M082046,이소메텝턴뮤케이트,
M241930,플루티카손프로피오네이트(미분화),
M266294,정제불활화 인플루엔자바이러스항원 A형[A/Singapore/GP1908/2015 IVR-180(H1N1)],
M264137,"정제불활화인플루엔자바이러스항원 A형 [A/Hong Kong/4801/2014, NYMC X-263B(H3N2)]",
M264138,"정제불활화인플루엔자바이러스항원 B형 [B/Brisbane/60/2008, wild type]",
M081743,염산메피바카인,
M050364,염산리도카인,
M094252,주석산에피네프린,
M268040,포도당무수물,
M051322,젖산나트륨,
M050216,덱스트로스,
M093527,알러젠추출물,
M051588,염산테트라히드로졸린,
M087237,프릴로카인,
M091245,무수액체라놀린,
M093930,카바콜,
M086420,무수인산수소나트륨,
M092919,글루타치온디설피드,
M250270,데스모프레신아세트산염,
M092920,가미온담탕연조엑스,
M088239,인삼패독산연조엑스,
M087340,황기건중탕연조엑스,
M280417,디엘 캄파,
M103613,필그라스팀(유전자재조합),
M070990,서양산사자건조엑스,
M050778,멜리사엽건조엑스,
M082512,멜릴로투스엑스,
M051845,프록시필린,
M245150,리보스타마이신황산염,
M254445,티페피딘시트르산염,
M223184,카페인수화물,
M082746,모려가루,
M083040,아스코르빈산97%과립,
M089686,초산토코페롤50%,
M071150,질산치아민,
M040802,황산아연,
M040594,콜레칼시페롤,
M092882,서양산사60%에탄올엑스,
M095632,멜리사엽엑스,
M229244,이상 건조엑스로서 2.4그램,
M099441,자소자,
M255864,프로피베린염산염,
M083258,이소소르비드5모노니트레이트,
M070427,질산이소소르비드/염화나트륨,
M071571,폴리비닐알코올,
M040614,클로르족사존,
M229534,감마오리자놀,
M050367,테트라부티르산리보플라빈,
M096272,마늘엑스(100->1),
M085675,세프디토렌피복실,
M070126,메타독신,
M090685,글루콘산나트륨,
M223248,트리메타지딘염산염,
M253758,아목시실린나트륨·클라불란산칼륨,
M050041,고본,
M080678,선퇴,
M086445,물건조엑스,
M086656,수침건조엑스,
M227664,이상 건조엑스로서 1.15그램,
M099905,레보설피리드,
M241191,티아민질산염3배산,
M100456,리보플라빈3배산,
M241190,피리독신염산염3배산,
M247578,ㅣ-멘톨,
M083458,글리세롤인산마그네슘50%,
M223221,클로미펜시트르산염,
M256113,부피바카인염산염,
M245807,"정제B형간염 표면항원단백(유전자재조합)[숙주: Saccharomyces cerevisiae AB110, 벡터: pYLBC-A/G-UB-HBs]",
M083185,속미,
M244062,카르복시메틸셀룰로오스나트륨,
M051289,인산일수소칼륨,
M071878,파미드론산나트륨,
M087260,판크레아제장용성과립,
M222855,비노렐빈타르타르산염,
M082087,디발프로엑스나트륨,
M246013,약독화수두생바이러스 (Oka 균주),
M111248,메토프롤롤숙신산염,
M259621,아프라클로니딘염산염,
M240098,히드록시프로필메칠셀룰로오스2910,
M084136,휴먼인슐린,
M255452,약독홍역생바이러스(Enders' Edmonston주),
M246017,약독유행성이하선염생바이러스[Jeryl Lynn(B Level)주],
M246018,약독풍진생바이러스(Wistar RA 27/3주),
M222894,티몰롤말레산염,
M267533,플루오로메톨론아세테이트,
M279698,돼지뇌펩티드,
M257626,미소프로스톨 100배산,
M085680,세프티족심나트륨,
M084448,아스코르빈산97%,
M083188,시아노코발라민0ㆍ1%,
M070072,글루콘산제일철,
M040799,황산동,
M229415,이토프리드염산염,
M256563,글루탐산,
M084984,카제인가수분해물,
M088336,백색바셀린,
M243030,글루콘산클로르헥시딘액,
M227738,이상 건조엑스로서 0.85그램,
M086634,소의폐추출물,
M228829,히프로멜로오스 2910,
M222844,메베베린염산염,
M223037,미코나졸질산염,
M262144,인삼35%에탄올건조엑스(14.9->1),
M262145,음양곽엑스(10->1),
M262146,녹용35%에탄올틴크(3->10),
M262147,우황60%에탄올틴크(1->100),
M070526,흑두,
M086114,녹두,
M249607,적소두,
M264937,모과,
M247355,황산제이구리수화물,
M040806,황산칼륨,
M230519,세르타코나졸질산염,
M040251,빈랑자,
M083351,등심초,
M050337,락토바실루스아시도필루스,
M040330,시아노코발라민(비타민B12),
M080328,트록세루틴,
M251920,헵타미놀염산염,
M103048,제피형아스코르빈산96%TypeSC,
M084369,시라자,
M258481,덱사메타손팔미테이트,
M204438,L-시스테인염산염,
M258544,L-아스파르트산-L-아르기닌수화물,
M083508,비페닐디메칠디카르복실레이트,
M249599,디클로페낙디에틸암모늄,
M258219,베반토롤염산염,
M050139,녹용,
M083081,귀판,
M081462,진교,
M020179,세파드록실일수화물,
M070052,구연산카르베타펜탄,
M096352,염산부플로메딜,
M082608,에버나모닌,
M256587,몰린돈염산염,
M082611,당약말,
M200758,비오디아스타제2000II,
M083568,비오타미라제1500,
M082610,호미카엑스,
M229057,"상부 연녹색, 하부 백색 캡슐",
M259522,시트르산,
M269811,엔-아세틸아스파틸글루타민산나트륨,
M257483,락토바실루스아시도필루스균동결건조물,
M087110,트롤아민,
M256545,옥트레오티드아세트산염,
M111219,메플로퀸염산염,
M246573,트립토렐린아세트산염,
M244311,도르졸라미드염산염,
M050882,베타시토스테롤,
M090909,이소니아짓,
M208932,γ-오리자놀,
M239038,류프로렐린아세트산염,
M214948,아목시실린·클라불란산칼륨(4:1),
M085333,알프로스타딜알파덱스,
M098799,인암리논,
M246508,희석이소소르비드질산염(40%),
M091670,재조합인에리스로포이에틴,
M050416,마늘추출유,
M084613,마늘건조엑스,
M251458,백삼건조엑스,
M083966,필수인지질성물질,
M051139,오로트산,
M248270,글리세로인산나트륨수화물,
M254564,폴리말토오스수산화제이철착염,
M088245,이소소르비드5모노니트레이트서방소립구,
M051224,정제유로키나제액,
M246194,이소소르비드-5-모노니트레이트90%,
M020181,세포페라존나트륨,
M083697,오메프라졸장용성과립,
M218546,설박탐나트륨·세포페라존나트륨,
M252310,장나환건조엑스(6.7->1),
M254702,날트렉손염산염,
M247622,"재조합인간상피세포성장인자 (숙주:Escherichia coli JM101, 벡터:pTE105)",
M235576,세포티암염산염,
M253623,d-비오틴1%,
M250379,묽은이소소르비드이질산염,
M223249,트리메토퀴놀염산염수화물,
M083310,세네가유동엑스,
M232513,희석이소소르비드질산염,
M040443,오가피,
M040013,결명자,
M256737,아클라토늄나파디실산염,
M283212,메틸프레드니솔론(미분화),
M257402,데플라자코트(미분화),
M100749,팔미틴산레티놀유,
M051640,트리클로카반,
M247471,콘드로이틴나트륨설페이트,
M040620,염산클로르헥시딘,
M084591,낙산히드로코르티손,
M085126,이소프로필메칠페놀,
M249540,세페핌염산염수화물,
M080663,브롬화피나베리움,
M020305,세프록사딘,
M096297,미르톨,
M040457,요소,
M202240,L-글루타민,
M097831,차전자피가루,
M050911,아데노신,
M040515,인산일수소칼슘,
M040126,초산레티놀,
M102805,백삼가루,
M089480,레시친,
M085615,비오디아스타제700G,
M202216,DL-염산카르니틴,
M225584,글리실리진산암모늄,
M100994,엘발린,
M099297,엘트레오닌,
M100996,엘이소로이신,
M100995,엘로이신,
M096389,엘트리프토판,
M100358,염산리신,
M040698,엘페닐알라닌,
M249150,d-비오틴,
M267057,위령선·괄루근·하고초30%에탄올건조엑스(40→1),
M104323,희석된니트로글리세린(니트로글리세린2%유당),
M102008,메실산프리디놀,
M222872,아트라쿠륨베실산염,
M223051,벤제토늄염화물,
M070086,길경유동엑스,
M232835,인산이수소나트륨수화물,
M249575,인산일수소나트륨수화물,
M248008,린코마이신염산염,
M091843,인에리스로포이에틴(유전자재조합)(벡터;pMI-EP060-BiP-DHFR 숙주;CH0 dhfr-ATCC CRL9096),
M080313,오소판물질,
M223032,멕실레틴염산염,
M243192,트리프롤리딘염산염,
M082720,록시스로마이신,
M104103,희석된니트로글리세린,
M265986,비페닐디메틸디카르복실레이트혼합물,
M051654,엘티로신,
M051011,엘알기닌,
M100637,엘메치오닌,
M050373,염산리신(염산엘리신),
M040670,엘트립토판,
M050800,엘세린,
M051013,엘알라닌,
M051752,엘프롤린,
M051999,엘히스티딘,
M216114,다음의치료용꽃가루추출항원,
M216118,다음의치료용동물의털추출항원및흡입성추출항원,
M216116,다음의치료용곰팡이추출항원및깜부기추출항원,
M216117,다음의치료용곤충추출항원,
M040657,트로픽아미드,
M081277,히알우론산나트륨,
M281335,비스쿰알붐(숙주목:아비에티스)압축추출액(1→50),
M281333,비스쿰알붐(숙주목:말리)압축추출액(1→50),
M020221,세파클러,
M222873,알렌드론산나트륨수화물,
M040162,메칠프레드니솔론,
M071253,초산칼슘,
M202582,D-판테놀,
M088312,세프디니르,
M084873,세포디짐나트륨,
M084405,세푸록심악세틸,
M248502,아세트산칼슘,
M250785,이소소르비드질산염 제피과립,
M279321,염화세틸피리디늄,
M224138,아줄렌설폰산나트륨,
M050736,이부딜라스트과립,
M248244,레티놀팔미테이트과립,
M095127,페노피브레이트펠렛,
M082909,크롬함유건조효모,
M050391,센텔라아시아티카정량추출물,
M040819,초산히드로코르티손,
M020009,황산네오마이신,
M080307,염산헵타미놀,
M051564,탄산칼슘,
M222833,다우노루비신염산염,
M222854,블레오마이신황산염,
M267568,밀크시슬건조엑스산,
M250701,티옥트산,
M223244,톨페리손염산염,
M071951,염산세트락세이트,
M070422,세포테탄나트륨,
M050213,말레인산덱스클로르페니라민,
M100027,오르소시폰가루,
M098431,다엽가루,
M051015,알란토인,
M040146,초산메드록시프로게스테론,
M223322,플루오르화나트륨,
M251683,프로싸이클리딘염산염,
M258579,시네파지드말레산염,
M088484,염화탈륨(201Tl)액,
M092244,음이온수지분말,
M092243,양이온수지분말,
M082213,분말활성탄,
M250857,β-카로틴현탁액30%,
M257839,알킬디아미노에틸글리신염산염액40%,
M040498,이소프로판올,
M285183,락토바실루스아시도필루스∙옥수수전분 혼합물(1:50),
M256203,디클로페낙디에틸아민,
M103550,나이자티딘,
M082676,디에칠렌트리아민,
M070004,수산화나트륨,
M224167,에스트라디올반수화물,
M281992,인슐린라이스프로,
M247535,시스아트라쿠륨베실산염,
M088458,표준화된박테리아배양액,
M088672,글루콘산클로르헥시딘액20%,
M257887,자일로메타졸린염산염,
M248764,염화알루미늄수화물,
M228862,돼지비장가수분해분말(폴리펩타이드로 100mg),
M241360,로피바카인염산염일수화물,
M268672,푸로파라카인염산염,
M089870,요오딕사놀,
M214267,정제불활화 A형 간염바이러스,
M252333,노르에피네프린타르타르산염수화물,
M223230,테스토스테론에난테이트,
M086220,도타,
M040141,메글루민,
M259322,아이오다이즈드오일(양귀비종자 유래 요오드화지방산 에틸에스테르),
M094018,산화재생셀룰로오스,
M040417,에텐자미드,
M088627,패독산연조엑스,
M095195,아르기닌,
M258013,세인트존스워트80%메탄올건조엑스,
M245292,토브라마이신황산염,
M242353,인산이수소칼륨,
M090275,을자탕건조엑스,
M261406,사르포그렐레이트염산염,
M113501,농축콜레칼시페롤 산,
M088707,말레인산피릴라민,
M252035,아세틸-엘-카르니틴염산염,
M084062,프로자임6,
M050590,벤조카인,
M256365,세프타지딤수화물*건조탄산나트륨(수출용1),
M256366,세프타지딤수화물.건조탄산나트륨(수출용2),
M229476,S-아데노실-L-메치오닌-설페이트-P-톨루엔설포네이트,
M257369,프리마퀸인산염,
M080338,염산카로베린,
M100863,타우린(아미노에칠설폰산),
M089103,플루트리마졸,
M080797,디엘염산카르니틴,
M070032,계피틴크,
M050924,알릴이소프로필아세틸요소,
M213890,L-무스콘,
M201415,옥세타자인,
M222876,에피루비신염산염,
M229053,갈근탕 연조엑스(3.33→1),
M259790,상기 물건조엑스,
M051223,유로키나제,
M051378,천남성,
M222878,온단세트론염산염수화물,
M255952,세인트존스워트50%에탄올엑스,
M249118,아세틸-L-카르니틴염산염,
M083504,무피로신,
M083196,세파드록실,
M085197,영묘향,
M102544,센노사이드칼슘,
M258024,감초엑스분말,
M088914,엘무스콘,
M085500,건조밀봉독,
M285768,침강탄산칼슘과립,
M257625,폴리카르보필칼슘,
M254954,세프라딘ㆍ엘아르기닌,
M060264,카보머,
M257238,에스트라머스틴인산나트륨수화물,
M278792,소마토스타틴아세트산염,
M258743,살메테롤지나포산염(미분화),
M088786,엔타카폰,
M050045,과붕산나트륨,
M259406,수크로오스수산화제이철착염,
M283459,에스트라디올반수화물(미분화),
M088518,피브리노겐,
M245142,테이코플라닌,
M268790,고세렐린아세트산염,
M214344,희석한니트로글리세린용액,
M260987,클로스트리디움 보툴리눔A형독소-혈구응집소복합체,
M089058,과산화벤조일,
M252763,아모롤핀염산염,
M263521,미분화플루드로코르티손아세테이트,
M091244,란소프라졸과립,
M088551,바실루스리케니포르미스균,
M082081,플로로글루신,
M051650,인삼엑스산,
M082727,감초엑스산,
M089512,생강엑스산,
M089515,대추엑스산,
M089623,자소엽엑스산,
M089549,전호엑스산,
M089568,반하엑스산,
M089599,갈근엑스산,
M089528,복령엑스산,
M089506,진피엑스산,
M084832,길경엑스산,
M089552,지각엑스산,
M089505,창출엑스산,
M089533,천궁엑스산,
M089600,백지엑스산,
M089617,육계엑스산,
M089573,마황엑스산,
M089507,후박엑스산,
M089119,당귀엑스산,
M089572,건강엑스산,
M090093,작약엑스산,
M089589,향부자엑스산,
M089604,지실엑스산,
M089614,곽향엑스산,
M089576,사인엑스산,
M089628,목향엑스산,
M089587,택사엑스산,
M085093,황백엑스산,
M089626,맥아엑스산,
M089527,백출엑스산,
M089584,신곡엑스산,
M089579,황기엑스산,
M089642,천마엑스산,
M089535,황금엑스산,
M089679,만형자엑스산,
M089680,감국엑스산,
M089608,세신엑스산,
M089546,강활엑스산,
M089547,독활엑스산,
M089564,방풍엑스산,
M089553,맥문동엑스산,
M089524,생지황엑스산,
M089498,시호엑스산,
M089503,치자엑스산,
M089521,목단피엑스산,
M089555,박하엑스산,
M089520,승마엑스산,
M089619,오미자엑스산,
M089525,계지엑스산,
M089536,숙지황엑스산,
M089698,산사엑스산,
M089699,아출엑스산,
M089606,삼릉엑스산,
M089586,청피엑스산,
M089575,행인엑스산,
M089501,대황엑스산,
M089522,황련엑스산,
M089563,형개엑스산,
M089560,연교엑스산,
M258337,상백피엑스산,
M258338,절패모엑스산,
M089561,금은화엑스산,
M089601,도인엑스산,
M089548,지모엑스산,
M051307,백작약,
M040301,소엽,
M100973,갈근탕엑스(10→1),
M088614,담죽엽,
M091423,두시,
M085306,베타카로틴30%현탁액,
M084571,디엘알파초산토코페롤,
M094365,철아세틸트랜스페린,
M083238,아보카도-소야불검화물의추출물,
M071401,캐레웨이유,
M089664,페파민트유,
M092495,에이코사펜타엔산에칠E,
M084809,인삼30%에탄올엑스,
M223270,티오황산나트륨수화물,
M084374,세프미녹스나트륨,
M089833,나테글리니드,
M082884,초산토코페롤50%산,
M050757,석곡,
M083836,청상자,
M081793,질려자,
M082791,석고가루,
M095416,은교산건조엑스,
M223273,티페피딘히벤즈산염,
M220312,인삼건조엑스(6.7→1),
M232771,감초건조엑스(5→1),
M051865,인산피리독살,
M090038,의이인건조엑스,
M259971,퓨시드산수화물,
M202113,홍삼가루,
M257553,셀리프롤롤염산염,
M083069,글루타민,
M095125,수용성아줄렌,
M252270,아이비엽30%에탄올건조엑스(5~7.5->1),
M088545,오르소시폰분말,
M088544,그린티분말,
M100849,브롬화부틸스코폴라민,
M089693,비오디아스타제2000 I,
M092187,리파제II,
M102195,우르소데스옥시콜린산,
M090172,발프로산마그네슘,
M202904,니코틴아마이드,
M256107,엔테로코쿠스페칼리스 F-100균,
M223039,베르베린염화물수화물,
M220819,L-카르보시스테인,
M248295,세인트존스워트80%메탄올엑스,
M256377,서양승마추출액,
M251365,폴리사카리드철착염,
M081683,푸마르산포르모테롤,
M223371,락트산,
M201934,포도당수화물,
M088650,오적산연조엑스,
M090422,편금주초,
M089500,인진호엑스산,
M105816,갈근탕엑스분말(6→1),
M105817,소청룡탕엑스분말(8.4→1),
M051445,말레인산카르비녹사민,
M088641,평위산연조엑스,
M105820,시호계지탕연조엑스(5.34→1),
M088276,용비정건조엑스,
M223064,비스무트차질산염,
M082987,황련가루,
M228349,레보카르니틴,
M080392,콩기름불검화물,
M085003,카산드라놀,
M050363,리놀산에칠,
M081961,염산프라조신,
M051621,염산트리메타지딘,
M255050,락트산마그네슘수화물,
M262092,말레인산 덱스크로르페닐아민,
M226177,이상 건조엑스로서 1.32g,
M225450,이상 물건조엑스로서 1.44그램,
M257059,엔테로코쿠스페슘스트레인세르넬레68균ME,
M084600,디클로페낙칼륨,
M257165,시메트로퓸브롬화물,
M083538,바시트라신아연,
M253274,d-브롬페니라민말레산염,
M110297,슈도에페드린황산염,
M200187,노녹시놀9,
M085156,글루콘산구리,
M222934,글루콘산제일철수화물,
M050081,글루콘산망간,
M246638,아스코르브산97%,
M105459,감초엑스분말(14.3→1),
M105460,인삼건조엑스(14.5→1),
M252538,아르티초쿠스연조엑스,
M223292,푸르설티아민염산염,
M250944,S-아데노실-L-메티오닌황산토실산염,
M223278,판테틴,
M091829,장티푸스균정제브이아이협막폴리사카라이드원말(균주:Salmonella typhi Ty2),
M282063,세인트존스워트50%에탄올건조엑스(4~6→1),
M223470,노스카핀염산염수화물,
M092822,2-데옥시-2-플루오로-디-글루코스(18F)액,
M082529,비파엽,
M080530,과루인,
M241332,황산콘드로이틴나트륨,
M083101,낙산리보플라빈,
M207089,말레인산트리메부틴,
M251996,디클로페낙베타디메틸아미노에탄올,
M040358,인산수소칼슘,
M070200,중주석산-베타-디메칠아미노에탄올,
M040441,염화프랄리독심,
M089609,괄루인엑스산,
M200479,망초(芒硝),
M256407,톨터로딘-L-타르타르산염,
M261204,자나미비르(미분화),
M091762,O-프탈알데하이드,
M212910,인산 오셀타미비르,
M092754,오르리스타트,
M223166,옥시테트라사이클린염산염,
M257314,설포살리실산테트로포스민,
M212826,베티아티드,
M111043,메틸렌디포스폰산,
M106791,피로인산나트륨(결정),
M249817,펜테트산,
M259762,디메르캅토숙신산,
M092133,피틴산나트륨,
M093129,몰리브덴산나트륨(99Mo)액,
M093569,과테크네튬산나트륨(99mTc)주사액,
M093570,염화탈륨(201Tl),
M092003,옥시드론산나트륨,
M094481,요오드화나트륨(131 I)액,
M089485,테트라키스(2-메톡시이소부틸이소니트릴)구리(I)테트라플루오로보레이트,
M091243,염산비시세이트,
M253523,데스로라타딘(미분화),
M269209,인삼40%에탄올건조엑스,
M105078,"테넥테플라제(숙주세포:CHO-DP-12,벡터:pSV16B.TNK,pSV15D,YL1)",
M089851,아이코덱스트린,
M209915,젖산나트륨액 60%,
M283242,레플루노미드(미분화),
M286651,아나스트로졸(미분화),
M089319,엑사메타짐,
M214269,"다음 각각의 폐렴구균 협막형으로부터 추출된 정제 협막 폴리사카라이드 (협막형:1, 2, 3, 4, 5, 6B, 7F, 8, 9N, 9V, 10A, 11A, 12F, 14, 15B, 17F, 18C, 19A, 19F, 20, 22F, 23F, 33F)",
M089874,싸이모신알파1,
M082245,핀넨,
M082246,캄펜,
M050615,보르네올,
M082093,시네올,
M082247,펜콘,
M083749,염화칼슘이수화물,
M102093,염화마그네슘육수화물,
M256640,락트산나트륨50%,
M255049,정제 불활화 인플루엔자바이러스 항원 A형[A/California/07/2009 X-179A (H1N1)],
M262401,정제 불활화 인플루엔자바이러스 항원 A형[A/South Australia/55/2014 IVR-175(H3N2)],
M261196,정제불활화 인플루엔자바이러스항원 B형[B/Phuket/3073/2013],
M237135,비씨지(Tice균주),
M261497,펜타미딘이세티온산염,
M094295,데페록사민메실레이트,
M208257,p-페닐렌디아민,
M050946,메타아미노페놀,
M088781,노말페닐파라페닐렌디아민,
M202207,DL-멘톨,
M244521,설박탐피복실,
M089823,화분추출물분말,
M089824,난백알부민,
M103749,핀넨(α+β),
M103750,멘톤,
M082249,멘톨,
M088967,에바스틴구형과립,
M256034,수도에페드린염산염 과립,
M223042,베타네콜염화물,
M098405,메실산나파모스타트,
M222971,디클록사실린나트륨수화물,
M222846,바캄피실린염산염,
M095773,비타민A,
M099192,건조에르고칼시페롤과립,
M222879,이미페넴수화물,
M095530,실라스타틴나트륨,
M093821,미분화부데소니드,
M083123,고목가루,
M040040,합성규산알루미늄,
M261244,디아스타제.프로테아제.셀룰라제2000Ⅱ,
M040010,겐티아나,
M104750,사칠탕건조엑스(10.1→1),
M082518,작약가루,
M234050,모사프리드시트르산염수화물,
M257055,수산화알루미늄겔(13%),
M257638,온단세트론염산염,
M200641,바실루스폴리퍼멘티쿠스엔에스피균,
M253700,클로스트리듐부티리쿰토아균,
M051498,크로몰린나트륨,
M099648,희석클라불란산칼륨,
M210461,셀레늄0.1%가루,
M083984,아스코르빈산칼슘,
M085471,건조피토나디온5%,
M240616,건조초산토코페롤50%,
M220422,트리플루살장용성과립,
M094172,호박산메토프로롤,
M060542,행인가루,
M110394,아선약 가루,
M089326,활성아타풀지트,
M083647,수산화알루미늄탄산마그네슘혼합건조겔,
M088457,프리마퀸포스페이트,
M099617,엘카르보시스테인,
M249960,사카로마이세스보울라르디균,
M234818,이리노테칸염산염,
M200536,메토카바몰,
M113090,방풍통성산 건조엑스(4.64→1),
M040510,인디고카르민,
M089765,카르보닐철,
M261382,락티톨수화물,
M051383,천오,
M051402,초오,
M089646,건율,
M040394,약용탄,
M089645,에키나시아엑스,
M085338,아지스로마이신,
M223275,파라아미노살리실산칼슘수화물,
M222890,클로페라스틴염산염,
M099414,세라티오펩티다제,
M084729,브롬화시메트로피움,
M051642,염산트리프롤리딘,
M050833,염산슈도에페드린,
M051969,소회향,
M255949,농축콜레칼시페롤과립,
M102315,벨라돈나총알카로이드,
M091257,디히드로아르테미시닌,
M096070,멜릴로투스추출액,
M217127,방풍통성산건조엑스(4.6→1),
M283999,3-요오도벤질구아니딘(131I)액,
M102442,요오드화나트륨(123Ⅰ),
M264742,3-요오도벤질구아니딘(123I)액,
M256775,유리나스타틴,
M259063,페니레프린염산염,
M088629,작약감초탕연조엑스,
M088603,당귀수산연조엑스,
M020020,니스타틴,
M209234,마늘엑스(100→1),
M246661,프라목신염산염,
M086816,조협,
M271999,갈근탕 건조엑스(10→1),
M083116,니프라딜롤,
M051563,무수탄산나트륨,
M040033,무수구연산,
M243362,라록시펜염산염,
M223162,옥시메타졸린염산염,
M244792,토포테칸염산염,
M247040,약독홍역생바이러스(바이러스주: Schwarz strain),
M247042,약독풍진생바이러스(바이러스주: Wistar RA 27/3 strain),
M247041,약독유행성이하선염생바이러스(바이러스주: RIT4385 strain),
M092260,A형간염바이러스항원(균주명:HM175주),
M247095,약독 수두 생바이러스(바이러스주: OKA주),
M093738,멸균등장해수,
M250781,아지트로마이신수화물,
M254092,설타미실린토실산염수화물,
M094202,염화인듐(111 In),
M094203,펜테트레오티드,
M201508,인슐린글라진(유전자재조합),
M262850,아토시반아세트산염,
M250814,카스포펀진아세테이트,
M257134,에스트라디올발레레이트,
M281334,비스쿰알붐(숙주목:프락시니)압축추출액(1→50),
M281332,비스쿰알붐(숙주목:쿠에르쿠스)압축추출액(1→50),
M286592,가니렐릭스아세트산염,
M088936,피마자,
M267385,세파연조엑스(1.8→1),
M070096,글리세로인산나트륨,
M245290,황산마그네슘칠수화물,
M240607,아세트산나트륨삼수화물,
M081583,정제대두유,
M095249,N(2)-엘알라닐-엘글루타민,
M257494,히드록시에틸전분(130/0.4),
M088691,이오버솔,
M097546,아목시실린ㆍ클라불란산칼륨(7:1),
M088527,오자그렐나트륨,
M087324,향소산엑스,
M113490,육계 건조엑스,
M086811,진피건조엑스,
M103252,건강건조엑스(5ㆍ6→1),
M097154,펜토라민메실레이트,
M098218,이소소르비드5모노니트레이트몬탄글리콜왁스혼합물40%,
M256351,빌베리건조엑스,
M050790,염산밤부테롤,
M227508,피리독신염산염97%과립,
M237598,Tinnevelly 센나열매가루,
M100527,신이청폐탕배농산급탕가시호창출건조엑스,
M205918,아목시실린.클라불란산칼륨(2:1),
M051213,우리딘,
M070702,시티딘,
M085432,디나트륨인산덱사메타손,
M040688,페놀,
M257060,동결건조균체용해물(표준화),
M257111,에프로사르탄메실산염,
M099562,리세드론산나트륨,
M250049,아젤라산,
M209812,무수인산일수소 칼슘,
M089594,산화제이동,
M040249,비타민A유,
M247420,가수과산화벤조일,
M083783,자하거엑스,
M040512,인산리보플라빈나트륨,
M070967,요오드화이소프로파마이드,
M051644,염산트리플루오페라진,
M084178,히드록시벤조일안식향산프로녹스디아진,
M020133,염산클린다마이신,
M082480,달맞이꽃종자유,
M050720,천연캡사이신,
M258627,벤다작리신수화물,
M257159,페노피브레이트 과립(미분화),
M084579,덱사메타손프로피오네이트,
M254966,물연조엑스,
M262289,디아스타제·프로테아제·셀룰라제2000II,
M267319,황련건조엑스(8.93→1),
M238263,길경50%에탄올건조엑스(10→1),
M082565,대황가루,
M096619,비오디아스타제2000Ⅳ,
M260674,리파아제Ⅱ,
M249576,아스트로마이신황산염,
M247177,세포티암염산염ㆍ건조탄산나트륨,
M050570,베타메타손인산나트륨,
M089565,L-아스파라긴산-L-오르니친,
M081581,마늘유동엑스,
M020145,황산토브라마이신,
M099891,아이비엽70%에탄올유동엑스,
M101706,그린티80%에탄올엑스,
M268925,마늘건조엑스(100→1),
M050353,로얄제리,
M086779,염산아이다루비신,
M083570,펠비낙,
M088585,인동,
M050324,내복자(나복자),
M207122,2-데옥시-2-플루오로-D-글루코스(18F)액,
M040651,염산톨라졸린,
M259053,소타롤염산염,
M258931,디사이클로민염산염,
M094230,신선한비스쿰알붐(아종:말리)1밀리그람에서추출한수용성엑스,
M094231,신선한비스쿰알붐(아종:말리)5밀리그람에서추출한수용성엑스,
M094233,신선한비스쿰알붐(아종:말리)10밀리그람에서추출한수용성엑스,
M093588,신선한비스쿰알붐(아종:말리)20밀리그람에서추출한수용성엑스,
M094234,신선한비스쿰알붐(아종:말리)30밀리그람에서추출한수용성엑스,
M094232,신선한비스쿰알붐(아종:말리)50밀리그람에서추출한수용성엑스,
M094235,신선한비스쿰알붐(아종:말리)100밀리그람에서추출한수용성엑스,
M094237,신선한비스쿰알붐(아종:아비에티스)1밀리그람에서추출한수용성엑스,
M094242,신선한비스쿰알붐(아종:아비에티스)5밀리그람에서추출한수용성엑스,
M094238,신선한비스쿰알붐(아종:아비에티스)10밀리그람에서추출한수용성엑스,
M094236,신선한비스쿰알붐(아종:아비에티스)20밀리그람에서추출한수용성엑스,
M094240,신선한비스쿰알붐(아종:아비에티스)30밀리그람에서추출한수용성엑스,
M094241,신선한비스쿰알붐(아종:아비에티스)50밀리그람에서추출한수용성엑스,
M094239,신선한비스쿰알붐(아종:아비에티스)100밀리그람에서추출한수용성엑스,
M040528,젖산,
M268261,단삼·삼칠연조엑스(7~10→1),
M099428,합성용뇌,
M090774,염산프로구아닐,
M104501,디프테리아톡소이드(균주명:Mass8주),
M104500,파상풍톡소이드(균주명:Massachusetts주),
M245422,"백일해톡소이드(균주명:Tohama주, 1상)",
M245423,"불활화백일해균선모적혈구응집소(균주명:Tohama주, 1상)",
M245424,"불활화백일해균69kDa외막단백질(균주명:Tohama주, 1상)",
M096015,이뮤노시아닌,
M279926,항디사람면역글로불린,
M051854,피로인산나트륨,
M050086,엘글루타민산,
M050861,엘시스테인,
M050983,엘아스파라긴산,
M080272,엘아르기닌,
M082831,엘리신용액50%,
M085778,엘염산오르니친,
M249678,락트산(S)-나트륨액(60%),
M089439,돼지폐추출물,
M050186,리팍시민,
M263747,폴리트로핀베타,
M084987,카보플라틴,
M251855,L-아스파르트산-L-아르기닌,
M051971,약용효모,
M081430,케라틴,
M231166,파라아미노안식향산,
M093788,약독일본뇌염생바이러스(바이러스주:SA14-14-2),
M102279,에타너셉트,
M259898,α-히드록시-DL-메티오닌칼슘,
M259894,α-케토-DL-이소류신칼슘,
M259895,α-케토류신칼슘,
M259897,α-케토발린칼슘,
M259896,α-케토페닐알라닌칼슘,
M111543,황기 건조엑스,
M084355,음양곽35%에탄올엑스,
M103916,갈근탕연조엑스(4.32→1),
M102681,벨로테칸(CKD-602),
M217061,글리실-L-글루타민,
M217062,글리실-L-티로신,
M052002,히알우로니다제,
M040625,탄닌산,
M250314,오테라실칼륨,
M090060,크리아제-PEG,
M252679,β-카로틴20%과립,
M084605,몰리브덴함유건조효모,
M086923,치옥트산,
M085378,플루오로메토론,
M082733,몰약틴크,
M082703,라타니아틴크,
M082899,카모밀레틴크,
M099907,콜레칼시페롤과립,
M250406,아스코르브산과립,
M247029,방풍통성산건조엑스에프(4.64→1),
M084179,홍화유,
M020001,황산겐타마이신,
M273456,알파-토코페롤아세테이트 농축분말,
M080685,보에마이트,
M050753,수크랄페이트,
M051574,테마제팜,
M020164,황산폴리믹신비,
M051825,염산플라복세이트,
M099756,미세화페노피브레이트혼합분말,
M087262,펠레트에제피된염산록사티딘아세테이트,
M252201,마페니드아세트산염,
M202139,황산폴리믹신B,
M243857,젬시타빈염산염,
M051366,진주,
M051946,호박,
M051206,우담남성,
M051385,천축황,
M084362,센토리초,
M099169,도그로스,
M083422,레비스티근,
M083423,로즈마리엽,
M092161,락토바실루스카제이변종람노수스의동결건조배양물,
M213606,L -포스포트레오닌,
M213600,L-포스포세린,
M202243,L-시트룰린,
M095151,엘염산아르기닌,
M050884,엘시트룰린,
M086712,인진호탕건조엑스,
M243979,탐스로신염산염,
M250929,팜시클로비르,
M086772,이부프로펜제피세립,
M102822,인진호탕건조엑스(10→1),
M084118,호박산디알파토코페롤,
M099034,방풍통성산건조엑스에프,
M239907,건조레티놀팔미테이트과립,
M113486,노회 건조엑스,
M223176,이펜프로딜타르타르산염,
M260878,L-아스파라트산-L-오르니틴수화물,
M020068,세팔로틴나트륨,
M250713,세팔렉신나트륨수화물,
M256395,포도씨건조엑스,
M081371,설파메톡사졸나트륨,
M082938,트라넥사민산,
M099656,미코페놀레이트나트륨,
M098171,리스페리돈서방성미립구,
M102759,정제올리브유,
M251255,정제콩기름,
M050894,신나리진,
M247682,클로르헥시딘아세트산염,
M098170,에르타페넴나트륨,
M257533,티로피반염산염수화물,
M098432,아티카인염산염,
M263954,칼멭게량균(Mycobacterium bovis(B.C.G))(Danish 1331주),
M103745,"3,3-디포스포노-1,2-프로판디카르복실산(DPD)나트륨",
M101901,자하거추출물,
M243338,폴리에틸렌글리콜4000,
M088717,수질,
M088582,오공,
M089307,자충,
M260738,페노피브레이트(미분화),
M252091,L-리신아세테이트산염,
M040650,톨나프테이트,
M254326,알베린시트르산염,
M270852,이트라코나졸펠렛,
M211373,아목시실린:클라불란산칼륨(4:1),
M223755,50%토코페롤아세테이트,
M100982,감초건조엑스(5ㆍ9->1),
M253687,메톡시페나민염산염,
M278783,반하사심탕연조엑스(3.8∼4.7→1),
M085770,탐스로신서방립,
M250064,이다루비신염산염,
M081416,초산아연,
M040110,염산디펜히드라민,
M103661,에치나세아플푸르틴크D2,
M103662,에치나세아안구스티폴틴크D2,
M258860,페린도프릴-t-부틸아민,
M250545,세프프로질수화물,
M252000,이미페넴수화물ㆍ실라스타틴나트륨,
M256849,티아민질산염 97%과립,
M249854,L-아스파르트산-L-오르니틴수화물,
M051750,무수포도당,
M080903,설글리코타이드,
M094366,은교산연조엑스,
M262979,아목시실린·클라불란산칼륨,
M251913,아이비엽30%에탄올건조엑스(5~7.5→1),
M100066,은교산건조엑스(8ㆍ16->1),
M212193,염산아세틸-L-카르니틴,
M250953,아세트산아연수화물,
M020194,포스포마이신나트륨,
M249996,무수황산제이구리,
M101122,췌장의단백분해효소,
M081192,메칠엔에스디아세틸시스테인,
M262325,디아스타제·프로테아제N1,
M211997,"메칠-N,S-디아세틸시스테인",
M261950,구형흡착탄,
M081336,염산플루나리진,
M092184,아세브로필린(아세필린산암브록솔),
M082873,췌장단백분해효소,
M262090,나파모스타트메실산염,
M284616,베어베리엽건조엑스,
M284617,오르소시폰엽40%에탄올건조엑스(5→1),
M284618,레스트애로우근30%에탄올건조엑스(6.5→1),
M284619,골든로드50%에탄올건조엑스(5.5→1),
M206239,알렌드론산나트륨,
M020086,아세틸스피라마이신,
M020218,황산네틸마이신,
M085445,향갈탕연조엑스,
M085739,철단백추출물수화글리세린액,
M213686,시아노코발라민0.1%,
M089580,0ㆍ1%시아노코발라민,
M102164,염산베니디핀,
M087259,피토나디온5%건조분말,
M100202,사람면역글로불린-지,
M249840,사람 피브리노겐,
M010107,항파상풍사람면역글로불린,
M202641,비형간염사람면역글로불린,
M010053,사람혈액응고제IX인자복합체,
M246436,히스타민염산염,
M249811,농축사람항트롬빈III,
M085442,수두사람면역글로불린,
M225567,FVIII:C단클론항체정제사람혈액응고제VIII:C인자,
M091023,피토나디온5%,
M245627,농축콜레칼시페롤유,
M101555,아세틸로이신,
M086042,구연산알베린,
M261283,엔테로코쿠스페칼리스BIO-4R균,
M211346,폴리에틸렌글리콜400,
M227233,포비돈 K25,
M255554,에토필린니코티네이트,
M040734,프로필치오우라실,
M051324,젖산마그네슘,
M082563,노회가루,
M244253,아세트산무수물,
M089940,데소나이드,
M040741,플루오시놀론아세토니드,
M096440,13C-요소,
M255188,프로시클리딘염산염,
M087215,피페라실린나트륨ㆍ타조박탐나트륨,
M103869,피페라실린수화물,
M103868,타조박탐,
M210120,2-데옥시-2-플루오로-디-글루코스(18F),
M262010,L-아스파르트산칼륨,
M097628,폰다파리눅스나트륨,
M086106,나드로파린칼슘,
M111626,발간시클로비르염산염,
M246107,봉합단백 중 피브리노겐,
M051001,아프로티닌,
M254968,사람트롬빈,
M089677,에탄올,
M089299,알파토코페롤,
M100480,인산리보플라빈나트륨이수화물,
M100479,코카르복실라제사수화물,
M111680,L-아스파라긴산마그네슘·칼륨등량혼합물,
M261389,트립토렐린파모산염,
M263079,아타자나비르황산염,
M224624,엘-이소류신,
M230900,엘-염산히스티딘,
M241184,인산이수소나트륨이수화물,
M228772,초산마그네슘사수화물,
M234559,초산나트륨 삼수화물,
M230895,엘-류신,
M040309,수산화칼륨,
M224275,엘-리신염산염,
M224258,엘-메티오닌,
M230898,엘-글루타민산아르기닌,
M051398,초산마그네슘,
M090233,초산나트륨,
M101731,카바마이드퍼옥시드,
M050064,구연산칼슘,
M100487,아시타자노라스트수화물,
M100660,베미파린나트륨,
M102512,트리클라벤다졸,
M102559,이버멕틴,
M243848,클로피도그렐황산수소염,
M249816,메글루민·가도펜테테이트,
M104035,갈근탕가천궁신이연조엑스(수분함유율40%),
M102283,울금건조엑스(15→1),
M102282,황금건조엑스(6→1),
M102281,황련건조엑스(6→1),
M102280,황백건조엑스(6→1),
M102645,목단피건조엑스(4→1),
M246348,서양칠엽수종자엑스(6→1),
M102646,자근건조엑스(3→1),
M102338,발살라지드이나트륨이수화물,
M085679,세프테람피복실,
M200489,메게스트롤아세테이트,
M245404,애엽95%에탄올 연조엑스(20→1),
M250541,클로피도그렐황산염,
M269365,피타바스타틴칼슘수화물,
M085085,히드리스벤조일퍼옥시드,
M089022,호박산토코페롤칼슘,
M099286,염산아르기닌,
M040046,아미노초산,
M089841,염산히스티딘,
M100897,에데트산칼슘디나트륨,
M251235,세프카펜피복실염산염수화물,
M087101,토라세미드,
M270410,오메가-3-산에틸에스테르90,
M082985,황산망간일수화물,
M226183,아스코르빈산과립97%,
M227389,토코페롤아세테이트50%,
M248796,셀레늄가루 0.1%,
M210984,방풍통성산건조엑스(4.64->1),
M099959,말레인산클로로페니라민,
M275432,포도엽 건조엑스,
M082625,건조콜레칼시페롤,
M257538,가티플록사신수화물,
M085703,콜린알포세레이트,
M100608,말레인산암로디핀,
M040118,정제라놀린,
M269019,양파추출액(1.8→1),
M225309,히드로탈시드,
M273503,양파 건조엑스(1.8→1),
M213282,양파연조엑스(1.8→1),
M051551,키모트립신,
M050596,니코틴산벤질(피리딘-베타-카르복실산벤질에스테르),
M212207,L-염산시스테인,
M084469,데속시콜린산,
M214295,L-메치오닌,
M212208,L-염산오르니친,
M083062,간장농축엑스,
M208314,양파추출액,
M254208,탄산칼슘 95%과립,
M253533,알렌드론산나트륨삼수화물,
M084969,아세폰산메칠프레드니솔론,
M243784,β-카로틴30%현탁액,
M082204,글리세로인산칼슘,
M081871,글리세로인산마그네슘,
M250273,몰리브덴산나트륨수화물,
M256358,티옥트산트로메타민,
M224238,아스코르브산97,
M204925,성인용흡착디프테리아톡소이드(균주명:Park William # 8株),
M214589,흡착파상풍 톡소이드(Clostridium tetani Massachusetts F1),
M223336,피코설페이트나트륨수화물,
M270284,인삼30%에탄올건조엑스(6.7→1),
M258439,글루타랄농축액,
M250856,비오디아스타제2000Ⅱ,
M040018,고목,
M102829,진광탕연조엑스,
M213791,은교산건조엑스(8.16→1),
M082592,티미딘,
M050928,염산아모디아퀸,
M051800,프로자임,
M211366,방기황기탕건조엑스(7.52→1),
M241012,아선약20%에탄올추출액(1→2.5),
M259678,황련·황백50%에탄올추출액(1→2.5),
M241014,황금연조엑스(2.5→1),
M266787,용담에탄올추출액(1→0.88),
M103670,헤데라건조엑스분말(5.8→1),
M103671,지미건조엑스분말(7→1),
M103672,프리뮤라건조엑스분말(6.5→1),
M092630,약독수두생바이러스(균주:MAV/06 Strain),
M243841,불활화한탄바이러스(바이러스주:ROK 84/105),
M020216,염산세프메녹심,
M247470,시트르산칼슘수화물,
M100654,염산레르카니디핀,
M102392,고추엑스(12ㆍ5→1),
M071814,산초30%에탄올연조엑스,
M255459,피리티온아연 액,
M104093,농축콜레칼시페롤(유상형),
M233523,염산-L-시스테인,
M216236,L-초산리신,
M207070,글리세로인산나트륨(무수물로서),
M112911,백혈구여과제거적혈구,
M258078,페메트렉시드이나트륨칠수화물,
M256999,발라시클로비르염산염,
M200173,나프타존,
M250547,엘로티닙염산염,
M251493,지프라시돈염산염 일수화물,
M102630,함수과산화벤조일,
M102146,시베레스타트나트륨수화물,
M102330,설파헥사플루오라이드,
M255340,사람 혈장 유래 혈액응고인자 XIII,
M217624,아프로티닌용액,
M093878,"인플릭시맵(숙주:SP2/0,벡터:pA2HG1pgpt,pA2HuKapgpt)",
M286029,인슐린글루리신(유전자재조합),
M040739,플루오레세인나트륨,
M257735,β-카로틴10%,
M257734,아스코르브산 과립90%,
M112103,플루르비프로펜나트륨,
M102500,판크레아틴장용성제피정,
M084049,표준화된동결건조균체용해물,
M260134,초산아연이수화물,
M090208,중쇄트리글리세라이드,
M086212,대두유,
M085066,페닐알라닌,
M104146,염산히스티딘일수화물,
M081907,알라닌,
M050979,아스파라긴산,
M085161,글루타민산,
M096663,프롤린,
M089112,세린,
M090757,메치오닌,
M040554,초산칼륨,
M082328,로이신,
M095198,이소로이신,
M260146,염산라이신,
M090697,트레오닌,
M216460,트립토판,
M095200,발린,
M091013,초산아연2수화물,
M081078,초산마그네슘4수화물,
M040230,불화나트륨,
M284425,에탄올(95),
M102203,저농도과초산평형혼합물,
M083887,트립프토판,
M051997,히스티딘,
M089842,2-케토글루타르산수소칼륨,
M050400,만니톨,
M210377,아셀렌산나트륨오수화물,
M094322,농축콜레칼시페롤분말,
M250724,메틸프레드니솔론아세포네이트,
M089843,자하거가수분해물,
M100530,헤모코아귤라제액,
M082187,브롬화이프라트로피움일수화물,
M091246,염산벤라팍신서방성과립,
M209056,히알루로니다제,
M246292,나프실린나트륨·시트르산나트륨수화물,
M080779,염산도부타민,
M020134,인산클린다마이신,
M081060,염산디페메린,
M040724,염산프로카인,
M050660,염산브롬헥신,
M269385,이상연조엑스,
M256553,빌베리건조엑스3.0%,
M254618,빌베리열매건조가루,
M100799,철만니톨난단백,
M086424,무이라푸아마목부가루,
M090214,다미아나엽가루,
M086217,다미아나엽엑스,
M082349,요힘베피엑스,
M082346,무이라푸아마목부엑스,
M102665,디클로페낙에폴아민,
M258148,과아세트산액,
M237131,클로스트리디움 보툴리눔 독소 A형 (Hall 균주),
M280586,전혈,
M270249,농축적혈구,
M279192,세척적혈구,
M206365,신선동결혈장,
M215863,동결혈장,
M249885,동결침전제제,
M278333,농축혈소판,
M281338,농축백혈구,
M279031,백혈구여과제거성분채혈혈소판,
M010048,인적혈구농축액,
M102703,동결침전사람혈장,
M256707,보르테조밉삼합체,
M102671,탄산란탄,
M094334,혈액응고8인자항체우회활성복합체,
M201201,에녹사파린나트륨,
M253720,"인슐린디터머(숙주:S. Cerevisiae, 벡터: pAK729.6.16-△amp)",
M082700,덱사메타손인산나트륨,
M040297,센나,
M245287,정제어유(고단위 오메가-3 지방산 함유),
M101406,길경엑스산(10→1),
M230816,감초엑스산(5→1),
M101061,향소산건조엑스(8->1),
M236690,사포그릴레이트염산염,
M244278,세프피롬황산염,
M100082,삼인산아데노신이나트륨,
M261355,"혈액응고인자IX, 노나코그-알파(유전자재조합)(숙주:CHODUKX-B11세포)(발현벡터:pMT2-IX,pEA-PACE-SOL)",
M089670,미코페놀레이트모페틸,
M050397,마치현,
M051958,황단,
M082147,도지,
M050751,상지,
M051234,유지,
M050755,석검,
M040255,산사자,
M200239,니코틴아미드,
M202138,황산콘드로이틴소듐,
M085155,시클로피록스올아민,
M262327,재조합인난포자극호르몬,
M050075,결정황산글루코사민,
M100656,디엘세린,
M105501,"아달리무맙(숙주:CHO cell,벡터:pA205,종세포주:M-970321-6)",
M040598,콜리스틴메탄설폰산나트륨,
M214408,화이트페트롤라튬,
M247202,레티놀아세테이트 과립,
M086528,벨라돈나총알칼로이드,
M020079,아목시실린,
M020089,암피실린,
M212136,유비데카레논10%,
M220328,유비데카레논(코엔자임Q10),
M088901,피레트린엑스,
M051882,피페로닐부톡시드,
M083633,수용성폴렌엑스,
M253028,아스코르브산칼슘수화물,
M223345,황산철수화물,
M083769,지용성폴렌엑스,
M253027,"농축레티놀팔미테이트(유상형, 합성)",
M211704,카페알로에,
M237510,황백연조엑스(3.3-->1),
M237511,치자연조엑스(3.0-->1),
M283736,메틸프레드니솔론아세포네이트(미분화),
M284574,아젤라산(미분화),
M269062,모사프리드시트르산염이수화물,
M211465,건조레드클로버엑스,
M103065,에틸포메이트,
M280401,네비보롤염산염(미분화),
M246172,"약독 수두생바이러스(바이러스주: Oka/Merck주, 세포주: MRC-5)",
M095436,부펙사막,
M040543,차몰식자산비스무스,
M218098,이산화티탄,
M210119,미카펑긴나트륨,
M212802,"불활화A형간염바이러스(바이러스주:GBM주, 세포주:MRC 5)",
M249997,메틸아미노레불린산염산염,
M247305,시트룰린말산염,
M207096,메브로페닌,
M089423,압식시맙,
M284837,락티카제이바실루스람노수스R0011균락토바실루스헬베티쿠스R0052균혼합분말,
M253530,이매티닙메실산염,
M246698,시스테인염산염수화물,
M252443,소청룡탕연조엑스[2.77→1],
M102050,콜레칼시페롤농축분말,
M200077,건조엑스,
M010128,B형간염사람면역글로불린,
M205671,헤마토포르피린유도체,
M215380,포스포마이신트로메탐올혼합분말,
M269591,유전자재조합 인성장호르몬(소마트로핀),
M251739,로피바카인염산염수화물,
M258141,과아세트산액0.13%,
M255066,이르소글라딘말레산염,
M086831,주석산콜린,
M085347,염산오르니친,
M081627,글라이신,
M200199,농축간장엑스,
M106790,합성비타민A농축분말,
M222874,알푸조신염산염,
M105109,카밀레화틴크(1:5.5),
M227893,육계70%에탄올틴크(1->5),
M101460,건강70%에탄올틴크(1→5),
M206774,감초엑스(4→1),
M101459,진피70%에탄올틴크(1→5),
M250180,세페핌염산염수화물·L-아르기닌,
M071904,염화알루미늄,
M247392,"소마트로핀(균주: E.coli BL21(DE3), 벡터: pT0191)",
M207237,클로피도그렐레지네이트,
M207837,"재조합인에리스로포이에틴(숙주:CHO,벡터:pSVEp2neo)",
M201348,오메프라졸장용과립,
M259890,라록시펜염산염일수화물,
M243038,모사프리드시트르산염,
M200668,베실산아트라쿠륨,
M222951,데히드로콜산,
M259618,후박75%에탄올연조엑스(5→1),
M241237,메틸프레드니솔론아세폰산염,
M050439,초산메칠프레드니솔론,
M247345,바레니클린타르타르산염,
M214404,리마프로스트알파덱스,
M095123,니코틴폴라크리렉스,
M082813,사유,
M082696,동클로로필,
M247651,건조레티놀아세테이트분말,
M236177,아스코르브산 90%과립,
M257644,에리트로마이신스티노프레이트,
M089397,가도펜테틴산메글루민,
M085441,세보플루란,
M081053,수산화마그네슘30%페이스트,
M090052,염산도네페질,
M040172,메페네신,
M020148,티로트리신,
M206628,인삼70%에탄올연조엑스(2.5→1),
M266957,필시카이니드염산염수화물,
M101588,염산테라조신,
M249446,폴리트로핀(재조합-인난포자극호르몬),
M213121,피페라실린나트륨·타조박탐나트륨,
M211331,건조초산레티놀과립,
M099262,니코틴산아미드3배산,
M212495,황기엑스 (7.4→1),
M084754,홍삼30%에탄올건조엑스,
M245904,작약엑스 (5.9→1),
M212706,정제튜베르쿨린(Tuberculin PPD RT 23),
M250505,디메크로트산마그네슘,
M094441,정제된특수처치젤라틴,
M085541,나디플록사신,
M102733,보센탄수화물,
M086763,에탄올96%,
M213532,프로판올,
M229816,세프디니르일수화물,
M212872,"약독 G1 재배열 로타생바이러스(바이러스주: 사람WI79-소WC3 재배열, 세포주: Vero)",
M212873,"약독 G2 재배열 로타생바이러스(바이러스주: 사람SC2-소WC3 재배열, 세포주: Vero)",
M212874,"약독 G3 재배열 로타생바이러스(바이러스주: 사람WI78-소WC3 재배열, 세포주: Vero)",
M212875,"약독 G4 재배열 로타생바이러스(바이러스주: 사람BrB-소WC3 재배열, 세포주: Vero)",
M212876,"약독 P1A[8] 재배열 로타생바이러스(바이러스주: 사람WI79-소WC3 재배열, 세포주: Vero)",
M213777,인유두종바이러스 6형 L1 단백질,
M213778,인유두종바이러스 11형 L1 단백질,
M213779,인유두종바이러스 16형 L1 단백질,
M213780,인유두종바이러스 18형 L1 단백질,
M100544,방풍통성산건조엑스,
M095484,디메크로틴산마그네슘,
M250668,클로피도그렐베실산염,
M249428,니카메테이트시트르산염,
M249438,세레노아레펜스리피도스테롤추출물,
M082730,감초건조엑스,
M215173,라파티닙 디토실레이트,
M217070,도그로스(시노스바티실),
M080671,염산암브록솔,
M083400,로키타마이신,
M246848,우루소데옥시콜산,
M261193,수크로스수산화제이철착염,
M095552,이미퀴모드,
M251876,비스무트차살리실산염,
M216713,동결침전물제거혈장,
M095201,결합형에스트로겐,
M285465,레트로졸(미분화),
M261778,디아스타제.프로테아제,
M250726,D-α-토코페롤아세테이트,
M099196,주사침,
M080471,요오드화티에모늄,
M088337,폴리소르베이트80,
M246059,팔로노세트론염산염,
M089875,재조합인간인터페론베타-1a,
M089913,폴리트로핀알파(재조합-인간난포자극호르몬),
M250438,세트로렐릭스아세트산염,
M100817,루트로핀알파(인황체형성호르몬)(유전자재조합),
M099861,코리오고나도트로핀알파(재조합태반성성선자극호르몬),
M086116,농축콜레칼시페롤,
M082845,제피아스코르빈산96%,
M237926,호박산초산토코페롤칼슘,
M252615,리신아세트산염,
M248956,"재조합인에리스로포이에틴(숙주:CHO dhfr-,벡터:pDCE)",
M221599,리세드론산나트륨일수화물,
M103798,요소(¹³C),
M095314,염산피페타네이트,
M220868,클로피도그렐나파디실레이트일수화물,
M070197,염산푸르설티아민,
M253648,불활화폴리오바이러스 제1형 (바이러스주명: Mahoney주),
M253649,불활화폴리오바이러스 제2형 (바이러스주명: MEF-1주),
M253650,불활화폴리오바이러스 제3형 (바이러스주명: Saukett주),
M221339,혈액응고인자VIII(유전자재조합),
M096854,미세화페노피브레이트구형과립,
M249411,리세드론산나트륨2.5수화물,
M245359,무수리세드론산나트륨,
M086307,로자탄칼륨,
M257069,소라페닙토실레이트(미분화),
M222123,2-데옥시-2플루오로-D-글루코스(18F),
M095661,멸균천연해수,
M084752,히스타민2염산염,
M222614,이오비-디티피에이,
M279247,갈설파제(재조합 인간 N-아세틸갈락토사민 4-설파타제),
M222826,"인터페론베타-1b(숙주:E.coli strain MM294-1, 벡터:pSY2501)",
M223874,승마40%이소프로판올건조엑스(6~11 : 1),
M240201,플루다라빈포스페이트,
M096205,포르피머나트륨,
M207452,의이인엑스(13→1),
M224417,이소소르비드액,
M202242,L-리신일수화물,
M212922,황산시부트라민,
M221771,이그나시아 trituration D3,
M221772,승마 trituration D2,
M221773,세피아 trituration D2,
M221774,생귀나리아 trituration D6,
M088897,염산로피니롤,
M084604,마늘가루,
M253520,p-아미노벤조산,
M234430,니트로 푸루시드 나트륨,
M223175,이소프로테레놀염산염,
M080329,수산나프로닐,
M083714,염산티자니딘,
M224075,오적산건조엑스,
M082366,과산화수소수35%,
M262548,3'-데옥시-3'-플루오로티미딘(18F)액,
M087112,타이코플라닌,
M088647,염산모엑시프릴,
M089923,히드로클로로치아짓,
M206930,Mycobacterium bovis(B.C.G.) Tokyo 172 strain,
M040533,주석산,
M281891,14C우레아,
M251340,클로피도그렐캄실산염,
M251842,세프라딘·L-아르기닌,
M070532,브롬화피리도스티그민,
M233016,미분화플루티카손푸로에이트,
M221172,건조엑스로서,
M089138,젤라틴,
M095224,고추엑스,
M202249,L-히스티딘염산염,
M102573,테오브로민,
M071414,카제인,
M040633,탄산칼륨,
M080391,구연산칼륨,
M093880,분리대두단백질,
M217507,치아민염화물염산염,
M080210,아스코르빈산나트륨,
M084012,트리카프릴린,
M234116,임자유,
M081003,팜유,
M082418,말토덱스트린,
M040210,정제백당,
M200129,구연산나트륨수화물,
M234183,아니둘라펀진과당혼합물,
M261813,소청룡탕연조엑스(6.3→1),
M086205,디클로페낙디에칠암모늄,
M089636,젖산암모늄액,
M235162,알파트라디올,
M086538,분무건조아시트레틴25%,
M235712,포스페니토인나트륨,
M235768,랄테그라비르칼륨,
M228002,베타히스틴염산염,
M281109,쿠쿠르비트종자유엑스(15~25→1),
M084756,현초가루,
M070865,알긴산,
M237022,페니라민말레산염,
M237067,"인유두종바이러스-16 L1 (숙주: Trichoplusia ni Hi-5 Rix4446, 벡터: rBaculo4449)",
M237068,"인유두종바이러스-18 L1 (숙주: Trichoplusia ni Hi-5 Rix4446, 벡터: rBaculo4450)",
M259133,에티닐에스트라디올(EE-베타덱스 포접체로서),
M089424,염산젬시타빈,
M099259,팔미틴산레티놀과립,
M081229,인산칼슘,
M207833,아셀렌산,
M082930,택사가루,
M085699,저령가루,
M085643,시호가루,
M082740,목단피가루,
M088556,승마가루,
M088555,반하가루,
M239060,베클로메타손 디프로피오네이트,
M088695,푸마르산포르모테롤이수화물,
M239145,맥문동탕연조엑스(7.1→1),
M213442,재조합인간상피세포성장인자,
M240683,메로페넴삼수화물,
M269969,"옥토코그알파(혈액응고인자VIII,유전자재조합)",
M254430,"세페핌염산염,L-아르기닌",
M262994,펠라고니움시도이데스11%에탄올추출물(1→8~10)·말토덱스트린혼합물(1:4.56),
M244912,메톡시폴리에칠렌 글리콜-에포에틴 베타,
M089858,파미드론산나트륨오수화물,
M241000,"베록토코그알파(혈액응고인자 VIII, 유전자재조합) (숙주: CHO(Chinese Hamster Ovary) DG44, 발현벡터: pCMVFVIII-A, pCMVFVIII-C, pCMV/zeo-vWF)",
M241023,칼팍탄트,
M241168,폴리데옥시리보뉴클레오타이드나트륨,
M241547,레드클로버70%에탄올건조엑스세립,
M250274,염화크롬수화물,
M040155,살리실산메칠,
M242942,아르니카몬타나 1M,
M242943,아르니카몬타나 12C,
M217121,아이비엽30%에탄올엑스(5~7.5→1),
M086534,부플로메딜인산피리독살,
M086613,셀룰라제AP3 III,
M243123,이상의 연조엑스로서,
M088637,마자인환연조엑스,
M102986,L-히스티딘염산염일수화물,
M218168,아세트산 칼륨,
M243248,아세트산마그네슘사수화물,
M232769,알로에건조엑스(20:1),
M103738,볼도엽건조엑스(5:1),
M232770,시나라건조엑스(4:1),
M083577,비스벤티아민,
M257024,황산제이구리,
M265855,아토르바스타틴스트론튬오수화물,
M245135,센나및센나열매메탄올건조엑스(1000→7),
M281524,쌍황련75%에탄올연조엑스,
M245239,비티스비니페라엽 건조엑스 (4-6->1),
M245289,글리세로인산나트륨(무수물),
M105265,황산아연칠수화물,
M209361,초산 L-리신,
M245376,"백시니아 생바이러스 (바이러스주:NYCBOH주, 세포명:MRC-5세포)",
M245395,알러젠추출물 (집먼지진드기 정제추출물),
M215074,베실산클로피도그렐,
M099032,방풍통성산건조엑스(4ㆍ6->1),
M279105,구풍해독탕건조엑스,
M233228,콜레칼시페롤농축물(분말형),
M245562,애엽95%에탄올연조엑스 (20->1),
M256855,발라시클로비르염산염수화물,
M241764,리도카인염산염,
M088225,애엽95%에탄올연조엑스,
M081195,오로트산시프로헵타딘,
M102300,세툭시맙,
M253929,클로스트리디움보툴리눔독소A형(Clostridium botulinum CBFC26),
M255360,알릴이소프로필아세틸우레아,
M207845,D-소르비톨액 70%,
M225558,차전자피(Plantaginis ovatae testa : Ispaghula husk),
M092572,유포자성유산균,
M256536,폴리크레줄렌액50%,
M251288,이상 수침건조엑스로서,
M040733,프로필렌글리콜,
M255024,로쿠로늄브롬화물,
M286563,정제불활화인플루엔자바이러스항원A형[A/Missouri/11/2025 IVR-279(H1N1)],
M286606,정제불활화인플루엔자바이러스항원A형[A/Michigan/105/2025IVR-285(H3N2)],
M286540,정제불활화인플루엔자바이러스항원B형[B/Tokyo/EIS13-175/2025],
M258605,티아민 디설피드,
M246567,클로스트리디움 보툴리눔 독소 A형 (150kDa) (Hall균주),
M050657,말레인산브롬페니라민,
M082513,돼지뇌추출가수분해물,
M040815,후추,
M246674,디프테리아톡소이드(균주명:C.diphtheriae L34T1주),
M246675,파상풍톡소이드(균주명: C.tetani Boston II 60주),
M251558,백일해톡소이드(균주명: B. Pertussis 10536주),
M251559,FHA(균주명: B. Pertussis 10536주),
M251560,FIM 2+3(균주명: B. Pertussis 10536주),
M251561,PRN(균주명: B. Pertussis 10536주),
M246716,하이드로코르티손-17-발레레이트,
M252634,시메티콘파우더,
M246740,건조토코페롤아세테이트 50% Type,
M254428,r-오리자놀,
M203977,파라아미노벤조산,
M081457,글리시리진산디칼륨,
M081458,포수테르핀,
M110035,시트르산칼슘,
M258486,시트르산마그네슘,
M286539,정제불활화인플루엔자바이러스항원A형[A/Michigan/105/2025 SAN-049A(H3N2)],
M286102,정제불활화인플루엔자바이러스항원A형[A/Switzerland/6849/2025 IVR-278(H1N1)],
M286103,정제불활화인플루엔자바이러스항원A형[A/Singapore/GP20238/2024 IVR-277(H3N2)],
M282088,정제불활화인플루엔자바이러스항원B형[B/Austria/1359417/2021 BVR-26],
M247022,브롬페니라민말레산염,
M102173,아선약20%에탄올추출액(1->2ㆍ5),
M102175,황련ㆍ황백50%에탄올추출액(1->2ㆍ5),
M103010,황금연조엑스(2ㆍ5→1),
M248656,사황산건조엑스(5→1),
M040541,질산칼륨,
M269434,일불소인산나트륨,
M060580,후박가루,
M247156,디프테리아 톡소이드(균주명:1514-N-3S주),
M247157,파상풍톡소이드(균주명:1472-C주),
M247158,백일해톡소이드(균주명:1591주),
M247159,필라멘트 헤마글루티닌(균주명:1591주),
M244695,불활화 폴리오바이러스 제2형(바이러스주: MEF-1주),
M244697,불활화 폴리오바이러스 제3형(바이러스주: Saukett주),
M245846,산화질소,
M246366,트리프로리딘염산염,
M093131,황산마그네슘7수화물,
M234568,아세트산나트륨 3수화물,
M267777,정제불활화 인플루엔자바이러스항원 A형[A/Singapore/INFIMH-16-0019/2016 IVR-186 (H3N2)],
M267776,정제불활화 인플루엔자바이러스항원 B형[B/Maryland/15/2016 NYMC BX-69A],
M246732,에키나시아푸르푸레아 허바팅크,
M246733,에키나시아푸르푸레아 뿌리팅크,
M099809,다베포에틴알파,
M247508,정제불활화인플루엔자바이러스항원 A형[A/California/7/2009 NYMC X-179A (H1N1)],
M246487,도세탁셀삼수화물,
M262958,판크레아틴장용성제피미세정,
M247667,E.coli strain Nissle 1917의 동결건조물,
M247882,E.coli strain Nissle 1917의 Biomass,
M246477,베클로메타손 디프로피오네이트 무수물,
M247897,오셀타미비르인산염,
M081384,수산화제이철폴리말토스복염,
M251765,레날리도마이드반수화물,
M091722,디프테리아톡소이드(Park-Williams Noㆍ8균주),
M217392,파상풍톡소이드(Harvard 균주),
M255155,포스포마이신나트륨ㆍ시트르산,
M085464,세프부페라존나트륨,
M248875,에쿨리주맙,
M249007,도세탁셀무수물,
M246785,건조레티놀아세테이트,
M249401,차전자가루,
M215296,당화균,
M086301,락토민,
M284294,드로네다론염산염(미분화),
M249413,도리페넴일수화물,
M280458,리세드론산나트륨수화물,
M248019,티자니딘염산염,
M208129,ℓ- 멘톨,
M241854,dℓ-캄파,
M249637,"정제폐렴구균폴리사카라이드(혈청형 1,3,4,5,6A,6B,7F,9V,14,18C,19A,19F,23F)-디프테리아CRM197단백질접합체(균주: S. pneumoniae strains(혈청형 1,3,4,5,6A,6B,7F,9V,14,18C,19A,19F,23F), C. diphtheriae C7(β197) strain),(벡터: pPX3520)",
M250223,"폐렴구균다당류(혈청형 1, 4, 5, 6B, 7F, 9V, 14, 18C, 19F, 23F)-NTHi 단백질 D, 파상풍톡소이드, 디프테리아톡소이드 접합체 [균주: S. pneumoniae주](규격:혈청형별 각각 별규)",
M106908,"위령선,괄루근,하고초30%에탄올엑스(40:1)",
M088300,"위령선,괄루근,하고초30%에탄올엑스",
M250927,위령선·괄루근·하고초30%에탄올엑스(40→1),
M249784,흡수성콜라겐헤모스탯,
M253211,세프타지딤수화물ㆍ건조탄산나트륨,
M250071,설박탐나트륨ㆍ세포페라존나트륨,
M249863,에날라프릴말레인산염,
M281840,모메타손푸로에이트(미분화),
M249991,오메가-3-산에틸에스텔90,
M256843,테노포비르디소프록실푸마르산염,
M086743,염산온단세트론이수화물,
M259927,도세탁셀수화물,
M252095,"불활화 콜레라균(V. Cholerae Inaba 6973 El Tor biotype, Formalin inactivated)",
M250078,"불활화 콜레라균(V. cholerae Inaba 48 classical biotype, heat inactivated)",
M250079,"불활화 콜레라균(V. cholerae Ogawa 50 classical biotype, heat inactivated)",
M250080,"불활화 콜레라균(V. cholerae Ogawa 50 classical biotype, Formalin inactivated)",
M250081,"유전자재조합콜레라독소 B (Vibrio cholerae Inaba 213 classical biotype, Recombinant, 숙주: Vibrio cholera 213, 벡터: pKK223-3)",
M250091,"활성형 엡타코그알파(유전자재조합, 혈액응고인자 VIIa)(숙주 BHKtk ts13, 벡터 c13_6-pDX)",
M262968,아바카비르황산염,
M250146,덱스메데토미딘염산염,
M250166,불활화 폴리오 바이러스제1형(균주명:Mahoney주),
M102929,불활화 폴리오 바이러스제2형(균주명:MEF-1주),
M250167,불활화 폴리오 바이러스제3형(균주명:Saukett주),
M257051,세페핌염산염수화물ㆍL-아르기닌,
M259405,카르복시말토오스수산화제이철착염,
M240297,세페핌염산염,
M083902,캄파,
M237403,메로페넴 건조탄산나트륨,
M215556,포비돈 K30,
M250510,프라수그렐염산염,
M250527,"베록토코그알파(혈액응고인자VIII,유전자재조합)(숙주:CHO(Chinese Hamster Ovary) DG44, 발현벡터 pCMVFVIII-A, pCMVFVIII-C, pCMV/zeo-vWF)",
M260948,피오글리타존염,
M250353,"정제B형간염표면항원단백(벡터: pYLBC ADHII/GAP ub sAg, 숙주: Saccharomyces cerevisiae AB110)",
M252358,"헤모필루스인플루엔자비형균협막다당류.파상풍톡소이드접합체(헤모필루스인플루엔자비형균주 ATCC31441, 파상풍균주 Harvard43415)",
M252447,"헤모필루스 인플루엔자 비형균 협막다당류.파상풍톡소이드접합체(균주: Haemophilus influenzae type b(ATCC 31441),  Clostridium tetani(Harvard 43415))",
M250572,"불활화백일해균(백일해균 262, 345, 358 균주)",
M250573,디프테리아톡소이드(디프테리아 Park-Williams 8/W균주),
M250574,파상풍톡소이드(Harvard 43415 균주),
M250603,페라미비르수화물,
M257807,에카베트나트륨수화물,
M269777,텔미사르탄파우더(23.9%),
M093002,집먼지진드기정제추출물,
M090472,아데노신트리포스페이트디나트륨삼수화물,
M247077,오메가3산트리글리세라이드,
M093709,수산화제이철수크로오스복염,
M250997,우레아(14C),
M246161,직타용아스코르브산97%,
M251047,청위산건조엑스(8→1),
M247314,세프카펜피복실염산염,
M251111,5-아미노레불린산 염산염,
M091278,식물성단백질,
M232655,토코페롤아세테이트 농축분말,
M093734,시아노코발라민산,
M251254,저유당유단백질,
M082399,경질탄산마그네슘,
M211965,유청분말,
M040450,옥수수전분,
M251256,대두피식이섬유분말,
M251334,프로파라카인염산염,
M258896,발라시클로비르염산염1.5수화물,
M251441,세페펨염산염,
M269427,세프피롬황산염 · 건조탄산나트륨,
M251455,약독 사람 로타 생바이러스 (바이러스주: RIX4414주),
M093648,콜레칼시페롤농축물(유상형),
M020206,라타목세프나트륨,
M099554,펜토산폴리설페이트나트륨,
M088531,팜시클로버,
M251630,다비가트란에텍실레이트메실산염,
M251638,집먼지진드기정제추출액,
M251691,탄산칼슘 91%과립,
M218189,농축콜레칼시페롤(분말형),
M251833,황련수포화부탄올건조엑스(4.5~7→1),
M283215,덱사메타손(미분화),
M092285,이베사탄,
M255852,세포페라존나트륨 · 설박탐나트륨,
M251905,카바지탁셀아세톤용매화물,
M251930,세프디니르무수물,
M251963,세포티암헥세틸염산염,
M252014,N-(3-플루오르프로필)-2베타-카르복시-메톡시-3베타-(4-[123I]아이오도페닐)-트로판,
M252025,실로스타졸(미분화),
M040632,탄산수소칼륨,
M262141,"정제불활화인플루엔자바이러스항원 A형 [A/California/7/2009,NYMC-181(H1N1)]",
M252175,현호색·견우자(5:1) 50% 에탄올 연조엑스(9.5~11.5→1),
M252178,폴리네이트나트륨,
M252180,로플루밀라스트(미분화),
M250939,테트라코삭티드,
M252321,핀골리모드염산염,
M082182,나트륨,
M051452,칼륨,
M051453,칼슘,
M050385,마그네슘,
M071088,염소,
M251512,탄산수소염,
M252411,우스테키누맙,
M252471,카프레오마이신황산염,
M105222,데타펜타,
M252565,울리프리스탈 아세테이트,
M252442,디에노게스트(미분화),
M252637,비스쿰알붐 (아종:아비에티스) 60mg에서 추출한 수용성 엑스,
M262818,시아노코발라빈 1000배산,
M252874,아스코르브산나트륨,
M248126,센나열매가루(Tinnevelly),
M070875,애엽,
M256524,피로나리딘인산염,
M080835,인삼건조엑스,
M082860,진피연조엑스,
M252921,프로게스테론(미분화),
M253177,비스쿰알붐 (아종: 아비에티스) 60밀리그램에서 추출한 수용성엑스,
M253167,세벨라머탄산염,
M106631,카르베토신,
M085565,시클로스포린,
M250372,세틸피리디늄염화물수화물,
M255069,펠라고니움시도이데스11%에탄올추출물(1→8~10) 글리세린혼합액(8:2),
M258628,펠라고니움시도이데스11%에탄올엑스(1→8∼10)·글리세린혼합액(8:2),
M254252,펠라고니움시도이데스11%에탄올추출물(1→8∼10)·글리세린혼합액(8:2),
M279109,펠라고니움시도이데스11%에탄올추출물(1→8~10)ㆍ글리세린혼합액(8:2),
M254154,펠라고니움시도이데스11%에탄올추출물(1→8~10)●글리세린혼합액(8:2),
M257385,펠라고니움시도이데스11%에탄올엑스(1→8~10)·글리세린혼합액(8:2),
M253397,사람 C1-에스테라제 억제제,
M253432,바제독시펜아세테이트,
M253522,졸레드론산일수화물,
M283320,아픽사반(미분화),
M086039,경질산화마그네슘,
M253597,"진피, 후박, 현호색, 아선약 70% 에탄올연조엑스(3→1)",
M095863,서양산사자60%에탄올엑스,
M093087,헤민,
M203064,리도카인염산염일수화물,
M253703,디쿠아포솔나트륨,
M086701,사람피브리노겐농축물,
M253745,"N-{6-[4-({2-[4-(1,3-벤조디옥솔-5-일메틸)-1-피페라지닐]-2-옥소에틸}메틸아미노)-2-메틸페녹시]-3-피리디닐}-4-(트리플루오로메틸)벤즈아미드",
M253750,라도티닙염산염,
M286354,이두설파제-베타,
M253914,아스피린장용펠렛,
M253921,릴피비린염산염,
M250842,베타카로틴현탁액30%,
M254013,콜리스틴메탄설포네이트나트륨,
M254131,베타인무수물,
M265871,당귀·모과·방풍·속단·오가피·우슬·위령선·육계·진교·천궁·천마·홍화25%에탄올연조엑스(3.5→1),
M020304,세프타지딤,
M254317,카르글루민산,
M081380,염산아데닌,
M252166,육계유,
M261464,디아스타제·프로테아제·셀룰라제1000,
M254413,페메트렉시드이나트륨염2.5수화물,
M265214,레보플록사신½수화물,
M281737,에스트라디올발레레이트(미분화),
M082623,겐티아나가루,
M083252,인산이수소나트륨일수화물,
M254634,수막구균 A군 올리고당과 디프테리아 CRM197 단백질 접합체,
M254635,수막구균 C군 올리고당과 디프테리아 CRM197 단백질 접합체,
M254636,수막구균 W135군 올리고당과 디프테리아 CRM197 단백질 접합체,
M254637,수막구균 Y군 올리고당과 디프테리아 CRM197 단백질 접합체,
M225607,시아노코발라민 1%,
M254733,판크레아스분말,
M254776,에스-판토프라졸나트륨삼수화물,
M118332,알카프타딘,
M254995,프랄라트렉세이트,
M254961,애엽이소프로판올연조엑스(20→1),
M254964,인플릭시맵,
M266660,소마토스타틴아세테이트,
M282778,베무라페닙고체분산체,
M255112,L-글루타민산·L-리신염(1:1) 이수화물,
M084022,황산아연일수화물,
M103767,인산프리마퀸,
M255195,"골리무맙(유전자재조합, 숙주 : Sp2/0-Ag14, 벡터 : p1860, p1865)",
M255209,에리불린메실산염,
M040405,에치닐에스트라디올,
M102275,황산수소클로피도그렐,
M082018,브롬화베쿠로니움,
M255472,디클로페낙디에틸아민염,
M094212,이미글루세라제,
M255552,슈가마덱스나트륨,
M256078,페메트렉시드 이나트륨 2.5수화물,
M051686,판테놀,
M255643,프루칼로프라이드숙신산염,
M086546,베타카로틴20%과립,
M256036,바실루스나토엔티주균 가루,
M085431,당약가루,
M070034,계피가루,
M082986,회향가루,
M256363,메틸메티오닌설포늄염화물,
M263473,디메틸폴리실록산ㆍ이산화규소혼합물,
M252474,판토텐산칼슘에스,
M254495,락툴로오스농축액,
M255947,사람응고성단백질,
M223049,벤잘코늄염화물 액,
M095721,티로트로핀(TSH)알파,
M222824,알글루코시다제 알파(재조합 인간 효소 산성 알파-글루코시다제),
M100837,라로니다제(재조합인간 알파-엘이두로니다제),
M118334,레보폴린산,
M082487,파마브롬,
M224562,이두설파제(재조합 이두로네이트-2-설파타제),
M105790,아갈시다제베타(재조합인간알파갈락토시다제A),
M223200,클로니딘염산염,
M256208,도세탁셀무수화물,
M203039,락티톨일수화물,
M256935,모사프리드시트산염이수화물,
M270068,발라시클로버염산염수화물,
M261673,아그누스카스투스열매60%에탄올건조엑스(6~12→1)·콜로이드성이산화규소혼합물(1:1),
M246314,로쿠로니움브롬화물,
M257168,로미뎁신,
M257193,날푸라핀염산염,
M257239,에프도파(18F)액,
M285852,세프트리악손나트륨수화물(수출용),
M257265,판크레아틴장용성제피펠렛,
M255019,로베글리타존황산염,
M257367,카르니틴오로트산염,
M257405,테리플루노마이드,
M257582,클라불란산칼륨ㆍ티카실린나트륨 (1:15),
M254710,불활화 세포배양 일본뇌염 바이러스(바이러스주명:Beijing-Handai),
M257639,알파케토-디엘-이소류신칼슘,
M257640,알파케토류신칼슘,
M096386,알파케토페닐알라닌칼슘,
M096387,알파케토발린칼슘,
M257641,알파히드록시-디엘메티오닌칼슘,
M080248,경질유동파라핀,
M071725,황색바셀린,
M235596,테오필린무수물,
M229372,합성히드로탈시트,
M082844,정향가루,
M083704,울금가루,
M086601,생강가루,
M257951,인삼에탄올건조엑스(14.5→1),
M090141,감초엑스가루,
M257952,창출건조엑스(10→1),
M257953,리파제AP12,
M257983,엔테카비르수화물,
M102444,글리세로인산나트륨오수화물,
M084556,갈근탕엑스,
M104005,소청룡탕엑스,
M258058,BDDE가교히알루론산나트륨겔,
M251918,락툴로오스액,
M091606,작약감초탕엑스,
M258126,포르모테롤푸마르산염수화물(미분화),
M081164,지속성질산이소소르비드펠렛,
M258284,계지복령환엑스,
M258316,알티옥트산트로메타민염,
M222902,프로파페논염산염,
M099871,페그인터페론알파-2b(유전자재조합),
M096119,클로스트리디움보툴리눔독소A형,
M279113,육군자탕엑스,
M258532,가미소요산엑스,
M250482,발라시클로버염산염,
M205350,판토텐산칼슘 타입S,
M270799,아리피프라졸(미분화),
M258689,을자탕엑스,
M258683,십미패독탕엑스,
M089461,황련해독탕엑스,
M258690,육미지황환엑스,
M258738,라듐-223 염화물 용액,
M258764,트라스투주맙엠탄신,
M258765,피페라실린나트륨·타조박탐나트륨(8:1),
M263114,"소마트로핀(숙주:E.coli, K-12 MG1655, 벡터:pHGH)",
M258803,아파티닙이말레산염,
M050254,디부카인,
M246647,신이건조엑스(9.1→1),
M258688,당귀작약산엑스,
M245268,회향 30% 에탄올틴크(1→5),
M259064,육계30%에탄올유동엑스,
M085746,창출30%에탄올유동엑스,
M252973,감초30%에탄올유동엑스,
M259110,베다퀼린푸마르산염,
M269066,클리피도그렐황산염,
M259326,덱사메타손포스페이트나트륨,
M255938,"모록토코그알파(혈액응고인자 VIII, 유전자재조합)(숙주 CHO DG44 세포)(발현백터 pKGE439)",
M259196,토파시티닙시트르산염,
M258691,오령산엑스,
M226813,비타민D3타입100CWS,
M279114,길경·행인·인삼가루,
M258685,팔미지황환엑스,
M251707,자오가·우슬·방풍·두충·구척·흑두건조엑스(20→1),
M040423,염산,
M259386,L-아스코르브산나트륨,
M259387,마늘엑스가루(100→1),
M259388,황기건조엑스(8→1),
M259389,자오가건조엑스(25→1),
M101710,홍삼70%에탄올연조엑스,
M279117,서양승마60%에탄올건조엑스(4.5~8.5→1)포비돈혼합물(3:1),
M258684,시호계지탕엑스,
M259628,철이소말토시드착염,
M259646,글리코피로니움브롬화물,
M085059,피라루비신,
M084527,계지가용골모려탕엑스,
M278007,멜라토닌,
M255887,플루오르화나트륨 F-18액,
M286567,"정제불활화인플루엔자바이러스항원A형[A/Missouri/11/2025 (H1N1)pdm09-like strain (A/Switzerland/6849/2025, IVR-278)]",
M286568,"정제불활화인플루엔자바이러스항원A형[A/Darwin/1454/2025 (H3N2)-like strain (A/Michigan/105/2025, SAN-049A)]",
M286569,"정제불활화인플루엔자바이러스항원B형[B/Tokyo/EIS13-175/2025-like strain (B/Tokyo/EIS13-175/2025, wild type)]",
M259809,아클리디니움브롬화물(미분화),
M259813,빌란테롤트리페나테이트(미분화),
M283839,정제불활화인플루엔자바이러스항원A형[A/Victoria/4897/2022 IVR-238(H1N1)],
M285529,"정제불활화인플루엔자바이러스항원A형[A/Croatia/10136RV/2023, NIB-146(H3N2)]",
M241189,건조레티놀아세테이트과립,
M263358,묽은클라불라산칼륨,
M259850,결합형에스트로겐4.29%,
M270138,에스오메프라졸마그네슘삼수화물(미분화),
M260037,포말리도마이드,
M285632,이브루티닙(미분화),
M266551,에스오메프라졸마그네슘염삼수화물,
M279128,돌루테그라비르나트륨(미분화),
M260227,베라글루세라제알파,
M260262,메타콜린염화물,
M260268,이프라글리플로진L-프롤린,
M260513,길초근45%메탄올건조엑스(5∼8→1)·말토덱스트린·무수콜로이드성이산화규소혼합물(75:24.8:0.2),
M260514,호프45%메탄올건조엑스(7∼10→1)·말토덱스트린·무수콜로이드성이산화규소혼합물(70:29.8:0.2),
M260331,오비누투주맙,
M222866,시메티딘염산염,
M260415,덱사메타손시페실레이트(미분화),
M261980,펠라고니움시도이데스11%에탄올추출물(1→8~10),
M259899,아데노신트리포스페이트이나트륨삼수화물,
M260596,암모니아 N13 액,
M257995,글라티라머아세트산염,
M267961,펠라고니움시도이데스11%에탄올건조엑스(5.5~6.6→1),
M260639,마시텐탄(미분화),
M260734,포스카네트 나트륨 수화물,
M260745,트레할로스수화물,
M051803,프로테아제,
M260768,갈근탕연조엑스(3.08→1),
M260766,소청룡탕연조엑스(1.67→1),
M260793,플루오로프로필씨아이티(18F)액,
M082533,무수황산마그네슘,
M090882,라세카도트릴,
M267595,수막구균 혈청형 A 다당류와 디프테리아톡소이드 접합 단백질,
M267596,수막구균 혈청형 C 다당류와 디프테리아톡소이드 접합 단백질,
M267597,수막구균 혈청형 Y 다당류와 디프테리아톡소이드 접합 단백질,
M267598,수막구균 혈청형 W-135 다당류와 디프테리아톡소이드 접합 단백질,
M222401,dl-캄퍼,
M250010,중쇄트리글리세리드,
M261010,이필리무맙,
M261380,폴리데옥시리보뉴클레오티드나트륨,
M260147,나프로닐옥산산염,
M040676,유동파라핀,
M261974,정제디프테리아톡소이드 (디프테리아균 Park-Williams No.8주),
M261975,정제파상풍톡소이드 (파상풍균 Harvard A-47주),
M261976,정제백일해방어항원 (백일해균 Tohama1상주),
M232675,감초엑스 (5.9→1),
M232676,길경엑스 (3.7→1),
M261243,의이인탕엑스,
M261256,이소프로필메틸페놀,
M258692,방풍통성산엑스,
M286607,정제불활화인플루엔자바이러스표면항원A형[A/Tasmania/318/2025(CVR-359)(H1N1)],
M286608,정제불활화인플루엔자바이러스표면항원A형[A/Darwin/1415/2025(CVR-400)(H3N2)],
M286609,정제불활화인플루엔자바이러스표면항원B형[B/Tokyo/EIS13-175/2025],
M285606,"정제불활화인플루엔자바이러스항원A형[A/Croatia/10136RV/2023, X-425A(H3N2)]",
M258687,시호가용골모려탕엑스,
M253050,디페메린염산염,
M261330,갈근탕가천궁신이엑스,
M261482,"불활화 콜레라균(V.cholerae O1 Inaba Cairo 48 classical biotype, Heat inactivated)",
M261483,"불활화 콜레라균(V.cholerae O1 Inaba Phil 6973 El Tor biotype, Formalin inactivated",
M261484,"불활화 콜레라균(V.cholerae O1 Ogawa Cairo 50  classical biotype, Formalin inactivated)",
M261485,"불활화 콜레라균(V.cholerae O1 Ogawa Cairo 50  classical biotype, Heat inactivated)",
M261486,"불활화 콜레라균(V.cholerae O139 4260B, Formalin inactivated)",
M116653,플루오르화나트륨(18F) 액,
M261531,엘로설파제알파,
M261532,탈티렐린수화물,
M089689,판크레아틴I,
M261590,맥문동탕연조엑스(2.7→1),
M261597,가미귀비탕엑스,
M082029,목근피틴크,
M203215,벤조산,
M222904,플루티카손프로피오네이트,
M261677,도핵승기탕엑스,
M261691,마황탕엑스,
M261692,계지가작약탕엑스,
M261693,소시호탕엑스,
M083007,향부자가루,
M084944,진피가루,
M040606,크레오소트,
M261747,니볼루맙,
M261748,펨브롤리주맙,
M261774,반하후박탕엑스,
M261811,브롬화티오트로피움일수화물(미분화),
M261839,일본뇌염 생바이러스(유전자재조합)(바이러스주: SA14-14-2),
M263073,"혈액응고인자Ⅸ,노나코그감마(유전자재조합)",
M207536,카바마이드퍼옥사이드,
M241013,황련ㆍ황백50%에탄올추출액(1→2.5),
M261964,타파미디스메글루민염(미분화),
M261985,메틸프레드니솔론숙시네이트나트륨ㆍ건조인산나트륨ㆍ무수인산이수소나트륨,
M089048,칼슘폴리카르보필,
M070426,재조합사람에리스로포이에틴,
M269642,펠라고니움시도이데스11%에탄올건조엑스(5.5∼6.6→1),
M262063,에스오메프라졸마그네슘과립,
M091196,무피로신칼슘,
M283482,에스오메프라졸장용코팅펠렛22.85%,
M261840,간가수분해물(4→1),
M253233,엔테카비르일수화물,
M223048,벤잘코늄염화물,
M262184,염화제이구리수화물,
M262185,염화제이철수화물,
M262186,염화망간수화물,
M097351,아셀렌산나트륨,
M040434,염화아연,
M200462,마페니드아세테이트,
M102669,니코틴폴라크릴렉스,
M285492,작약감초탕 건조엑스(3.4∼5.1→1),
M097021,인산수소나트륨이수화물,
M262496,창출연조엑스(2.7~3.3→1),
M262505,복령연조엑스(14.0~17.1→1),
M262506,천궁연조엑스(3.0~3.7→1),
M262507,백지연조엑스(2.2~2.7→1),
M267552,진피연조엑스(2.6~3.2→1),
M262499,후박연조엑스(7.8~9.5→1),
M262510,감초연조엑스(2.4~2.9→1),
M262511,생강연조엑스(12.3~15.0→1),
M262508,반하연조엑스(1.8~2.2→1),
M262509,육계연조엑스(7.9~9.6→1),
M262497,마황연조엑스(2.2~2.7→1),
M262512,대추연조엑스(1.5∼1.9→1),
M262500,길경연조엑스(2.3~2.8→1),
M262501,지각연조엑스(1.4~1.7→1),
M262502,당귀연조엑스(2.1~2.6→1),
M262503,건강연조엑스(1.5~1.8→1),
M262504,작약연조엑스(3.3~4.0→1),
M262653,에독사반토실산염수화물,
M262704,치자건조엑스(4.2~5.1→1),
M262705,황금건조엑스(3.2~4.0→1),
M262706,황련건조엑스(8.1~9.9→1),
M262707,황백건조엑스(6.7~8.2→1),
M262708,반하건조엑스(5.9~7.3→1),
M262709,복령건조엑스(90.0~111.1→1),
M262710,감초건조엑스(5.4~6.6→1),
M262711,생강건조엑스(26.0~31.7→1),
M262712,진피건조엑스(4.5~5.6→1),
M262723,반하연조엑스(1.9~2.4→1),
M262724,황금연조엑스(1.8~2.2→1),
M262725,인삼연조엑스(2.2~2.7→1),
M262727,건강연조엑스(2.2~2.7→1),
M262728,황련연조엑스(4.5~5.5→1),
M262729,생강연조엑스(6.5~8.0→1),
M262730,대추연조엑스(1.2~1.5→1),
M262733,코리오고나도트로핀알파,
M249464,가니렐릭스아세트산염(가니렐릭스로서),
M258178,시메티콘 유제30%,
M282749,에제티미브(미분화),
M262847,비타민A아세테이트과립,
M088446,니코틴산아미드99ㆍ5%,
M089071,셀렌산나트륨,
M259980,콜레칼시페롤혼합물,
M282096,트라메티닙디메틸설폭시드(미분화),
M262889,렌바티닙메실산염,
M262936,보중익기탕엑스,
M254744,브롬페낙나트륨수화물,
M262983,사프롭테린이염산염,
M222945,노르에티스테론아세테이트,
M263017,블리나투모맙,
M071543,퍼메트린,
M263076,엘리글루스타트타르타르산염,
M115484,코비시스타트이산화규소,
M249191,탤크,
M262732,카밀레화틴크(1:4.5),
M263104,대황감초탕건조엑스(5→1),
M263166,코네스타트 알파(유전자재조합 사람 C1 에스테라제 억제제),
M263171,오셀타미비르,
M279125,독실아민숙신산염,
M273071,세틸피리디늄염화물,
M263188,"실툭시맙 (단클론항체, 유전자재조합)",
M263223,아탈루렌,
M118315,데쿠알리늄염화물,
M234840,테스토스테론운데카노에이트,
M201202,에다라본,
M071260,천궁건조엑스,
M263313,아리피프라졸일수화물,
M262152,정제불활화 인플루엔자바이러스 표면항원 B형[B/Phuket/3073/2013],
M091839,인성장호르몬(유전자재조합)(벡터:pYLBC ADH/GAP hGH 숙주:Saccharomyces cerevisiae 2150),
M094404,정제불활화인플루엔자바이러스항원,
M263444,디메틸푸마르산염,
M263457,인유두종바이러스 31형 L1 단백질,
M263458,인유두종바이러스 33형 L1 단백질,
M263459,인유두종바이러스 45형 L1 단백질,
M263460,인유두종바이러스 52형 L1 단백질,
M263461,인유두종바이러스 58형 L1 단백질,
M245060,콜로이드성이산화규소,
M263493,레날리도마이드수화물,
M263500,비스쿰알붐(아종:말리)수용성추출물(1→5),
M263503,비스쿰알붐(아종:쿠에르쿠스)수용성추출물(1→5),
M040061,노회,
M263532,레스트애로우근엑스(5∼8→1)·유당수화물혼합물(4:1),
M263533,오르소시폰엽엑스(5∼7→1)·스프레이건조글루코스액혼합물(9:1),
M263534,골든로드엑스(4∼7→1)·말토덱스트린혼합물(9:1),
M263549,아스포타제알파,
M263645,이다루시주맙,
M095079,과탄산나트륨,
M237233,헤파리노이드,
M263730,세벨리파제알파,
M263770,메폴리주맙,
M263824,사쿠비트릴·발사르탄나트륨염수화물,
M263873,티아민모노포스페이트클로라이드,
M260428,아세트산마그네슘수화물,
M245920,"파상풍톡소이드와접합된헤모필루스인플루엔자비형균다당류[균주: Haemophilus influenzae type b 1482(제조원균주번호 2164), 접합단백질용 균주: Clostridium tetani Havard 49205(제조원균주번호 1472C)]",
M264001,레티놀팔미테이트농축분말,
M260795,인산수소마그네슘수화물,
M264019,오시머티닙메실산염,
M260433,펠라고니움시도이데스11%에탄올추출물(1→8∼10),
M264048,피마사르탄칼륨삼수화물과립,
M264065,아스피린과립,
M263103,제미글립틴타르타르산염1.5수하물,
M264171,인산나트륨수화물,
M092232,리신염산염,
M254091,리바록사반(미세화),
M284478,정제불활화인플루엔자바이러스항원A형[A/Thailand/8/2022 IVR-237(H3N2)],
M280334,갈근연조엑스(2.5∼3.1→1),
M280335,마황연조엑스(3.8∼5.1→1),
M280336,작약연조엑스(2.8～3.4→1),
M280337,계지연조엑스(7.6～11.4→1),
M280338,감초연조엑스(2.1∼2.5→1),
M280339,생강연조엑스(5.1～6.9→1),
M280340,대추연조엑스(1.8∼2.2→1),
M118313,솔리페나신푸마르산염,
M102718,소청룡탕건조엑스(13→1),
M264371,창출연조엑스(2.3~2.8→1),
M264380,복령연조엑스(30.0~36.7→1),
M264381,천궁연조엑스(2.6~3.1→1),
M264382,백지연조엑스(2.7~3.3→1),
M264383,반하연조엑스(2.0~2.4→1),
M264384,육계연조엑스(8.8~10.8→1),
M264385,감초연조엑스(2.8~3.4→1),
M264386,생강연조엑스(7.5~9.2→1),
M264372,마황연조엑스(3.4~4.2→1),
M262498,진피연조엑스(1.7~2.1→1),
M264374,후박연조엑스(6.9~8.5→1),
M264375,길경연조엑스(1.8~2.2→1),
M264376,지각연조엑스(1.5~1.8→1),
M264377,당귀연조엑스(2.5~3.1→1),
M264378,건강연조엑스(1.7~2.0→1),
M264379,작약연조엑스(2.4~3.0→1),
M280429,반하연조엑스(0.7∼0.8→1),
M280430,복령연조엑스(5.8∼7.8→1),
M280423,진피연조엑스(2.3～2.8→1),
M280391,오미자연조엑스(3.6～4.4→1),
M280393,세신연조엑스(3.5～4.3→1),
M280395,건강연조엑스(2.9～3.6→1),
M280428,천궁연조엑스(2.1～2.6→1),
M280431,청피연조엑스(1.2～1.5→1),
M280432,지각연조엑스(1.5∼1.8→1),
M280433,백출연조엑스(2.8～3.4→1),
M280422,창출연조엑스(2.9～3.6→1),
M280424,후박연조엑스(5.4～7.4→1),
M280499,백지연조엑스(3.6∼4.4→1),
M280501,육계연조엑스(6.9∼10.4→1),
M280492,길경연조엑스(2.3∼2.8→1),
M280494,당귀연조엑스(2.8～3.4→1),
M264018,길경엑스산(3.7→1),
M103034,DL-포스포세린,
M101437,팔리비주맙,
M281118,"정제불활화인플루엔자바이러스항원B형[B/California/12/2015, NYMC BX-59B]",
M246263,니코틴산아마이드,
M264728,엘비테그라비르(미분화),
M278212,테노포비르알라페나미드헤미푸마르산염,
M256270,이산화규소흡착코비시스타트,
M088363,피도티모드,
M264760,로피바카인염산염,
M264419,미코페놀레이트나트륨(미분화),
M264844,알렉티닙염산염(미분화),
M264783,유럽집먼지진드기 정제추출물,
M264784,아메리카집먼지진드기 정제추출물,
M283936,농축비타민A분말(합성),
M265212,판토프라졸헤미마그네슘수화물,
M265337,과아세트산액0.2%,
M117840,강활 연조엑스(2.6~3.2→1),
M117841,방풍 연조엑스(2.5~3.1→1),
M274988,천궁 연조엑스(2.1∼2.6→1),
M117843,백지 연조엑스(3.6~4.4→1),
M117844,창출 연조엑스(2.9~3.6→1),
M117845,황금연조엑스(1.5~1.9→1),
M273020,생지황 연조엑스(3.6~4.9→1),
M279182,세신연조엑스(3.5~4.3→1),
M258748,d-α-토코페롤숙시네이트,
M203826,카나마이신황산염,
M092604,미세화페노피브레이트,
M264491,아테졸리주맙,
M265404,베클로메타손디프로피오네이트무수물(미분화),
M265526,알리로쿠맙,
M264981,솔리페나신타르타르산염,
M087234,피레녹신,
M080602,과산화수소수30%,
M265579,뮤코폴리사카리드폴리설페이트,
M265755,차아염소산나트륨0.14%액,
M265785,서양칠엽수종자50%에탄올건조엑스(4.5∼5.5→1)·덱스트린혼합물(100:10),
M105518,락툴로오즈액,
M265868,오미자연조엑스(2.5~3.1→1),
M265869,계지연조엑스(15.9~19.5→1),
M265870,세신연조엑스(4.7~5.8→1),
M263140,카르필조밉,
M264866,세프톨로잔황산염,
M117355,타조박탐나트륨,
M265974,에볼로쿠맙,
M265973,(S)-젖산,
M118314,루파타딘푸마르산염,
M265751,베시포비르디피복실말레산염,
M265866,에피나코나졸,
M266215,에프트레노나코그-알파(혈액응고인자IX-Fc융합단백)(유전자재조합),
M266235,복령건조엑스(90.9~111.1→1),
M266236,후박건조엑스(18.2~22.2→1),
M266240,자소엽건조엑스(9.1~11.1→1),
M266238,대추건조엑스(2.5~3.1→1),
M266245,시호연조엑스(4.5~5.6→1),
M266246,황금연조엑스(2.0~2.5→1),
M266247,감초연조엑스(2.3~2.8→1),
M266248,생강연조엑스(6.1~7.4→1),
M266249,대추연조엑스(1.2~1.4→1),
M266241,창출연조엑스(1.5∼1.8→1),
M266242,후박연조엑스(5.6∼6.8→1),
M266243,진피연조엑스(1.9∼2.3→1),
M266244,곽향연조엑스(3.0∼3.7→1),
M283939,"정제불활화인플루엔자바이러스항원A형[A/Victoria/4897/2022 (H1N1)pdm09 - like strain (A/Victoria/4897/2022, IVR-238)]",
M284739,"정제불활화인플루엔자바이러스항원A형[A/Thailand/8/2022 (H3N2)-like strain (A/California/122/2022, SAN-022)]",
M266472,"정제 불활화 인플루엔자 바이러스 항원 B형 [B/Phuket/3073/2013 - like strain (B/Phuket/3073/2013, wild type)]",
M282833,"정제불활화인플루엔자바이러스항원B형[B/Austria/1359417/2021 - like strain (B/Michigan/01/2021, wild type)]",
M268927,아달리무맙,
M265056,포나티닙 염산염,
M254177,당귀·목과·방풍·속단·오가피·우슬·위령선·육계·진교·천궁·천마·홍화25%에탄올연조엑스(3.5→1),
M117955,작약 연조엑스(2.8~3.4→1),
M257079,밸라돈나총알카로이드,
M266478,익사조밉시트레이트,
M266585,인삼연조엑스(3.2~4.0→1),
M273014,생강 연조엑스(5.1~6.9→1),
M266595,대추연조엑스(1.8~2.2→1),
M273975,자소엽 연조엑스(2.7∼3.3→1),
M266587,전호연조엑스(2.0~2.4→1),
M266589,갈근연조엑스(2.5~3.1→1),
M266591,진피연조엑스(2.3~2.8→1),
M279837,신곡연조엑스(1.4~1.7→1),
M279838,맥아연조엑스(2.7~3.3→1),
M279832,백출연조엑스(2.8~3.4→1),
M279833,복령연조엑스(5.8~7.8→1),
M279834,후박연조엑스(5.4~7.4→1),
M279835,산사연조엑스(2.2~2.7→1),
M266607,지실연조엑스(3.6~4.4→1),
M279836,사인연조엑스(3.1~3.8→1),
M275846,형개 연조엑스(4.3~5.9→1),
M269893,치자연조엑스(2.1~2.6→1),
M266612,연교연조엑스(3.6~4.4→1),
M279374,당귀연조엑스(2.8~3.4→1),
M279375,천궁연조엑스(2.1~2.6→1),
M266614,시호연조엑스(3.6~4.4→1),
M266357,마황연조엑스(2.3∼2.9→1),
M261230,작약연조엑스(3.3∼4.0→1),
M261234,반하연조엑스(1.8∼2.2→1),
M266358,오미자연조엑스(1.4∼1.8→1),
M266359,계지연조엑스(6.2∼7.6→1),
M266360,세신연조엑스(1.8∼2.3→1),
M261236,감초연조엑스(2.4∼2.9→1),
M261229,건강연조엑스(1.5∼1.8→1),
M265543,테노포비르디소프록실인산염,
M266022,테노포비르디소프록실아스파르트산염,
M264667,테노포비르디소프록실,
M118312,테노포비르디소프록실오로트산염,
M266621,테노포비르디소프록실헤미에디실산염,
M266671,레날리도마이드무수물,
M266732,"에프모록토코그알파(혈액응고인자VIII-Fc융합단백, 유전자재조합)",
M266767,레슬리주맙,
M262177,아비라테론아세테이트(미분화),
M266827,세척혈소판,
M266835,천궁연조엑스(1.8~2.2→1),
M266836,복령연조엑스(32.3~40.0→1),
M266837,청피연조엑스(2.0~2.5→1),
M266838,지각연조엑스(1.8~2.2→1),
M266839,백출연조엑스(2.3~2.8→1),
M266850,카보잔티닙(S)-말산염,
M279180,마황연조엑스(3.8~5.1→1),
M268061,반하연조엑스(0.7~0.8→1),
M266874,오미자연조엑스(3.6~4.4→1),
M279181,계지연조엑스(7.6~11.4→1),
M266876,건강연조엑스(2.9~3.6→1),
M266860,"약독 수두 생바이러스(바이러스주:Oka/SK, 세포주:MRC-5)",
M266950,작약연조엑스(2.8∼3.4→1),
M266951,숙지황연조엑스(1.9∼2.3→1),
M266956,맥문동연조엑스(3.2∼3.9→1),
M266953,생지황연조엑스(4.5∼5.6→1),
M266954,지모연조엑스(1.7∼2.1→1),
M266955,황백연조엑스(2.4∼2.9→1),
M266936,다라투무맙,
M266982,향부자연조엑스(1.5~1.8→1),
M266983,지실연조엑스(1.8∼2.2→1),
M266984,사인연조엑스(4.0∼4.9→1),
M266985,목향연조엑스(1.2∼1.4→1),
M118341,릭시세나티드,
M266990,연교연조엑스(2.3∼2.9→1),
M266996,길경연조엑스(2.2∼2.7→1),
M266997,박하연조엑스(3.4∼4.2→1),
M266991,금은화연조엑스(3.0∼3.7→1),
M266992,형개연조엑스(4.6∼5.7→1),
M266993,방풍연조엑스(2.1∼2.5→1),
M266994,강활연조엑스(2.4∼2.9→1),
M266995,독활연조엑스(3.1∼3.8→1),
M267084,익세키주맙,
M266633,바리시티닙,
M269894,황련연조엑스(4.1~5.6→1),
M203114,메틸렌블루,
M267107,미갈라스타트염산염,
M267129,가도테레이트메글루민액,
M267153,황기연조엑스(3.2~4.0→1),
M267152,승마연조엑스(4.3~5.9→1),
M267178,뉴시너센나트륨,
M267181,집먼지진드기정제추출물(Der pte),
M267182,집먼지진드기정제추출물(Der far),
M262168,펠라고니움시도이데스 11%에탄올 추출물(1->8~10),
M082795,센나엽,
M275423,펠라고늄시도이데스11%에탄올 건조엑스(5.5∼6.6→1),
M267326,"혈액응고인자VIII, 루리옥토코그알파페골(유전자재조합)",
M267293,플로라프로놀(18F)액,
M267359,브렉스피프라졸,
M279190,육계연조엑스(6.9~10.4→1),
M267442,과아세트산액0.21%,
M095647,살리실산글리콜레이트,
M040067,니트로푸란토인,
M264406,두필루맙,
M280721,"정제불활화인플루엔자바이러스항원A형[A/Victoria/2570/2019, IVR-215(H1N1)]",
M283036,"정제불활화인플루엔자바이러스항원A형[A/Darwin/9/2021, SAN-010(H3N2)]",
M267166,에포에틴알파,
M267589,"장티푸스Ty21a주생균(균주명:Salmonella typhi ty21a,종세포주:Salmonella typhi ty2)",
M267584,청피연조엑스(1.8∼2.2→1),
M261227,지각연조엑스(1.4∼1.7→1),
M267585,백출연조엑스(1.4∼1.7→1),
M267616,고농도과아세트산평형혼합물,
M267648,택사연조엑스(2.8∼3.4→1),
M267649,황백연조엑스(2.9∼3.6→1),
M267644,맥아연조엑스(4.5∼5.5→1),
M267645,신곡연조엑스(1.4∼1.7→1),
M267396,인삼연조엑스(3.6~4.4→1),
M266531,갈근연조엑스(3.0∼3.7→1),
M261223,마황연조엑스(2.2∼2.7→1),
M267646,황기연조엑스(2.8∼3.4→1),
M267647,천마연조엑스(3.4∼4.1→1),
M267546,형개연조엑스(6.1∼7.4→1),
M267549,치자연조엑스(2.5~3.0→1),
M267547,연교연조엑스(4.5∼5.6→1),
M267977,방풍연조엑스(2.6~3.1→1),
M267548,시호연조엑스(5.3∼6.5→1),
M267395,황금연조엑스(1.9~2.4→1),
M267397,황련연조엑스(4.8~5.8→1),
M267680,혼합추출물연조엑스(2.8→1),
M251655,클로로페니라민말레산염,
M267550,자소엽연조엑스(5.3∼6.5→1),
M267551,전호연조엑스(3.0~3.6→1),
M277236,옥테니딘염산염,
M201905,페녹시에탄올,
M283009,에스오메프라졸마그네슘삼수화물펠렛,
M267544,강활연조엑스(2.9∼3.6→1),
M085225,포스포마이신트로메탐올,
M050057,구아야콜,
M268718,진피건조엑스(5→1),
M266101,바레니클린살리실산염,
M267911,랄테그라비르칼륨(미분화),
M267912,청피연조엑스(1.2~1.5→1),
M268745,리나글립틴(미분화),
M268072,대황연조엑스(2.3∼2.8→1),
M268102,에르투글리플로진L-피로글루탐산,
M268137,테두글루타이드,
M268159,곽향연조엑스(5.7∼6.9→1),
M268195,박하연조엑스(4.1~5.1→1),
M268194,금은화연조엑스(2.9~3.6→1),
M268268,강활연조엑스(2.7~3.3 →1),
M268269,방풍연조엑스(2.4~3.0→1),
M267312,천궁연조엑스(2.8~3.4→1),
M267313,백지연조엑스(2.4~3.0→1),
M267304,창출연조엑스(2.5~3.1→1),
M268270,황금연조엑스(1.6~2.0→1),
M268271,생지황연조엑스(3.9~4.8→1),
M267398,세신연조엑스(3.6 ~4.4→1),
M267316,감초연조엑스(2.6~3.2→1),
M268274,인삼연조엑스(3.9~4.7→1),
M268275,백출연조엑스(2.0~2.4→1),
M267318,당귀연조엑스(2.3~2.9→1),
M268276,승마연조엑스(5.0~6.2→1),
M268277,시호연조엑스(3.1~3.7→1),
M267317,생강연조엑스(10.0~12.2→1),
M267401,대추연조엑스(2.2~2.6→1),
M268278,자소엽연조엑스(3.4~4.2→1),
M268279,전호연조엑스(2.3~2.8→1),
M267314,반하연조엑스(1.9~2.3→1),
M268280,갈근연조엑스(2.4~3.0→1),
M267311,복령연조엑스(22.1~27.0→1),
M267307,길경연조엑스(2.1~2.5→1),
M266593,지각연조엑스(1.4~1.8→1),
M268186,감초연조엑스(2.1~2.5→1),
M268319,향부자연조엑스(2.8~3.5→1),
M268320,곽향연조엑스(2.8~3.4→1),
M268058,후박연조엑스(5.4∼7.4→1),
M268069,사인연조엑스(3.1∼3.8→1),
M268321,목향연조엑스(2.0~2.5→1),
M268325,자소엽연조엑스(2.7~3.3→1),
M268353,자소엽건조엑스(7.8~9.5→1),
M268374,목단피연조엑스(2.4∼2.9→1),
M268382,숙지황연조엑스(1.6∼2.0→1),
M268383,맥문동연조엑스(2.7∼3.3→1),
M268384,지모연조엑스(2.3∼2.8→1),
M268385,승마연조엑스(5.3∼6.5→1),
M268526,"헤모필루스인플루엔자비형협막다당류와파상풍톡소이드의접합체(균주명:Haemophilus influenzae,S20752주)",
M267306,후박연조엑스(7.4~9.0→1),
M217366,계피건조엑스(31.3→1),
M268536,박하연조엑스(3.2~4.0→1),
M268535,독활연조엑스(3.0~3.7→1),
M203451,아스코르브산소듐,
M268711,박하연조엑스(3.2∼4.0→1),
M268710,독활연조엑스(3.0∼3.7→1),
M267754,갈근탕건조엑스(4→1),
M268746,청피연조엑스(2.6~3.2→1),
M268754,황기연조엑스(3.1~3.8→1),
M268755,승마연조엑스(3.6~4.4→1),
M268756,치자연조엑스(1.9~2.4→1),
M268704,리피테그라스트,
M268799,에미시주맙,
M268156,빅테그라비르나트륨,
M256788,B-카로틴 현탁액 30%,
M269559,답토마이신,
M268832,락트산암모늄액,
M245524,플루티카손프로피오네이드(미분화),
M268969,숙지황연조엑스(1.8〜2.2→1),
M252444,향소산연조엑스[3.14→1],
M283909,"정제불활화인플루엔자바이러스표면항원A형[A/Victoria/4897/2022, IVR-238(H1N1)]",
M284483,"정제불활화인플루엔자바이러스표면항원A형[A/Thailand/8/2022, IVR-237(H3N2)]",
M283910,정제불활화인플루엔자바이러스표면항원B형[B/Michigan/01/2021],
M268978,맥문동연조엑스(2.4∼2.9→1),
M268980,지모연조엑스(2.4∼2.9→1),
M268981,황백연조엑스(1.9~2.3→1),
M268554,리파스딜염산염수화물,
M268993,자소엽연조엑스(3.6~4.4→1),
M268994,전호연조엑스(2.2~2.7→1),
M268995,갈근연조엑스(1.9~2.3→1),
M268997,향부자연조엑스(1.9~2.3→1),
M268998,지실연조엑스(2.5~3.1→1),
M268999,곽향연조엑스(3.0~3.7→1),
M269000,사인연조엑스(4.8~5.9→1),
M269001,목향연조엑스(1.7~2.1→1),
M269055,"1,4-부탄디올디글리시딜에테르로 가교된 히알루론산나트륨 겔",
M225661,"애엽95%에탄올연조엑스(20->1)[유파틸린으로서 0.48~1.44mg, 자세오시딘으로서 0.15~0.45mg]",
M264740,아벨루맙,
M269208,저농도과아세트산평형혼합물,
M269158,니라파립토실산염일수화물,
M093367,아염소산나트륨(25%),
M269241,하이드로코티손숙신산,
M269323,페노피브레이트과립,
M268067,행인연조엑스(3.4∼4.1→1),
M269354,상백피연조엑스(7.3~8.9→1),
M269355,절패모연조엑스(8.3∼10.1→1),
M117975,형개 연조엑스(4.6~5.7→1),
M117973,연교 연조엑스(2.3~2.9→1),
M117976,방풍 연조엑스(2.1~2.5→1),
M269413,고농도아세트산평형혼합물,
M223035,무피로신칼슘수화물,
M051745,함당펩신,
M243283,작약엑스(5.9->1),
M088473,고삼가루,
M269540,dl-메틸에페드린말레산염,
M268954,숙지황연조엑스(1.9~2.3→1),
M269621,루비프로스톤,
M248610,히스티딘아연이수화물,
M269795,계지건조엑스(45.5~55.6→1),
M269796,대황건조엑스(4.3~5.2→1),
M269797,도인건조엑스(5.1~6.2→1),
M254581,유당수화물,
M113352,S-암로디핀베실산염이수화물,
M117980,박하 연조엑스(3.4~4.2→1),
M117977,강활 연조엑스(2.4~2.9→1),
M117978,독활 연조엑스(3.1~3.8→1),
M267972,가도부트롤수화물,
M115388,프루칼로프라이드숙시네이트,
M102127,클래리스로마이신제피과립,
M270114,시호건조엑스(8.8~10.8→1),
M266085,인삼건조엑스(6.1~7.4→1),
M221588,열다한소탕건조엑스,
M270222,길경건조엑스 (3.4~4.1→1),
M270223,연교건조엑스 (7.8~9.6→1),
M270224,천궁건조엑스 (4.3~5.3→1),
M270225,청피건조엑스 (4.7~5.7→1),
M260224,돌루테그라비르나트륨,
M070331,이데베논,
M270285,작약건조엑스(5.3~6.5→1),
M089105,건조황산철,
M270339,지각건조엑스(4.7~5.8→1),
M270340,향부자건조엑스(4.6~5.6→1),
M202166,히노키티올,
M270366,테리파라타이드(유전자재조합),
M268059,택사연조엑스(4.1∼5.6→1),
M270078,리보시클립숙신산염,
M268057,맥아연조엑스(2.7∼3.3→1),
M270485,천마연조엑스(3.6∼4.9→1),
M270509,플루오로에스트라디올 (18F) 액,
M114239,클로르헥시딘아세테이트,
M226737,세트리마이드,
M269200,과아세트산액1.73%,
M270589,목단피연조엑스(2.8~3.4→1),
M115129,탄산칼슘 과립95%,
M110561,음양곽10%에탄올 유동엑스,
M084567,녹용50%에탄올유동엑스,
M278647,록사핀,
M117775,계지 연조엑스(6.2~7.6→1),
M116724,대추 연조엑스(1.5~1.9→1),
M113372,피리독신염산염 과립97%,
M278928,모메타손프로에이트,
M082882,차전초유동엑스,
M093652,펜시클로버,
M286171,정제불활화인플루엔자바이러스표면항원A형[A/Switzerland/6849/2025(IVR-278)(H1N1)],
M286172,정제불활화인플루엔자바이러스표면항원A형[A/Singapore/GP20238/2024(IVR-277)(H3N2)],
M270862,"로녹토코그알파(혈액응고인자VIII, 유전자재조합)",
M114319,"재조합사람에리스로포이에틴(숙주: CHO dhfr-, 벡터:pDCE)",
M268246,보르테조밉일수화물,
M278021,염화세틸피리디늄수화물,
M270486,멜팔란염산염,
M268759,이사부코나조늄황산염,
M050808,센노시드,
M278130,칼슘시트레이트말레이트,
M278086,만형자연조엑스(6.0~7.3→1),
M278087,감국연조엑스(2.1~2.6→1),
M278083,방풍연조엑스(2.5~3.0→1),
M278084,당귀연조엑스(2.4~2.9→1),
M278085,백지연조엑스(2.5~3.0→1),
M270711,다코미티닙수화물,
M278461,"약독수두생바이러스(Live  Attenuated  Varicella  Vaccine)(바이러스주:  MAV/06,  세포주:  MRC-5)",
M278271,"알부트레페노나코그 알파 (혈액응고인자IX-알부민융합단백(rIX-FP), 유전자재조합)",
M278276,길테리티닙푸마르산염,
M278295,정제불활화인플루엔자바이러스항원B형[B/Brisbane/46/2015],
M089658,마크로골4000,
M095390,인산수소칼륨,
M278434,강활건조엑스(5.0~6.1→1),
M278435,방풍건조엑스(4.3~5.3→1),
M278437,백지건조엑스(4.2~5.1→1),
M278438,창출건조엑스(3.8~4.6→1),
M278439,생지황건조엑스(7.8~9.6→1),
M278440,세신건조엑스(10.6~12.9→1),
M278446,불활화폴리오바이러스제1형(Sabin주),
M278447,불활화폴리오바이러스제2형(Sabin주),
M278448,불활화폴리오바이러스제3형(Sabin주),
M085757,티니벨리센나열매가루,
M274963,진피 연조엑스(2.6∼3.2→1),
M250916,바데나필염산염수화물,
M278512,정제B형간염표면항원단백(유전자재조합),
M273972,자소엽 건조엑스(7.8∼9.5→1),
M278648,라로트렉티닙황산염,
M278700,디메틸푸마르산염(미분화),
M264327,"정제폐렴구균 다당류(혈청형 1, 3, 4, 5, 6A, 6B, 7F, 9V, 14, 18C, 19A, 19F, 23F)-디프테리아CRM197 단백질 접합체",
M278734,사르포그렐레이트염산염사르포그렐레이트염산염,
M061119,인삼30%에탄올건조엑스,
M278743,라불리주맙,
M268453,다파글리플로진비스L-프롤린,
M110102,클로로퀸포스페이트,
M266966,아나그렐리드염산염수화물(미분화),
M270797,유파다시티닙반수화물,
M278892,브롤루시주맙,
M278918,메트로니다졸벤조산염,
M278326,사피나미드메실산염,
M279098,루테튬(177Lu)옥소도트레오타이드액,
M111104,o-프탈알데히드,
M279197,죽여연조엑스(11.4∼19.0→1),
M279198,맥문동연조엑스(2.4~2.9→1),
M279203,향부자연조엑스(4.3~5.3→1),
M279204,지실연조엑스(2.8~3.4→1),
M279205,사인연조엑스(4.9~6.0→1),
M279206,목향연조엑스(1.1~1.3→1),
M279213,다파글리플로진무수유당혼합물,
M279177,렘데시비르,
M279255,탈라조파립토실산염,
M279295,클로로퀸인산염,
M279366,타파미디스,
M268283,토파시티닙아스파르트산염,
M279438,테네리글립틴염산염수화물,
M279456,세르리포나제알파,
M279457,토파시티닙아스파르트산염(미분화),
M279465,오약연조엑스(2.5~3.1→1),
M279472,향부자연조엑스(2.8∼3.5→1),
M279466,소목연조엑스(7.6~11.4→1),
M279467,홍화연조엑스(6.4~9.6→1),
M279473,도인연조엑스(3.4~4.1→1),
M279468,계심연조엑스(8.3~12.5→1),
M279500,페그비소만트,
M267642,라사길린타르타르산염,
M272806,베타-카로틴20%,
M279618,복령연조엑스(14.0∼17.1→1),
M279619,육계연조엑스(7.9∼9.6→1),
M279620,저령건조엑스(56.8∼69.4→1),
M279573,산조인초연조엑스(7.6∼11.4→1),
M279621,감초초연조엑스(2.9∼3.6→1),
M254160,디펜히드라민시트르산염,
M272097,곽향 연조엑스(2.8∼3.4→1),
M279692,감초초연조엑스(2.9~3.6→1),
M279643,대복피연조엑스(8.9~14.8→1),
M272782,백출 연조엑스(2.8∼3.4→1),
M279691,반하생강백반제연조엑스(1.6∼2.0→1),
M283851,아토르바스타틴칼슘삼수화물 과립,
M283852,에제티미브 과립,
M279775,에플레레논,
M267377,폴라투주맙 베도틴,
M279416,정제불활화인플루엔자바이러스항원B형[B/Phuket/3703/2013],
M277832,필그라스팀,
M279840,디비닐설폰으로 가교 결합된 히알루론산나트륨겔과 히알루론산나트륨액의 4:1 w/w 혼합겔,
M279845,리스디플람,
M279875,콜리칼시페롤농축물(유상형),
M279883,다파글리플로진시트르산(미분화),
M279911,에슬리카르바제핀아세테이트(미분화),
M118326,벤다무스틴염산염,
M278631,비칼루타미드(미분화),
M084181,황금가루,
M082889,창출가루,
M093744,백출가루,
M085348,육두구가루,
M268703,이사툭시맙,
M222869,아스파르트산마그네슘수화물,
M115690,클로스트리디움부티리쿰미야이리II588균,
M280160,벤다무스틴염산염수화물,
M265151,인다카테롤아세트산염,
M251028,"인슐린라이스프로(숙주:EㆍcoliㆍK12RV308,벡터:pHKY694)",
M280169,"불활화A형간염바이러스항원(바이러스주: TZ84, 세포주 : 2BS)",
M280197,피톨리산트염산염,
M280186,레이저티닙메실산염일수화물,
M280351,티카그렐러나파디실산염이수화물,
M280406,페그아스파르가제,
M280230,레그단비맙,
M268387,빌다글립틴염산염,
M280461,"재조합 코로나바이러스 스파이크 단백질 발현 아데노바이러스 벡터(숙주: T-RexTM-293, 벡터: ChAdOx1)",
M280318,에티닐에스트라디올(미분화),
M280507,엠파글리플로진(무정형),
M280804,토코페롤아세테이드 2배산,
M280550,"사스 코로나바이러스-2 스파이크 단백질 발현 메신저 리보핵산(토지나메란)(숙주: DH10B, 벡터: pST4-1525)",
M050620,에팔레스타트,
M279310,테네리글립틴이토실산염이수화물,
M280703,"재조합 코로나바이러스 스파이크 단백질 발현 아데노바이러스 벡터(숙주: PER.C6 TetR, 벡터: Ad26.COV2.S)",
M280705,숙지황·목단피·오미자·천문동·황금·행인·백부근연조엑스(1.4~1.7→1)·옥수수전분 혼합건조물(4.8:1),
M280742,아출연조엑스(4.1～5.6→1),
M268056,산사연조엑스(2.2∼2.7→1),
M280741,삼릉연조엑스(5.4～7.2→1),
M280759,사트랄리주맙,
M280472,베클로메타손디프로피오네이트(미분화),
M050185,당약,
M223046,벤세라지드염산염,
M280916,펠루비프로펜트로메타민(미분화),
M280934,"사스 코로나바이러스-2 스파이크 단백질 발현 메신저 리보핵산(숙주: DIG315, 벡터: PL-022856)",
M280907,육계50%에탄올틴크(1→5),
M280910,건강50%에탄올틴크(1→5),
M280909,용담유동엑스(1→1),
M280896,펠루비프로펜(미분화),
M280906,창출30%에탄올유동엑스(1→1),
M280861,셀루메티닙황산염,
M280911,인다카테롤말레산염(미분화),
M280913,글리코피로니움브롬화물(미분화),
M281181,록사두스타트,
M281119,아포르모테롤주석산염,
M281285,이네빌리주맙,
M281291,엔코라페닙,
M281410,만형자연조엑스(10.0~16.7→1),
M281411,감국연조엑스(4.6~6.2→1),
M281392,"재조합 수두대상포진바이러스 당단백질E(숙주세포주: CHO-K1, 벡터: pRIT14427)",
M281425,생강연조엑스(5.1∼6.9→1),
M281421,진피연조엑스(2.3∼2.8→1),
M281422,상백피연조엑스(6.9∼10.4→1),
M281423,절패모연조엑스(8.8∼14.7→1),
M281424,오미자연조엑스(3.6∼4.4→1),
M281472,빌다글립틴질산염,
M281394,아젤니디핀,
M115908,펠라고늄시도이데스11%에탄올 엑스(1→8~10)·글리세린혼합액(8:2),
M281505,피돌산마그네슘,
M268251,다파글리플로진시트르산,
M281549,로페그인터페론알파-2b,
M281583,프레토마니드,
M202983,덱스트로메토르판브롬화수소산염,
M281602,네라티닙말레산염,
M040003,간유,
M283187,미라베그론수화물,
M281627,시트르산마그네슘수화물,
M095251,초산디알파토코페롤,
M281639,엠파글리플로진 L-프롤린,
M281656,감초연조엑스(2.4~3.0→1),
M281650,티라브루티닙염산염,
M275017,치자 연조엑스(2.5∼3.0→1),
M281662,용안육연조엑스(1.3~1.6→1),
M281663,산조인초연조엑스(2.1∼2.5→1),
M281664,원지연조엑스(2.8∼3.4→1),
M273951,인삼 연조엑스(3.6∼4.4→1),
M281665,복신연조엑스(8.3∼10.1→1),
M117774,오미자 연조엑스(1.4~1.8→1),
M275881,황금 연조엑스(1.9∼2.4→1),
M281660,천문동연조엑스(1.6∼2.0→1),
M281661,용담연조엑스(2.0∼2.4→1),
M281722,겜투주맙오조가마이신,
M286715,당귀수산건조엑스(4.74~7.10→1),
M281717,테포티닙염산염수화물,
M281756,카프마티닙염산염일수화물,
M281779,발베나진이토실산염,
M281787,베리시구앗(미분화),
M087021,카무스틴,
M267870,과아세트산4%,
M281861,오제녹사신(미분화),
M281892,펙시다티닙염산염,
M281945,시트르산피로인산철황산나트륨공침물수화물,
M082729,글루콘산아연,
M281943,"사스 코로나바이러스-2 스파이크 단백질(유전자재조합)(숙주: Sf9, 벡터: BV2373)",
M281939,아세트아미노펜(미분화),
M281993,릴피비린(미분화),
M265155,카보테그라비르나트륨(미분화),
M282025,소토라십,
M282007,황금주자연조엑스(1.1~1.4→1),
M117814,갈근 연조엑스(3.0~3.7→1),
M272766,방풍 연조엑스(2.6∼3.1→1),
M282006,위령선연조엑스(4.5~5.4→1),
M282042,아미반타맙,
M281345,벨파타스비르,
M282047,이코사펜트산에틸,
M282097,셀퍼카티닙,
M282286,복실라프레비르,
M282295,소맥추출수성액(1→108),
M282306,프랄세티닙분무건조분산체,
M282443,필고티닙말레산염,
M282376,페람파넬(미분화),
M282491,페드라티닙염산염수화물(미분화),
M282640,택사연조엑스(3.8~4.6→1),
M282641,맥아연조엑스(3.3~4.0→1),
M282639,천마연조엑스(3.3~4.0→1),
M282661,구연산제이철수화물,
M282689,정제브이아이다당류(균주: S.Typhi C6524)-디프테리아톡소이드(균주: C. diphtheriae)접합체,
M282725,"재조합수막구균B군NHBA융합단백질(rp287-953,숙주:E.coli BL21(DE3), 벡터:ΔG287NZ-953-K)",
M282726,"재조합수막구균B군NadA단백질(rp961c, 숙주:E.coli BL21(DE3), 벡터:961cL-K)",
M282727,"재조합수막구균B군fHBP융합단백질(rp936-741, 숙주:E.coli BL21(DE3), 벡터:936-741-K)",
M282728,"수막구균B군NZ98/254균주외막소포(OMV, 균주:N.meningitidis NZ98/254)",
M282794,애시미닙염산염,
M282905,"사스 코로나바이러스-2 스파이크 단백질 RBD 항원(유전자재조합)(숙주1: CHO-K1(HD-BIOP3), 벡터1: M-2560, 숙주2: E.coli(BL21), 벡터2: pET296(+))",
M282913,"다목토코그알파페골(혈액응고인자VIII, 유전자재조합)",
M286690,구풍해독탕연조엑스(2.1~3.1→1),
M282940,육계건조엑스(16~26→1),
M282842,모보서티닙숙신산염,
M279811,다파글리플로진포르메이트,
M283076,"사스코로나바이러스-2 스파이크 단백질 발현 메신저 리보핵산(엘라소메란)(숙주: DIG315, 벡터: PL-022856)",
M283081,"사스코로나바이러스-2 스파이크 단백질 발현 메신저 리보핵산(이멜라소메란)(숙주: DIG315, 벡터: PL-028274)",
M283976,정제불활화인플루엔자바이러스항원B형[B/Phuket/3073/2013 BVR-1B],
M283074,모가물리주맙,
M283057,러비넥테딘,
M282715,진피(陳皮),
M283157,"사스 코로나바이러스-2 스파이크 단백질 발현 메신저 리보핵산(릴토지나메란)(숙주: DH10B, 벡터: pST4-1857)",
M283097,포네시모드(미분화),
M283153,세미플리맙,
M283221,포스네투피탄트염화물염산염,
M283253,디프테리아톡소이드(균주명: 디프테리아균 Park-Williams No.8주),
M283254,파상풍톡소이드(균주명: 파상풍균 Harvard주),
M283261,얼다피티닙,
M281192,에독사반베실산염수화물,
M281995,테노포비르알라페나미드시트르산염,
M267822,아비박탐나트륨,
M262433,아가트로반수화물,
M283312,마리바비르(미분화),
M279141,테노포비르알라페나미드숙신산염,
M282987,테노포비르알라페나미드헤미타르타르산염,
M283471,"재조합 사스 코로나바이러스-2 스파이크 단백질 RBD 항원(숙주: CHO-S, 벡터: CE-124)",
M283467,소마트로곤,
M283449,네타르수딜메실산염,
M273383,아이비엽30%에탄올 건조엑스(5～7.5→1),
M283564,오자니모드염산염,
M223267,티오테파,
M283557,마라릭시뱃염화물,
M283599,엔포투맙베도틴,
M279170,테노포비르알라페나미드헤미말산염,
M283628,"서스옥토코그알파(돼지혈액응고VIII인자,유전자재조합)",
M211060,홍삼70%에탄올연조엑스(5→1),
M283202,아발글루코시다제알파,
M258776,묽은이소소르비드일질산염,
M265225,바레니클린옥살산염수화물,
M200243,니푸라텔,
M083616,사인가루,
M283511,작약건조엑스(4.3~5.3→1),
M283698,페미가티닙,
M280809,사시투주맙고비테칸,
M283775,L-카르니틴나파디실산염,
M207398,나이아신,
M283801,마바캄텐(미분화),
M283771,벨주티판,
M116257,미분화마시텐탄,
M283774,타파시타맙,
M210563,니코틴산벤질,
M283932,올리푸다제알파,
M283888,테클리스타맙,
M113577,클로스트리디움보툴리눔독소A형(균주명: Hall),
M283779,마시모렐린아세트산염,
M284036,아바코판,
M284046,"사스코로나바이러스-2 스파이크 단백질 발현 메신저 리보핵산(다베소메란)(숙주: DIG315, 벡터: PL-030872)",
M284243,"정제폐렴구균폴리사카라이드(혈청형 1, 3, 4, 5, 6A, 6B, 7F, 9V, 14, 18C, 19A, 19F, 22F, 23F, 33F)-디프테리아CRM197단백질접합체(균주: S. pneumoniae, CRM197 균주: P. fluorescens DC487, CRM197벡터: p472-002)",
M268669,모수네투주맙,
M284262,멜라토닌(미분화),
M284037,아토제판트일수화물,
M284283,메테나민히푸르산염,
M284300,클라조센탄이나트륨,
M284284,글로피타맙,
M283833,투카티닙헤미에탄올레이트,
M081977,센노시드칼슘,
M284397,시프로테론아세테이트(미분화),
M283584,아칼라브루티닙말레산염수화물,
M222972,디페니돌염산염,
M284282,은교산건조엑스(7.2~8.8→1),
M284479,히알루로니다제(유전자재조합),
M284510,라벤더꽃유,
M284528,호밀·큰조아재비·옥수수아세톤건조엑스(2.7∼7.5→1) ·말토덱스트린혼합물(1:2),
M284529,호밀·큰조아재비·옥수수아세톤연조엑스(12∼28→1),
M276196,L-글루타티온,
M269265,소마파시탄,
M284548,다종성분채혈혈장,
M284543,"수막구균혈청형A다당류와파상풍톡소이드접합단백질[균주: N. meningitidis group A, 접합단백질용 균주: C. tetani]",
M284544,"수막구균혈청형C다당류와파상풍톡소이드접합단백질[균주: N. meningitidis group C, 접합단백질용 균주: C. tetani]",
M284545,"수막구균혈청형Y다당류와파상풍톡소이드접합단백질[균주: N. meningitidis group Y, 접합단백질용 균주: C. tetani]",
M284546,"수막구균혈청형W다당류와파상풍톡소이드접합단백질[균주: N. meningitidis group W, 접합단백질용 균주: C. tetani]",
M258287,고나도렐린아세트산염,
M284562,방사선조사농축적혈구,
M284561,방사선조사농축혈소판,
M283624,리나글립틴베실산염,
M266637,아프레밀라스트,
M283047,아르테메테르,
M284632,루메판트린,
M284615,니르세비맙,
M249412,드로네다론염산염,
M284666,오크렐리주맙,
M284687,이보시데닙,
M284692,약독인플루엔자생바이러스A형[A/Victoria/01/2020 (H1N1)],
M284693,약독인플루엔자생바이러스A형[A/Norway/16606/2021(H3N2)],
M284694,약독인플루엔자생바이러스B형[B/Phuket/3073/2013 (Yamagata)],
M284695,약독인플루엔자생바이러스B형[B/Austria/1359417/2021(Victoria)],
M284658,레카네맙,
M284676,루테튬(177Lu) 비피보타이드테트라세탄액,
M284657,제피아스코르브산과립 97.5%,
M284677,디누툭시맙베타,
M284744,엡코리타맙,
M284752,인클리시란나트륨,
M284689,다니코판,
M283219,"사스 코로나바이러스-2 스파이크 단백질 발현 메신저 리보핵산(팜토지나메란)(숙주: DH10B, 벡터: pVV-00880)",
M284781,"베라히알루로니다제알파(히알루로니다제,유전자재조합)",
M284761,헥사메틸렌디아민으로가교결합된히알루론산나트륨겔,
M284755,비스무트차탄산염,
M284823,레브리키주맙,
M285579,정제불활화인플루엔자바이러스항원A형[A/Georgia/12/2022 CVR-167 (H1N1)],
M285578,정제불활화인플루엔자바이러스항원A형[A/Victoria/800/2024 CVR-289 (H3N2)],
M284831,정제불활화인플루엔자바이러스항원B형[B/Singapore/INFTT-16-0610/2016],
M285576,정제불활화인플루엔자바이러스항원B형[B/Singapore/WUH4618/2021],
M284827,과아세트산액5.32%,
M284756,퍼토브루티닙,
M284822,오데빅시바트1.5수화물,
M284884,L-글루타티온(환원형),
M284820,벨루모수딜메실산염(미분화),
M284808,입타코판염산염수화물,
M284868,"사스 코로나바이러스-2 스파이크 단백질 발현 메신저 리보핵산(브레토바메란)(숙주: DH10B, 벡터: pVV-02106)",
M284905,"사스코로나바이러스-2 스파이크 단백질 발현 메신저 리보핵산(SARS-CoV-2 JN.1 mRNA)(숙주: DIG315, 벡터: PL-041563)",
M284885,모멜로티닙염산염수화물,
M284857,리틀레시티닙토실산염,
M217755,퍼메트린(25:75),
M284953,엠파글리플로진(미분화),
M284961,클로르메틴염산염,
M284997,"폐렴구균폴리사카라이드(혈청형 1, 3, 4, 5, 6A, 6B, 7F, 8, 9V, 10A, 11A, 12F, 14, 15B, 18C, 19A, 19F, 22F, 23F, 33F) – 디프테리아 CRM197 단백질 접합체(균주: S. pneumoniae strains (혈청형 1, 3, 4, 5, 6A, 6B, 7F, 8, 9V, 10A, 11A, 12F, 14, 15B, 18C, 19A, 19F, 22F, 23F, 33F), C. diphtheriae C7(β197) strain), (벡터: pPX3520)",
M284969,프란루카스트수화물(미분화),
M284869,오실로드로스타트인산염,
M285035,부트리시란나트륨,
M285032,질루코플란나트륨,
M102623,페메트렉시드이나트륨염칠수화물,
M284876,아바트롬보팍말레산염,
M285084,피에스엠에이1007(18F)액,
M285156,닌테다닙에실산염(미분화),
M285102,인슐린아이코덱,
M285109,"재조합호흡기세포융합바이러스융합-전단백질F(숙주세포주: CHO-K1PD, 플라스미드: pBW780 PreF R196)",
M285048,보소리타이드,
M285138,에프가티지모드알파,
M285160,포스타마티닙나트륨수화물,
M285217,렌바티닙메실산염디메틸설폭시드,
M113565,쿠쿠르비트종자유 엑스(15-25:1),
M285237,세피데로콜토실산염황산염수화물,
M115674,엔잘루타미드,
M284500,프루퀸티닙,
M275882,황금주자,
M285145,리메제판트황산염수화물,
M283949,아모다피닐(미분화),
M285139,"재조합 탄저 방어항원 단백(균주명: Bacillus brevis 47-5Q주, 벡터: pNU212-mPA)",
M050605,벨라돈나알칼로이드,
M285407,로자놀릭시주맙,
M285410,"회향, 창출, 건강, 육계, 진피 30% 에탄올틴크(1→3)",
M286565,약독인플루엔자생바이러스A형[A/Switzerland/6849/2025(H1N1)],
M286564,약독인플루엔자생바이러스A형[A/Darwin/1369/2025(H3N2)],
M286566,약독인플루엔자생바이러스B형[B/Perth/115/2025(Victoria)],
M116268,미분화페노피브레이트,
M285437,지황주세,
M285496,탈라타맙,
M285531,레포트렉티닙(미분화),
M285530,클로스트리디움보툴리눔독소A형(150kDa),
M071331,트리판블루,
M285549,드로스피레논(미분화),
M087205,페퍼민트유,
M081972,프로메스트리엔,
M285661,플로투폴라스타트(18F)액,
M285534,소타터셉트,
M285676,엘라피브라노(미분화),
M086429,미분화프로게스테론,
M285705,이나볼리십,
M285721,"정제브이아이다당류-디프테리아CRM197(재조합)단백질접합체(균주: S. typhi NC08385),(숙주: E. coli BL21(DE3),벡터: pET-24a(+))",
M084175,황기유동엑스,
M263497,일당귀,
M285766,토퍼센,
M285773,"정제폐렴구균폴리사카라이드(혈청형 3, 6A, 7F, 8, 9N, 10A, 11A, 12F, 15A, deOAc15B, 16F, 17F, 19A, 20A, 22F, 23A, 23B, 24F, 31, 33F, 35B)-디프테리아 CRM197 단백질 접합체(균주: S. pneumoniae, CRM197 균주: P. fluorescens DC487, CRM197 벡터: p472-002",
M285793,소프피로니움브롬화물,
M285787,"사스코로나바이러스-2 스파이크 단백질 발현 메신저 리보핵산(SARS-CoV-2 LP.8.1 mRNA)(숙주: DIG315, 벡터: PL-049777)",
M286659,"사스 코로나바이러스-2 스파이크 단백질 발현 메신저 리보핵산(SARS-CoV-2 XFG mRNA)(숙주: DH10B, 벡터: pVV-02923)",
M285803,델고시티닙,
M111326,N(2)-L-알라닐-L-글루타민,
M284883,엠파글리플로진 2L-프롤린,
M256059,콜산,
M285815,클라스코테론,
M283528,닌테다닙에실산염반수화물,
M285908,세노바메이트,
M285924,과아세트산액 1.96%,
M285923,제이철말톨,
M285937,루마시란나트륨,
M113500,락토바실루스카제이변종람노수스균동결건조배양물,
M086694,아세트산나트륨,
M285939,지르코늄사이클로규산나트륨,
M285996,"호흡기세포융합바이러스 F 당단백질 발현 메신저 리보핵산(숙주: DIG315, 벡터: PL-029735)",
M285975,미르베툭시맙소라브탄신,
M285989,벨란타맙마포도틴,
M285972,"에파네스옥토코그알파(혈액응고인자VIII-Fc-VWF-XTEN 융합단백, 유전자재조합)",
M286027,크로발리맙,
M286050,보노프라잔토실산염,
M286032,벨마나제알파,
M285440,가도피클레놀,
M286079,보라시데닙시트르산,
M286101,네몰리주맙,
M286105,퀴자티닙염산염,
M286656,"사스코로나바이러스-2 스파이크 단백질 발현 메신저 리보핵산(SARS-CoV-2 XFG mRNA)(숙주: DIG315, 벡터: PL-054016)",
M286147,마스타시맙,
M111906,핀넨(알파+베타),
M286156,임루네스트란트토실산염,
M095536,클로스트리디움부티리쿰토아균,
M286185,기보시란나트륨,
M286187,정제불활화인플루엔자바이러스표면항원A형[A/Darwin/9/2021(IVR-228)(H3N2)],
M286220,다토포타맙데룩스테칸,
M286213,자니다타맙,
M286603,정제불활화인플루엔자바이러스항원A형[A/Tasmania/318/2025CVR-351(H1N1)],
M286604,정제불활화인플루엔자바이러스항원A형[A/Tasmania/787/2025CVR-388(H3N2)],
M286605,정제불활화인플루엔자바이러스항원B형[B/Arizona/21/2025],
M286249,레나카파비르나트륨,
M286333,레미브루티닙,
M266476,미노사이클린염산염이수화물,
M286337,세바버티닙수화물(미분화),
M286379,테프로투무맙,
M286378,플로라스타민(18F),
M286440,에트라시모드∙L-아르기닌,
M286373,페구니갈시다제 알파,
M286419,엡티네주맙,
M286418,컨시주맙,
M286420,클레스로비맙,
M286429,피페라퀸포스페이트,
M286457,서플루리맙,
M286601,레니올리십인산염,
M286599,에플론테르센나트륨,
M286600,레가데노손,
M285741,룩소리티닙헤미푸마르산염,
M286479,트렐라그립틴숙신산염,
M285550,에독사반토실산염수화물(미분화),
M286680,파크리티닙시트르산염,
M286670,"호흡기세포융합바이러스 아형 A 안정화 융합전 F 단백질 (숙주세포주: CHOK1SV GSKO 144E12, 벡터: VEC-9201)",
M286671,"호흡기세포융합바이러스 아형 B 안정화 융합전 F 단백질 (숙주세포주: CHOK1SV GSKO 144E12, 벡터: VEC-5599)",
