item_seq,ingr_code,amount,unit
200000913,D000762,,
200200173,D000027,20.0,mg
200200214,D000027,,
200200644,D000027,,
200200720,D000027,,
200201201,D000027,20.0,mg
200201416,D000027,,
200202205,D000027,20.0,mg
200300283,D000027,,
200300551,D000027,,
200300639,D000027,20.0,mg
200300670,D000027,20.0,mg
200300941,D000027,40.0,mg
200301112,D000027,,
200301131,D000027,40.0,mg
200301662,D000027,,
200308586,D000027,,
200308855,D000027,,
200400121,D000027,40.0,mg
200400682,D000027,,
200400724,D000027,,
200400828,D000027,20.0,mg
200401145,D000027,,
200401411,D000027,20.0,mg
200401687,D000027,,
200401881,D000027,,
200401924,D000027,20.0,mg
200402309,D000027,,
200402374,D000027,,
200402472,D000027,,
200402567,D000027,20.0,mg
200402604,D000027,,
200402617,D000027,40.0,mg
200402946,D000027,,
200402982,D000027,,
200403028,D000027,,
200403084,D000027,,
200403126,D000027,,
200403243,D000027,,
200403258,D000027,20.0,mg
200403459,D000027,,
200403819,D000027,20.0,mg
200404029,D000027,,
200404196,D000027,,
200404707,D000027,20.0,mg
200411015,D000027,,
200500072,D000027,20.0,mg
200501423,D000027,,
200511262,D000027,,
200511263,D000027,,
200511264,D000027,,
200512250,D000027,,
200702568,D000027,10.0,mg
200807527,D000027,20.0,mg
200807528,D000027,40.0,mg
201604540,D000027,,
201604669,D000027,,
201606670,D000027,20.0,mg
201707670,D000027,20.0,mg
201800820,D000027,,
201801491,D000027,20.0,mg
201803737,D000027,10.0,mg
201803738,D000027,20.0,mg
201803869,D000027,,
201804346,D000027,20.0,mg
201805436,D000027,,
201900015,D000027,10.0,mg
201900016,D000027,20.0,mg
201900315,D000027,20.0,mg
201900316,D000027,10.0,mg
201901722,D000027,20.0,mg
201903431,D000027,,
201903432,D000027,,
201007235,D000027,10.0,mg
201007236,D000027,20.0,mg
201007275,D000027,,
201007276,D000027,,
201007277,D000027,,
201306445,D000027,20.0,mg
201402515,D000027,,
201405436,D000027,20.0,mg
201504313,D000027,5.0,mg
201600436,D000027,,
201600853,D000027,20.0,mg
201600854,D000027,20.0,mg
201600869,D000027,20.0,mg
201600903,D000027,20.0,mg
201600904,D000027,20.0,mg
201600928,D000027,,
201600929,D000027,,
201600960,D000027,,
201600974,D000027,20.0,mg
201601004,D000027,20.0,mg
201601009,D000027,20.0,mg
201601084,D000027,,
201601110,D000027,20.0,mg
201601116,D000027,20.0,mg
201601144,D000027,,
201601234,D000027,20.0,mg
201601385,D000027,20.0,mg
201601703,D000027,,
201601714,D000027,10.0,mg
201601716,D000027,,
201601721,D000027,10.0,mg
201601723,D000027,10.0,mg
201601725,D000027,10.0,mg
201601726,D000027,10.0,mg
201601728,D000027,10.0,mg
201601729,D000027,,
201601731,D000027,10.0,mg
201601733,D000027,,
201601734,D000027,10.0,mg
201601735,D000027,10.0,mg
201601736,D000027,10.0,mg
201601743,D000027,10.0,mg
201602085,D000027,10.0,mg
201603858,D000027,,
201603895,D000027,,
200003111,D000762,100.0,mg
201907068,D000027,20.0,mg
201907577,D000027,20.0,mg
201907684,D000027,10.0,mg
201907689,D000027,20.0,mg
202003232,D000027,10.0,mg
202003233,D000027,20.0,mg
200300199,D000762,50.0,mg
200301285,D000762,100.0,mg
200400354,D000762,,
202100234,D000455,20.0,mg
201802157,D000769,,
202302848,D000769,,
202502089,D000769,,
202100237,D000455,20.0,mg
199000035,D000769,,
199101243,D000769,,
199201463,D000769,,
199201802,D000769,,
199202073,D000769,,
199301086,D000769,,
199402360,D000769,,
200410090,D000455,10.0,mg
199501118,D000769,,
199600829,D000769,,
200708455,D000455,10.0,mg
201308901,D000769,,
200708456,D000455,10.0,mg
200706385,D000455,20.0,mg
200706536,D000455,10.0,mg
199603348,D000769,,
199702130,D000769,,
200302268,D000769,,
200303274,D000769,,
200706915,D000769,,
201000286,D000769,200.0,mg
200705314,D000455,10.0,mg
202100238,D000455,10.0,mg
200700764,D000455,,
200705817,D000455,10.0,mg
200706537,D000455,,
202100239,D000455,40.0,mg
200703050,D000455,20.0,mg
200705818,D000455,10.0,mg
200706538,D000455,,
202100240,D000455,10.0,mg
200703052,D000455,20.0,mg
200705825,D000455,10.0,mg
200706539,D000455,,
202100241,D000455,40.0,mg
200703129,D000455,10.0,mg
200705991,D000455,20.0,mg
200706542,D000455,40.0,mg
202100242,D000455,20.0,mg
200703136,D000455,10.0,mg
202100232,D000455,10.0,mg
202100233,D000455,10.0,mg
200410085,D000455,20.0,mg
200705992,D000455,10.0,mg
200704961,D000455,20.0,mg
202100222,D000455,20.0,mg
202100179,D000455,10.0,mg
202100193,D000455,10.0,mg
201603236,D000455,20.0,mg
202101511,D000455,20.0,mg
202101512,D000455,10.0,mg
202101513,D000455,40.0,mg
202101514,D000455,20.0,mg
202101518,D000455,10.0,mg
202101521,D000455,10.0,mg
202101522,D000455,20.0,mg
202101523,D000455,40.0,mg
202101527,D000455,10.0,mg
202101528,D000455,20.0,mg
201208754,D000455,10.0,mg
201208996,D000455,20.0,mg
201208998,D000455,20.0,mg
201208999,D000455,20.0,mg
201209000,D000455,,
201209008,D000455,10.0,mg
201300047,D000455,10.0,mg
201300149,D000455,10.0,mg
201302989,D000455,20.0,mg
201306873,D000455,10.0,mg
200410086,D000455,40.0,mg
201603361,D000455,20.0,mg
201603463,D000455,20.0,mg
201603587,D000455,10.0,mg
201603588,D000455,20.0,mg
201701083,D000455,10.0,mg
201701084,D000455,20.0,mg
201701097,D000455,10.0,mg
201701286,D000455,20.0,mg
201701343,D000455,10.0,mg
202101529,D000455,40.0,mg
202101530,D000455,40.0,mg
202101531,D000455,20.0,mg
202101532,D000455,10.0,mg
202101533,D000455,10.0,mg
202101534,D000455,20.0,mg
202101535,D000455,40.0,mg
202101543,D000455,20.0,mg
202101544,D000455,10.0,mg
202101545,D000455,10.0,mg
201307346,D000455,10.0,mg
201307483,D000455,20.0,mg
201307558,D000455,20.0,mg
201307559,D000455,10.0,mg
201307887,D000455,10.0,mg
201308170,D000455,20.0,mg
201308859,D000455,10.0,mg
201309180,D000455,10.0,mg
201309332,D000455,10.0,mg
201309488,D000455,20.0,mg
201502559,D000455,10.0,mg
201502561,D000455,10.0,mg
201502712,D000455,20.0,mg
201502990,D000455,20.0,mg
201503235,D000455,20.0,mg
201505350,D000455,20.0,mg
201506583,D000455,20.0,mg
201507737,D000455,10.0,mg
201507738,D000455,20.0,mg
202101505,D000455,20.0,mg
202101506,D000455,10.0,mg
202101507,D000455,10.0,mg
202101508,D000455,20.0,mg
202101509,D000455,40.0,mg
200709202,D000455,20.0,mg
200709792,D000455,,
200709825,D000455,10.0,mg
200712032,D000455,20.0,mg
201203513,D000455,20.0,mg
201203514,D000455,10.0,mg
201203607,D000455,10.0,mg
201206339,D000455,10.0,mg
201206556,D000455,10.0,mg
201601007,D000455,10.0,mg
201601146,D000455,10.0,mg
201601761,D000455,10.0,mg
201602763,D000455,20.0,mg
201602764,D000455,40.0,mg
201602765,D000455,10.0,mg
201602931,D000455,20.0,mg
201603144,D000455,,
201206836,D000455,10.0,mg
201207593,D000455,10.0,mg
201208289,D000455,10.0,mg
201208467,D000455,10.0,mg
201307357,D000455,20.0,mg
201307382,D000455,,
201307536,D000455,10.0,mg
201307539,D000455,10.0,mg
201307570,D000455,20.0,mg
201308048,D000455,10.0,mg
201308307,D000455,10.0,mg
201308368,D000455,20.0,mg
201308416,D000455,10.0,mg
201309533,D000455,10.0,mg
202101546,D000455,20.0,mg
202101547,D000455,40.0,mg
201310004,D000455,20.0,mg
201310783,D000455,20.0,mg
201310784,D000455,10.0,mg
201400347,D000455,20.0,mg
201401233,D000455,20.0,mg
201401870,D000455,40.0,mg
201403178,D000455,10.0,mg
201403179,D000455,20.0,mg
201403198,D000455,20.0,mg
201403318,D000455,10.0,mg
201701538,D000455,20.0,mg
201701568,D000455,20.0,mg
201701877,D000455,10.0,mg
201707624,D000455,20.0,mg
201708496,D000455,20.0,mg
201800303,D000455,20.0,mg
201800861,D000455,20.0,mg
201801718,D000455,20.0,mg
201801719,D000455,10.0,mg
202101548,D000455,20.0,mg
202101549,D000455,10.0,mg
202101550,D000455,40.0,mg
202101551,D000455,20.0,mg
202101552,D000455,10.0,mg
202101553,D000455,40.0,mg
202101554,D000455,20.0,mg
202101555,D000455,10.0,mg
202101556,D000455,10.0,mg
201309774,D000455,10.0,mg
201310964,D000455,,
201400190,D000455,20.0,mg
201403432,D000455,20.0,mg
201403815,D000455,20.0,mg
201404035,D000455,20.0,mg
201404036,D000455,40.0,mg
201404037,D000455,80.0,mg
201404127,D000455,20.0,mg
201404481,D000455,20.0,mg
201404482,D000455,10.0,mg
201404537,D000455,20.0,mg
201405997,D000455,40.0,mg
201801951,D000455,10.0,mg
201801952,D000455,20.0,mg
201802395,D000455,10.0,mg
201804270,D000455,20.0,mg
201804838,D000455,40.0,mg
201901774,D000455,20.0,mg
201902753,D000455,20.0,mg
201902759,D000455,10.0,mg
201903324,D000455,20.0,mg
202101557,D000455,20.0,mg
202101558,D000455,40.0,mg
202101559,D000455,20.0,mg
202101560,D000455,10.0,mg
202101561,D000455,10.0,mg
202101562,D000455,20.0,mg
202101563,D000455,40.0,mg
202101564,D000455,10.0,mg
202101565,D000455,20.0,mg
201400193,D000455,20.0,mg
201401922,D000455,,
201402411,D000455,,
201403191,D000455,20.0,mg
201404023,D000455,20.0,mg
201404644,D000455,20.0,mg
201404786,D000455,10.0,mg
201405524,D000455,20.0,mg
201500660,D000455,20.0,mg
201500979,D000455,20.0,mg
201903325,D000455,10.0,mg
201903836,D000455,40.0,mg
201904206,D000455,20.0,mg
201904207,D000455,10.0,mg
201904609,D000455,10.0,mg
201904610,D000455,20.0,mg
201905856,D000455,40.0,mg
201906111,D000455,20.0,mg
201906327,D000455,40.0,mg
202101566,D000455,40.0,mg
202101569,D000455,10.0,mg
202101573,D000455,10.0,mg
202101574,D000455,20.0,mg
202101575,D000455,40.0,mg
202101579,D000455,10.0,mg
202101580,D000455,20.0,mg
202101581,D000455,40.0,mg
202101582,D000455,10.0,mg
201406140,D000455,20.0,mg
201500282,D000455,20.0,mg
201500619,D000455,20.0,mg
201500645,D000455,10.0,mg
201500648,D000455,10.0,mg
201500649,D000455,20.0,mg
201501728,D000455,10.0,mg
201501978,D000455,10.0,mg
201501979,D000455,20.0,mg
201906913,D000455,20.0,mg
201906914,D000455,10.0,mg
201907428,D000455,40.0,mg
201907997,D000455,40.0,mg
202001692,D000455,20.0,mg
202002253,D000455,40.0,mg
202002309,D000455,40.0,mg
202002540,D000455,40.0,mg
202002626,D000455,40.0,mg
202101583,D000455,20.0,mg
202101584,D000455,40.0,mg
202101585,D000455,10.0,mg
202101586,D000455,20.0,mg
202101587,D000455,40.0,mg
202101588,D000455,10.0,mg
202101592,D000455,20.0,mg
202101596,D000455,40.0,mg
202101597,D000455,10.0,mg
201501997,D000455,20.0,mg
201505365,D000455,20.0,mg
201602773,D000455,10.0,mg
201602875,D000455,10.0,mg
201602876,D000455,20.0,mg
201602933,D000455,20.0,mg
201603076,D000455,20.0,mg
201603246,D000455,20.0,mg
201603247,D000455,10.0,mg
200709201,D000455,20.0,mg
200709203,D000455,20.0,mg
200709389,D000455,40.0,mg
200709390,D000455,20.0,mg
200709786,D000455,10.0,mg
200709787,D000455,10.0,mg
200709788,D000455,10.0,mg
200709790,D000455,10.0,mg
200709793,D000455,10.0,mg
202003394,D000455,10.0,mg
202100186,D000455,10.0,mg
202100187,D000455,20.0,mg
202100188,D000455,40.0,mg
202101273,D000455,80.0,mg
202101381,D000455,10.0,mg
202101382,D000455,20.0,mg
202101383,D000455,40.0,mg
202101384,D000455,10.0,mg
202101598,D000455,20.0,mg
202101600,D000455,10.0,mg
202101601,D000455,20.0,mg
202101602,D000455,40.0,mg
202101604,D000455,10.0,mg
202101605,D000455,20.0,mg
202101606,D000455,10.0,mg
202101607,D000455,40.0,mg
202101608,D000455,20.0,mg
201603432,D000455,20.0,mg
201603961,D000455,10.0,mg
201701634,D000455,10.0,mg
201701635,D000455,20.0,mg
201707527,D000455,20.0,mg
201800504,D000455,20.0,mg
201800795,D000455,10.0,mg
201801735,D000455,20.0,mg
201802983,D000455,20.0,mg
200709794,D000455,10.0,mg
200711422,D000455,80.0,mg
200801350,D000455,10.0,mg
200801352,D000455,10.0,mg
200802327,D000455,10.0,mg
200802335,D000455,,
200803246,D000455,80.0,mg
200803429,D000455,40.0,mg
200803964,D000455,40.0,mg
200807683,D000455,10.0,mg
202101386,D000455,40.0,mg
202101387,D000455,20.0,mg
202101388,D000455,40.0,mg
202101389,D000455,10.0,mg
202101390,D000455,40.0,mg
202101391,D000455,20.0,mg
202101392,D000455,10.0,mg
202101393,D000455,20.0,mg
202101394,D000455,10.0,mg
202101611,D000455,10.0,mg
202101612,D000455,20.0,mg
202101613,D000455,40.0,mg
202101618,D000455,40.0,mg
202101619,D000455,20.0,mg
202101620,D000455,10.0,mg
202101622,D000455,10.0,mg
202101623,D000455,20.0,mg
202101624,D000455,20.0,mg
201803135,D000455,10.0,mg
201803145,D000455,20.0,mg
201804269,D000455,10.0,mg
201804618,D000455,20.0,mg
201805136,D000455,10.0,mg
201805137,D000455,20.0,mg
201805352,D000455,20.0,mg
201901298,D000455,10.0,mg
201902555,D000455,20.0,mg
200807684,D000455,20.0,mg
200808409,D000455,20.0,mg
200808715,D000455,40.0,mg
200808796,D000455,40.0,mg
200809045,D000455,40.0,mg
200809402,D000455,80.0,mg
200809440,D000455,40.0,mg
201000637,D000455,10.0,mg
201110505,D000455,40.0,mg
201202396,D000455,20.0,mg
202101395,D000455,40.0,mg
202101396,D000455,20.0,mg
202101397,D000455,10.0,mg
202101398,D000455,40.0,mg
202101399,D000455,20.0,mg
202101400,D000455,10.0,mg
202101407,D000455,40.0,mg
202101408,D000455,20.0,mg
202101409,D000455,10.0,mg
202101625,D000455,10.0,mg
202101626,D000455,40.0,mg
202101632,D000455,20.0,mg
202101633,D000455,10.0,mg
202101635,D000455,20.0,mg
202101636,D000455,10.0,mg
202101637,D000455,10.0,mg
202101641,D000455,10.0,mg
202101642,D000455,20.0,mg
201902690,D000455,10.0,mg
201902796,D000455,20.0,mg
201903183,D000455,10.0,mg
201903557,D000455,10.0,mg
201903558,D000455,20.0,mg
201904714,D000455,20.0,mg
201904722,D000455,20.0,mg
201904723,D000455,10.0,mg
201905536,D000455,10.0,mg
201203609,D000455,20.0,mg
201205250,D000455,20.0,mg
201206318,D000455,20.0,mg
201206319,D000455,10.0,mg
201206877,D000455,10.0,mg
201207013,D000455,10.0,mg
201207300,D000455,10.0,mg
201207589,D000455,,
201208877,D000455,20.0,mg
201209554,D000455,10.0,mg
202101411,D000455,10.0,mg
202101412,D000455,20.0,mg
202101413,D000455,40.0,mg
202101414,D000455,10.0,mg
202101415,D000455,20.0,mg
202101418,D000455,40.0,mg
202101419,D000455,20.0,mg
202101420,D000455,10.0,mg
202101421,D000455,10.0,mg
202101643,D000455,40.0,mg
202101644,D000455,10.0,mg
202101645,D000455,20.0,mg
202101646,D000455,40.0,mg
202101647,D000455,40.0,mg
202101648,D000455,40.0,mg
202101649,D000455,20.0,mg
202101650,D000455,10.0,mg
202101651,D000455,20.0,mg
201906438,D000455,20.0,mg
201907848,D000455,20.0,mg
202000815,D000455,20.0,mg
202002211,D000455,20.0,mg
202002212,D000455,10.0,mg
202100224,D000455,10.0,mg
202100225,D000455,40.0,mg
202100226,D000455,20.0,mg
202100664,D000455,1000.0,mg
201210138,D000455,,
201306059,D000455,10.0,mg
201306069,D000455,20.0,mg
201306119,D000455,10.0,mg
201306231,D000455,20.0,mg
201306289,D000455,10.0,mg
201306380,D000455,10.0,mg
201307002,D000455,10.0,mg
201307038,D000455,10.0,mg
201307062,D000455,20.0,mg
202101422,D000455,20.0,mg
202101423,D000455,10.0,mg
202101424,D000455,20.0,mg
202101425,D000455,40.0,mg
202101426,D000455,10.0,mg
202101427,D000455,20.0,mg
202101428,D000455,40.0,mg
202101429,D000455,10.0,mg
202101430,D000455,20.0,mg
202101655,D000455,10.0,mg
202101656,D000455,20.0,mg
202101657,D000455,40.0,mg
202101658,D000455,10.0,mg
202101659,D000455,40.0,mg
201707099,D000716,1.0,mg
198601920,D000363,,
202300495,D000363,,
202300770,D000363,,
202300940,D000363,,
202301159,D000363,,
202301293,D000363,,
202301519,D000363,400.0,mg
202301573,D000363,,
202301724,D000363,,
202301734,D000363,,
201707100,D000716,4.0,mg
202203060,D000363,,
202203274,D000363,,
202203304,D000363,400.0,mg
202204213,D000363,,
202204634,D000363,,
202204696,D000363,200.0,mg
202300213,D000363,,
202300232,D000363,,
201701839,D000716,2.0,mg
201604402,D000363,,
201604489,D000363,,
201607229,D000363,,
201700729,D000363,,
201701140,D000363,,
201702297,D000363,,
201706379,D000363,,
201707523,D000363,,
201708080,D000363,,
198700315,D000363,,
198701124,D000363,400.0,mg
198701721,D000363,400.0,mg
198800776,D000363,400.0,mg
198801657,D000363,400.0,mg
198900550,D000363,,
198901310,D000363,,
198901710,D000363,,
198901915,D000363,,
202302051,D000363,400.0,mg
202302993,D000363,,
202302745,D000363,,
202303276,D000363,,
202400356,D000363,400.0,mg
202400572,D000363,,
202400730,D000363,,
202401092,D000363,,
202401305,D000363,,
201801498,D000363,,
201801688,D000363,,
201802556,D000363,400.0,mg
201802728,D000363,,
201803371,D000363,,
201804577,D000363,,
201904193,D000363,,
201904810,D000363,,
201906059,D000363,,
199001302,D000363,,
199100705,D000363,,
199102092,D000363,400.0,mg
199102476,D000363,400.0,mg
199300224,D000363,,
199302363,D000363,,
199302515,D000363,,
199402354,D000363,,
199501694,D000363,,
202401329,D000363,,
202401447,D000363,,
202401488,D000363,,
202401945,D000363,400.0,mg
202402426,D000363,,
202402670,D000363,,
202402790,D000363,,
202500001,D000363,,
202500806,D000363,,
201907485,D000363,,
201908295,D000363,,
201908533,D000363,,
201908614,D000363,,
202000773,D000363,,
202003414,D000363,,
202003662,D000363,,
202004710,D000363,200.0,mg
202005006,D000363,,
199501735,D000363,200.0,mg
199501736,D000363,400.0,mg
199502575,D000363,,
199602438,D000363,,
199701416,D000363,,
199703357,D000363,,
199703387,D000363,,
199804309,D000363,400.0,mg
202501361,D000363,,
199900511,D000363,,
202501655,D000363,,
202501849,D000363,,
202501957,D000363,,
202502043,D000363,,
202502046,D000363,,
202502387,D000363,,
201400030,D000363,,
201403380,D000363,,
202502386,D000363,,
201403677,D000363,,
201405818,D000363,,
201500197,D000363,,
201500673,D000363,,
201502752,D000363,,
201502753,D000363,,
201505085,D000363,,
202005496,D000363,,
202006761,D000363,,
202007294,D000363,,
202100359,D000363,,
202102069,D000363,,
202104481,D000363,,
202107327,D000363,,
202107347,D000363,,
199901375,D000363,,
200001172,D000363,,
200003489,D000363,,
200101233,D000363,,
200101234,D000363,600.0,mg
200109769,D000363,,
200200931,D000363,,
200201190,D000363,,
200201239,D000363,,
200301135,D000363,,
202502392,D000363,,
202502566,D000363,,
202502952,D000363,,
201602703,D000363,,
202502420,D000363,,
202502602,D000363,,
202502603,D000363,,
202502953,D000363,,
202502969,D000363,,
202200138,D000363,,
202200413,D000363,,
202200707,D000363,,
202200708,D000363,,
202201485,D000363,,
202201645,D000363,,
202201233,D000363,,
202201730,D000363,,
202201731,D000363,,
200301315,D000363,,
200301809,D000363,200.0,mg
200400463,D000363,,
200606413,D000363,,
200610785,D000363,,
200704500,D000363,200.0,mg
200806694,D000363,400.0,mg
200901147,D000363,,
200901517,D000363,,
202502970,D000363,,
202502974,D000363,,
202502975,D000363,,
202503021,D000363,,
202503022,D000363,,
202503123,D000363,,
202503227,D000363,,
202201732,D000363,,
202202311,D000363,,
202202347,D000363,,
202202348,D000363,,
202202363,D000363,,
202202367,D000363,,
202202410,D000363,,
202202422,D000363,,
202202473,D000363,,
200901979,D000363,,
200902301,D000363,,
200906330,D000363,,
201005773,D000363,,
201007481,D000363,,
201100501,D000363,,
201103366,D000363,,
201103627,D000363,,
201103628,D000363,,
202601080,D000363,,
202503228,D000363,,
202503366,D000363,,
202600048,D000363,,
202600444,D000363,,
202601010,D000363,,
202601042,D000363,,
202601073,D000363,,
201103928,D000363,,
201105016,D000363,,
201110120,D000363,,
201110747,D000363,,
201200252,D000363,,
201300116,D000363,,
201301235,D000363,,
201301591,D000363,,
201308385,D000363,,
202601208,D000363,,
202601272,D000363,,
202601979,D000363,,
202602034,D000363,,
202602078,D000363,,
202602225,D000363,,
202601653,D000363,,
202602160,D000363,,
201309779,D000363,200.0,mg
202602238,D000363,,
202106243,D000363,,
201705259,D000363,,
200703429,D000363,,
201606897,D000363,,
197700120,D000363,200.0,mg
198300343,D000363,400.0,mg
198400131,D000363,400.0,mg
201801001,D000373,250.0,mg
201801015,D000373,250.0,mg
201802859,D000373,250.0,mg
201803799,D000373,,
201803806,D000373,,
201803975,D000373,500.0,mg
201804702,D000373,500.0,mg
201805353,D000373,500.0,mg
201401314,D000373,250.0,mg
201402294,D000373,,
201402806,D000373,250.0,mg
201403024,D000373,,
201403057,D000373,500.0,mg
201403058,D000373,250.0,mg
201403123,D000373,500.0,mg
201403184,D000373,250.0,mg
201403185,D000373,500.0,mg
200401068,D000373,,
200401202,D000373,,
200401257,D000373,500.0,mg
200401457,D000373,,
200401688,D000373,,
200402091,D000373,,
200402681,D000373,,
200402701,D000373,250.0,mg
200403215,D000373,,
201500717,D000373,125.0,mg
201501046,D000373,125.0,mg
201505130,D000373,125.0,mg
201601242,D000373,250.0,mg
201805354,D000373,250.0,mg
201900242,D000373,250.0,mg
201601247,D000373,125.0,mg
201601452,D000373,125.0,mg
201702186,D000373,125.0,mg
201705208,D000373,125.0,mg
201900850,D000373,500.0,mg
201901746,D000373,500.0,mg
201901753,D000373,250.0,mg
201901976,D000373,500.0,mg
201902148,D000373,250.0,mg
201902218,D000373,250.0,mg
201403692,D000373,250.0,mg
201403832,D000373,,
201404103,D000373,500.0,mg
201404170,D000373,250.0,mg
201404361,D000373,,
201404527,D000373,250.0,mg
201404528,D000373,500.0,mg
201405093,D000373,500.0,mg
200403511,D000373,250.0,mg
200403706,D000373,,
200500849,D000373,250.0,mg
200502385,D000373,250.0,mg
200605343,D000373,,
200700191,D000373,,
200705500,D000373,500.0,mg
200705501,D000373,500.0,mg
200706123,D000373,500.0,mg
201902716,D000373,250.0,mg
201706634,D000373,125.0,mg
201800046,D000373,125.0,mg
201800047,D000373,250.0,mg
201803511,D000373,250.0,mg
201803512,D000373,125.0,mg
201804928,D000373,125.0,mg
201903356,D000373,500.0,mg
201904742,D000373,500.0,mg
201905348,D000373,250.0,mg
201900085,D000373,125.0,mg
201907961,D000373,125.0,mg
201905908,D000373,,
201906074,D000373,500.0,mg
201908037,D000373,500.0,mg
201908218,D000373,,
201908291,D000373,250.0,mg
201406190,D000373,250.0,mg
201500514,D000373,500.0,mg
201501057,D000373,250.0,mg
201501071,D000373,500.0,mg
201501414,D000373,250.0,mg
201504186,D000373,250.0,mg
201505923,D000373,250.0,mg
201507839,D000373,250.0,mg
201507840,D000373,500.0,mg
200706984,D000373,500.0,mg
200707442,D000373,500.0,mg
200707458,D000373,500.0,mg
200711216,D000373,,
200903896,D000373,,
201002794,D000373,,
201003393,D000373,500.0,mg
201206410,D000373,250.0,mg
201206831,D000373,250.0,mg
201907962,D000373,250.0,mg
200605342,D000373,,
199500174,D000373,,
199802438,D000373,250.0,mg
199901158,D000373,250.0,mg
202000272,D000373,250.0,mg
199800083,D000373,250.0,mg
199806478,D000373,500.0,mg
199902270,D000373,,
201908430,D000373,250.0,mg
202000273,D000373,250.0,mg
202003108,D000373,500.0,mg
202003109,D000373,250.0,mg
202003887,D000373,500.0,mg
202003888,D000373,250.0,mg
200300764,D000373,,
200301250,D000373,125.0,mg
200402427,D000373,125.0,mg
201508452,D000373,500.0,mg
201600250,D000373,250.0,mg
201601760,D000373,,
201602152,D000373,250.0,mg
201602541,D000373,250.0,mg
201603061,D000373,500.0,mg
201603545,D000373,250.0,mg
201603546,D000373,500.0,mg
201207486,D000373,250.0,mg
201207575,D000373,250.0,mg
201208464,D000373,250.0,mg
201209757,D000373,,
201211101,D000373,250.0,mg
201211103,D000373,500.0,mg
201211108,D000373,500.0,mg
201603563,D000373,500.0,mg
201304813,D000373,,
201306167,D000373,250.0,mg
199903348,D000373,250.0,mg
199906953,D000373,500.0,mg
199906954,D000373,500.0,mg
200001894,D000373,250.0,mg
200002468,D000373,250.0,mg
200008815,D000373,250.0,mg
200101635,D000373,,
200102615,D000373,500.0,mg
200209715,D000373,125.0,mg
200500501,D000373,250.0,mg
200501611,D000373,250.0,mg
200501784,D000373,250.0,mg
200604222,D000373,,
200806294,D000373,125.0,mg
201205945,D000373,125.0,mg
201603769,D000373,,
201604128,D000373,500.0,mg
201205946,D000373,250.0,mg
201206325,D000373,125.0,mg
201604097,D000373,250.0,mg
201604609,D000373,250.0,mg
201702103,D000373,250.0,mg
201703348,D000373,250.0,mg
201704785,D000373,500.0,mg
201708030,D000373,500.0,mg
201306344,D000373,,
201307925,D000373,250.0,mg
201307926,D000373,500.0,mg
201307946,D000373,250.0,mg
201308057,D000373,250.0,mg
201308261,D000373,500.0,mg
201309973,D000373,500.0,mg
201708131,D000373,500.0,mg
201310352,D000373,500.0,mg
201401098,D000373,,
200300015,D000373,250.0,mg
200300286,D000373,250.0,mg
200301517,D000373,500.0,mg
200302484,D000373,,
200307829,D000373,250.0,mg
200308397,D000373,125.0,mg
200400299,D000373,,
200400388,D000373,250.0,mg
200400985,D000373,,
201309053,D000373,,
201708638,D000373,250.0,mg
201708639,D000373,500.0,mg
201309489,D000373,125.0,mg
201310981,D000373,,
201403521,D000373,125.0,mg
201403950,D000373,125.0,mg
201500104,D000373,125.0,mg
201500105,D000373,250.0,mg
201500384,D000373,125.0,mg
201401281,D000373,250.0,mg
200707879,D000762,,
201210745,D000762,,
201309176,D000762,100.0,mg
198801192,D000716,2.5,mg
199100422,D000060,20.0,mg
199102714,D000060,20.0,mg
201309931,D000762,,
201208655,D000762,,
201300139,D000762,,
201308088,D000762,,
201403537,D000762,,
201404056,D000762,,
201404497,D000762,,
201500969,D000762,,
201502419,D000762,,
201502553,D000762,,
201502655,D000762,,
201503290,D000762,,
201504954,D000762,,
201603675,D000762,,
200500290,D000762,100.0,mg
200501140,D000762,,
201310643,D000762,,
201402364,D000762,,
201405281,D000762,,
201405797,D000762,100.0,mg
200501151,D000762,,
200501618,D000762,,
200501895,D000762,,
200502017,D000762,,
200502065,D000762,,
200706874,D000762,,
201405193,D000762,,
201500626,D000762,,
201502332,D000762,100.0,mg
201503475,D000762,,
201603957,D000762,,
199101496,D000716,25.0,mg
199901596,D000716,10.0,mg
200210229,D000716,5.0,g
201600516,D000762,100.0,mg
201702166,D000762,100.0,mg
201803802,D000762,,
201404542,D000762,,
201905813,D000762,100.0,mg
202003512,D000762,,
200901621,D000762,,
200703125,D000762,,
200000417,D000762,,
200400695,D000762,,
200500239,D000762,,
200500409,D000762,,
200500830,D000762,,
200500871,D000762,,
201211544,D000762,100.0,mg
201801392,D000762,100.0,mg
200501267,D000762,,
200701874,D000762,,
202105228,D000762,,
200502901,D000762,100.0,mg
200713887,D000762,,
201206338,D000762,,
200503234,D000762,,
202101492,D000455,40.0,mg
202101493,D000455,20.0,mg
202101494,D000455,10.0,mg
202101873,D000455,40.0,mg
202101884,D000455,20.0,mg
202101885,D000455,10.0,mg
202101901,D000455,10.0,mg
202101902,D000455,20.0,mg
202104683,D000455,10.0,mg
202104684,D000455,20.0,mg
202106949,D000455,10.0,mg
202100873,D000455,1000.0,mg
202203038,D000455,1000.0,mg
202203078,D000455,1000.0,mg
202204318,D000455,1000.0,mg
202600039,D000455,1000.0,mg
200707792,D000455,,
200707797,D000455,10.0,mg
200708449,D000455,10.0,mg
200708458,D000455,10.0,mg
202100215,D000455,10.0,mg
202100216,D000455,20.0,mg
202100221,D000455,10.0,mg
202100223,D000455,40.0,mg
202100227,D000455,10.0,mg
202100228,D000455,40.0,mg
202100229,D000455,20.0,mg
202100231,D000455,20.0,mg
201307661,D000455,,
201310393,D000455,10.0,mg
201400497,D000455,20.0,mg
201704784,D000455,10.0,mg
201704839,D000455,10.0,mg
201802750,D000455,10.0,mg
202101495,D000455,40.0,mg
202101496,D000455,20.0,mg
202101497,D000455,10.0,mg
202101498,D000455,40.0,mg
202100174,D000455,10.0,mg
202100175,D000455,20.0,mg
202101499,D000455,20.0,mg
202101500,D000455,10.0,mg
202101502,D000455,20.0,mg
202101503,D000455,10.0,mg
202106950,D000455,20.0,mg
202202793,D000455,1000.0,mg
202202839,D000455,1000.0,mg
202202840,D000455,1000.0,mg
202301595,D000455,5.0,mg
202301683,D000455,5.0,mg
202400512,D000455,5.0,mg
202400543,D000455,5.0,mg
202100176,D000455,40.0,mg
202100177,D000455,40.0,mg
202100178,D000455,20.0,mg
202100182,D000455,10.0,mg
202100183,D000455,10.0,mg
202100184,D000455,20.0,mg
202100185,D000455,40.0,mg
202400588,D000455,5.0,mg
202400664,D000455,5.0,mg
202400700,D000455,5.0,mg
202403092,D000455,5.0,mg
202500454,D000455,5.0,mg
202503098,D000455,5.0,mg
202503099,D000455,5.0,mg
202600844,D000455,5.0,mg
202101438,D000455,20.0,mg
202101431,D000455,40.0,mg
202101432,D000455,10.0,mg
202101433,D000455,20.0,mg
202101434,D000455,40.0,mg
202101435,D000455,10.0,mg
202101436,D000455,20.0,mg
202101437,D000455,40.0,mg
202100189,D000455,10.0,mg
202100190,D000455,20.0,mg
202100191,D000455,40.0,mg
202100192,D000455,40.0,mg
202100194,D000455,20.0,mg
202100198,D000455,10.0,mg
202100199,D000455,20.0,mg
202101439,D000455,10.0,mg
202101463,D000455,80.0,mg
202602458,D000455,5.0,mg
200705819,D000455,,
200706601,D000455,10.0,mg
202101466,D000455,40.0,mg
202101440,D000455,40.0,mg
202101660,D000455,20.0,mg
202101441,D000455,20.0,mg
202101442,D000455,10.0,mg
202101464,D000455,10.0,mg
202101465,D000455,20.0,mg
202101663,D000455,20.0,mg
202101674,D000455,10.0,mg
202101675,D000455,20.0,mg
202101676,D000455,40.0,mg
202101732,D000455,20.0,mg
202101733,D000455,10.0,mg
202101734,D000455,40.0,mg
200709908,D000086,400.0,mg
199604999,D000274,,
199700240,D000274,,
199701415,D000274,,
200100710,D000274,,
200202727,D000274,,
200400485,D000086,,
200301719,D000274,,
200302143,D000274,,
200713001,D000274,,
200801933,D000274,,
200710817,D000086,300.0,mg
201101934,D000274,,
201402788,D000274,,
201907574,D000274,,
200808462,D000086,,
199500043,D000274,,
200102265,D000274,,
201100186,D000274,,
200903668,D000086,,
201003391,D000274,,
200903482,D000086,,
201102310,D000274,,
201201370,D000274,,
200905196,D000086,,
201309291,D000274,,
201500216,D000274,,
201700525,D000274,,
201005694,D000086,,
201107084,D000086,,
201308922,D000086,,
201309080,D000086,,
201501315,D000086,,
201702324,D000086,,
201900852,D000086,,
201904806,D000086,,
201905836,D000086,,
202001495,D000086,,
202401681,D000086,,
202401742,D000086,,
202002074,D000086,,
200103882,D000086,,
200302482,D000086,400.0,mg
200201329,D000086,300.0,mg
200201784,D000086,,
200709915,D000086,,
200401219,D000086,,
200905315,D000086,300.0,mg
201005697,D000086,,
201708249,D000086,,
201900962,D000086,300.0,mg
200904082,D000086,,
201110516,D000086,,
201502386,D000086,300.0,mg
201905840,D000086,300.0,mg
200709010,D000086,400.0,mg
200809274,D000086,,
200512203,D000086,,
201005753,D000086,,
201310950,D000086,,
201800862,D000086,,
199400696,D000081,500.0,mg
201800707,D000672,,
200403053,D000142,,
200404700,D000142,250.0,mg
201802978,D000672,,
199603455,D000142,250.0,mg
199703355,D000142,500.0,mg
199703530,D000142,500.0,mg
200401454,D000081,,
199703531,D000142,,
199800906,D000142,,
201803486,D000672,,
199401094,D000142,250.0,mg
199401184,D000142,500.0,mg
199401754,D000142,250.0,mg
199402352,D000142,,
199601533,D000142,250.0,mg
199601534,D000142,500.0,mg
199602021,D000142,250.0,mg
201803902,D000672,,
200404045,D000081,,
199900995,D000142,250.0,mg
199907067,D000142,,
200000453,D000142,,
200101475,D000142,,
200404646,D000081,,
201804122,D000672,,
201505089,D000142,,
201508296,D000142,,
201600601,D000142,,
201602319,D000142,500.0,mg
201800299,D000142,250.0,mg
201800924,D000142,250.0,mg
201801819,D000142,250.0,mg
201801841,D000142,,
200705581,D000672,,
200401618,D000142,,
200402746,D000142,,
201003612,D000081,,
201908446,D000081,,
200503799,D000142,,
200707894,D000142,,
200708955,D000672,,
200709743,D000142,500.0,mg
201106064,D000712,,
200709423,D000672,,
199201214,D000142,250.0,mg
199202036,D000142,,
199202222,D000142,250.0,mg
199202496,D000142,,
201907106,D000142,250.0,mg
201907281,D000142,250.0,mg
201908109,D000142,,
202002785,D000142,,
200709963,D000672,,
201901820,D000142,250.0,mg
201903428,D000142,250.0,mg
201903855,D000142,,
201905731,D000142,250.0,mg
200711079,D000672,,
199501793,D000142,,
199600920,D000142,,
200201509,D000142,,
200501316,D000142,500.0,mg
200901006,D000142,500.0,mg
201108602,D000142,,
200713899,D000672,,
199000351,D000142,100.0,mg
200802243,D000672,,
199000363,D000142,500.0,mg
199202497,D000142,250.0,mg
199300927,D000142,,
199500439,D000142,250.0,mg
199701894,D000142,,
200201770,D000142,500.0,mg
200401235,D000142,250.0,mg
200803538,D000672,,
200701814,D000142,500.0,mg
200807647,D000142,250.0,mg
200410879,D000017,20.0,mcg
200308510,D000006,,
200410843,D000006,20.0,mg
200512156,D000006,,
201601113,D000142,,
201601711,D000142,500.0,mg
201801715,D000142,250.0,mg
201802241,D000142,,
198902238,D000142,,
199001346,D000142,250.0,mg
200711277,D000006,,
200712831,D000006,15.0,mg
200712832,D000006,10.0,mg
200807239,D000672,,
200808304,D000672,,
200201724,D000142,250.0,mg
200301209,D000142,,
200302632,D000142,500.0,mg
201201173,D000006,15.0,mg
201405066,D000006,,
201504507,D000006,5.0,mg
200400546,D000142,,
200401117,D000142,,
201706431,D000672,,
200803300,D000142,,
200410877,D000017,5.0,mcg
200410878,D000017,10.0,mcg
201002798,D000142,,
201101276,D000142,,
201208643,D000142,250.0,mg
201309509,D000142,250.0,mg
198800774,D000672,,
201401021,D000142,500.0,mg
201401038,D000142,500.0,mg
201402714,D000142,,
201402874,D000142,,
201403459,D000142,250.0,mg
201403586,D000142,250.0,mg
199602022,D000142,500.0,mg
199602137,D000142,,
201500661,D000142,250.0,mg
198801106,D000672,,
198801250,D000672,100.0,mg
199201561,D000142,2.0,mg
199301538,D000142,,
199202254,D000142,,
199400470,D000142,,
199401084,D000142,,
200005089,D000142,2.0,mg
199000595,D000672,,
199202944,D000142,,
199400029,D000142,,
199400540,D000142,250.0,mg
200302312,D000081,,
200103045,D000142,,
200511396,D000142,,
199200248,D000081,,
199200885,D000081,,
199202530,D000081,,
199601176,D000081,,
199100750,D000142,,
199100923,D000142,250.0,mg
199102393,D000142,250.0,mg
199200423,D000142,,
200301018,D000081,,
201804892,D000672,,
200101474,D000142,,
200200238,D000142,,
200100346,D000142,,
201504508,D000006,10.0,mg
201508080,D000006,10.0,mg
201604036,D000006,10.0,mg
201900299,D000142,250.0,mg
201901582,D000142,,
200108427,D000142,,
200200590,D000142,200.0,mg
200203183,D000142,,
200402964,D000142,,
200703218,D000142,,
201403180,D000142,,
199000923,D000672,100.0,mg
200410905,D000081,,
200411208,D000081,500.0,mg
200502270,D000081,,
200109267,D000760,,
202200617,D000718,1000.0,mg
200102944,D000669,,
202400691,D000718,1000.0,mg
202400694,D000718,1000.0,mg
202400695,D000718,1000.0,mg
202200618,D000718,1000.0,mg
202200619,D000718,500.0,mg
202200620,D000718,850.0,mg
201705701,D000718,850.0,mg
199806678,D000669,,
202502302,D000718,1000.0,mg
202502780,D000718,1000.0,mg
202400701,D000718,850.0,mg
202400702,D000718,500.0,mg
202501727,D000718,500.0,mg
202502781,D000718,1000.0,mg
202502782,D000718,1000.0,mg
202502869,D000718,1000.0,mg
202502920,D000718,500.0,mg
202400630,D000718,750.0,mg
202400631,D000718,1000.0,mg
200102945,D000669,,
200610962,D000718,,
200701403,D000718,500.0,mg
200702272,D000718,,
202500781,D000718,1000.0,mg
202500782,D000718,1000.0,mg
202501536,D000718,1000.0,mg
202501537,D000718,1000.0,mg
199806679,D000669,,
201107510,D000718,500.0,mg
200703806,D000718,500.0,mg
200708031,D000718,80.0,mg
200710610,D000718,2.5,mg
200711025,D000718,2.5,mg
202001275,D000718,850.0,mg
202001276,D000718,1000.0,mg
202201356,D000718,500.0,mg
202201361,D000718,1000.0,mg
202201363,D000718,1000.0,mg
201402049,D000718,500.0,mg
201402467,D000718,500.0,mg
201402909,D000718,,
201403413,D000718,500.0,mg
202201932,D000718,1000.0,mg
202201933,D000718,500.0,mg
202201934,D000718,1000.0,mg
202201935,D000718,1000.0,mg
202201936,D000718,500.0,mg
202201937,D000718,1000.0,mg
201403423,D000718,500.0,mg
201403748,D000718,,
201403981,D000718,500.0,mg
201802632,D000718,850.0,mg
202201938,D000718,1000.0,mg
202204065,D000718,500.0,mg
202204071,D000718,500.0,mg
202204072,D000718,500.0,mg
202300591,D000718,1000.0,mg
202300592,D000718,1000.0,mg
201802677,D000718,500.0,mg
201802737,D000718,850.0,mg
201802894,D000718,850.0,mg
201803142,D000718,500.0,mg
202300593,D000718,500.0,mg
202300594,D000718,1000.0,mg
202300595,D000718,1000.0,mg
202300596,D000718,1000.0,mg
202300597,D000718,1000.0,mg
202300598,D000718,500.0,mg
201803143,D000718,850.0,mg
201803144,D000718,1000.0,mg
202106826,D000718,1000.0,mg
202302579,D000718,500.0,mg
202302580,D000718,500.0,mg
202302581,D000718,1000.0,mg
202302582,D000718,850.0,mg
202302583,D000718,1000.0,mg
202302585,D000718,500.0,mg
202106827,D000718,1000.0,mg
202106829,D000718,1000.0,mg
202106830,D000718,1000.0,mg
202400618,D000718,1000.0,mg
202400619,D000718,1000.0,mg
202400620,D000718,1000.0,mg
202400621,D000718,1000.0,mg
202400622,D000718,1000.0,mg
202400623,D000718,1000.0,mg
202106854,D000718,1000.0,mg
202106874,D000718,1000.0,mg
202201358,D000718,500.0,mg
202400624,D000718,1000.0,mg
202501722,D000718,1000.0,mg
202501723,D000718,1000.0,mg
202501724,D000718,1000.0,mg
202501726,D000718,850.0,mg
202201359,D000718,1000.0,mg
202201360,D000718,500.0,mg
202501728,D000718,1000.0,mg
202501729,D000718,1000.0,mg
202200408,D000718,850.0,mg
202200409,D000718,500.0,mg
202200410,D000718,1000.0,mg
202200485,D000718,500.0,mg
202201362,D000718,850.0,mg
201905506,D000718,500.0,mg
201905811,D000718,500.0,mg
202200486,D000718,850.0,mg
202200487,D000718,1000.0,mg
202200503,D000718,500.0,mg
201309416,D000718,500.0,mg
201309417,D000718,1000.0,mg
202502921,D000718,850.0,mg
201906378,D000718,500.0,mg
201906557,D000718,500.0,mg
201906865,D000718,500.0,mg
202502977,D000718,500.0,mg
202503006,D000718,500.0,mg
202503024,D000718,850.0,mg
202503038,D000718,850.0,mg
202503039,D000718,1000.0,mg
202501912,D000718,750.0,mg
201906866,D000718,,
202201306,D000718,1000.0,mg
202201307,D000718,750.0,mg
202501913,D000718,750.0,mg
202501987,D000718,750.0,mg
202501988,D000718,750.0,mg
201801834,D000718,850.0,mg
202105309,D000718,500.0,mg
202105310,D000718,1000.0,mg
202201403,D000718,1000.0,mg
202201404,D000718,1000.0,mg
202201405,D000718,850.0,mg
202201364,D000718,850.0,mg
202201365,D000718,500.0,mg
202201371,D000718,1000.0,mg
202201952,D000718,500.0,mg
202201953,D000718,1000.0,mg
202201954,D000718,1000.0,mg
202201406,D000718,500.0,mg
202201409,D000718,1000.0,mg
202201410,D000718,750.0,mg
202201955,D000718,500.0,mg
202201956,D000718,1000.0,mg
202201957,D000718,1000.0,mg
202201958,D000718,500.0,mg
202300599,D000718,1000.0,mg
202300600,D000718,1000.0,mg
202201962,D000718,500.0,mg
202201963,D000718,1000.0,mg
202204037,D000718,500.0,mg
202300601,D000718,500.0,mg
202300602,D000718,500.0,mg
202300603,D000718,1000.0,mg
202300604,D000718,1000.0,mg
202300606,D000718,500.0,mg
202302586,D000718,500.0,mg
202204038,D000718,500.0,mg
202204057,D000718,500.0,mg
202204058,D000718,500.0,mg
202302587,D000718,850.0,mg
202302588,D000718,1000.0,mg
202302589,D000718,500.0,mg
202302591,D000718,1000.0,mg
202302605,D000718,500.0,mg
202400625,D000718,1000.0,mg
202204059,D000718,500.0,mg
202204061,D000718,500.0,mg
202300366,D000718,500.0,mg
202400626,D000718,1000.0,mg
202400627,D000718,1000.0,mg
202400628,D000718,1000.0,mg
202400629,D000718,1000.0,mg
202400633,D000718,1000.0,mg
202400634,D000718,1000.0,mg
202301797,D000718,500.0,mg
202301798,D000718,1000.0,mg
202301799,D000718,850.0,mg
202501730,D000718,850.0,mg
202501731,D000718,500.0,mg
202501740,D000718,850.0,mg
202501741,D000718,1000.0,mg
202501742,D000718,500.0,mg
202501759,D000718,1000.0,mg
202301800,D000718,1000.0,mg
202301801,D000718,850.0,mg
202301802,D000718,500.0,mg
202501760,D000718,1000.0,mg
202200504,D000718,850.0,mg
202200505,D000718,1000.0,mg
202200615,D000718,850.0,mg
202200616,D000718,500.0,mg
202302723,D000718,500.0,mg
202302724,D000718,1000.0,mg
202400703,D000718,1000.0,mg
201309418,D000718,1000.0,mg
202600714,D000718,1000.0,mg
202600715,D000718,1000.0,mg
202600716,D000718,1000.0,mg
202401052,D000718,1000.0,mg
202401053,D000718,850.0,mg
202601730,D000718,1000.0,mg
202601731,D000718,1000.0,mg
202108198,D000718,850.0,mg
201801989,D000718,750.0,mg
201801990,D000718,500.0,mg
201801991,D000718,750.0,mg
200711026,D000718,5.0,mg
200711837,D000718,2.5,mg
200711975,D000718,2.5,mg
201801992,D000718,500.0,mg
201801993,D000718,750.0,mg
201801994,D000718,500.0,mg
201801995,D000718,500.0,mg
202105928,D000718,500.0,mg
202106824,D000718,1000.0,mg
200711976,D000718,5.0,mg
200713008,D000718,500.0,mg
200713009,D000718,1000.0,mg
202106825,D000718,1000.0,mg
200713518,D000718,500.0,mg
201404215,D000718,,
201404470,D000718,,
201404986,D000718,,
202201379,D000718,1000.0,mg
202201380,D000718,850.0,mg
202201959,D000718,1000.0,mg
202201960,D000718,1000.0,mg
202201961,D000718,1000.0,mg
201405223,D000718,1000.0,mg
201405356,D000718,750.0,mg
201405856,D000718,500.0,mg
202201964,D000718,500.0,mg
202201965,D000718,1000.0,mg
202204575,D000718,1000.0,mg
202300607,D000718,1000.0,mg
202300608,D000718,1000.0,mg
201406092,D000718,,
201803310,D000718,1000.0,mg
201803343,D000718,1000.0,mg
202300609,D000718,1000.0,mg
202300610,D000718,1000.0,mg
202300611,D000718,500.0,mg
202300612,D000718,500.0,mg
202300613,D000718,1000.0,mg
202302606,D000718,1000.0,mg
201803772,D000718,500.0,mg
201803844,D000718,1000.0,mg
201803962,D000718,10.0,mg
202302607,D000718,850.0,mg
202302630,D000718,850.0,mg
202302631,D000718,1000.0,mg
202302632,D000718,500.0,mg
202302633,D000718,850.0,mg
202302635,D000718,1000.0,mg
201803963,D000718,10.0,mg
202106875,D000718,1000.0,mg
202106876,D000718,1000.0,mg
202400660,D000718,1000.0,mg
202400661,D000718,1000.0,mg
202400662,D000718,1000.0,mg
202400663,D000718,1000.0,mg
202400671,D000718,500.0,mg
202400672,D000718,850.0,mg
202106877,D000718,1000.0,mg
202106882,D000718,1000.0,mg
202106883,D000718,1000.0,mg
202501818,D000718,500.0,mg
202501819,D000718,850.0,mg
202501820,D000718,1000.0,mg
202501898,D000718,1000.0,mg
202501899,D000718,1000.0,mg
202106959,D000718,,
202107028,D000718,500.0,mg
202201495,D000718,750.0,mg
202501900,D000718,750.0,mg
202501901,D000718,1000.0,mg
202200905,D000718,1000.0,mg
202200906,D000718,1000.0,mg
202200910,D000718,850.0,mg
202201496,D000718,500.0,mg
202201497,D000718,1000.0,mg
202201498,D000718,750.0,mg
202200911,D000718,500.0,mg
202200912,D000718,1000.0,mg
202302914,D000718,1000.0,mg
200807809,D000718,1000.0,mg
202108199,D000718,1000.0,mg
202108200,D000718,500.0,mg
202201499,D000718,500.0,mg
201906868,D000718,500.0,mg
201907031,D000718,500.0,mg
202108201,D000718,500.0,mg
202108202,D000718,850.0,mg
202108203,D000718,1000.0,mg
202200028,D000718,1000.0,mg
198801193,D000718,,
201202805,D000718,500.0,mg
201907392,D000718,850.0,mg
201908008,D000718,850.0,mg
201908009,D000718,500.0,mg
201202806,D000718,1000.0,mg
201801996,D000718,750.0,mg
201801997,D000718,750.0,mg
201801998,D000718,500.0,mg
201908010,D000718,1000.0,mg
202201308,D000718,500.0,mg
202201309,D000718,1000.0,mg
202201310,D000718,750.0,mg
202201381,D000718,500.0,mg
202201385,D000718,1000.0,mg
202201386,D000718,500.0,mg
202201387,D000718,850.0,mg
202201389,D000718,500.0,mg
202201311,D000718,500.0,mg
202201312,D000718,1000.0,mg
202201313,D000718,750.0,mg
202201966,D000718,1000.0,mg
202201967,D000718,1000.0,mg
202201968,D000718,500.0,mg
202201969,D000718,1000.0,mg
202202000,D000718,500.0,mg
202202001,D000718,1000.0,mg
202201411,D000718,500.0,mg
202201412,D000718,1000.0,mg
202201420,D000718,1000.0,mg
202202002,D000718,1000.0,mg
202204581,D000718,1000.0,mg
202204585,D000718,850.0,mg
202204586,D000718,500.0,mg
202204587,D000718,1000.0,mg
202300614,D000718,1000.0,mg
202201421,D000718,750.0,mg
202201422,D000718,500.0,mg
202201423,D000718,1000.0,mg
202300615,D000718,500.0,mg
202300616,D000718,1000.0,mg
202300617,D000718,1000.0,mg
202302636,D000718,500.0,mg
202302638,D000718,1000.0,mg
202302639,D000718,1000.0,mg
202302641,D000718,500.0,mg
202302642,D000718,1000.0,mg
202302643,D000718,850.0,mg
202401040,D000718,1000.0,mg
202204063,D000718,500.0,mg
202204067,D000718,500.0,mg
202401041,D000718,850.0,mg
202401042,D000718,500.0,mg
202501902,D000718,1000.0,mg
202501903,D000718,1000.0,mg
202501909,D000718,1000.0,mg
202501910,D000718,1000.0,mg
202204070,D000718,500.0,mg
202501915,D000718,1000.0,mg
202501916,D000718,850.0,mg
202501917,D000718,500.0,mg
202302920,D000718,1000.0,mg
202400516,D000718,750.0,mg
202400517,D000718,1000.0,mg
202300413,D000718,850.0,mg
202301805,D000718,500.0,mg
202301819,D000718,1000.0,mg
202200029,D000718,500.0,mg
202200030,D000718,850.0,mg
202301837,D000718,850.0,mg
202301838,D000718,1000.0,mg
202301869,D000718,1000.0,mg
202200031,D000718,1000.0,mg
202200032,D000718,500.0,mg
202200033,D000718,850.0,mg
202200111,D000718,1000.0,mg
201208290,D000718,500.0,mg
201208291,D000718,850.0,mg
202302725,D000718,850.0,mg
202302733,D000718,500.0,mg
202302734,D000718,850.0,mg
201208292,D000718,1000.0,mg
202107049,D000718,1000.0,mg
202107126,D000718,1000.0,mg
202107218,D000718,1000.0,mg
202107219,D000718,1000.0,mg
202201390,D000718,850.0,mg
202302735,D000718,1000.0,mg
202401054,D000718,500.0,mg
202401055,D000718,500.0,mg
202201391,D000718,1000.0,mg
202201395,D000718,1000.0,mg
202201396,D000718,850.0,mg
202202009,D000718,500.0,mg
202202010,D000718,1000.0,mg
202202011,D000718,1000.0,mg
202401056,D000718,850.0,mg
202401057,D000718,1000.0,mg
202401058,D000718,850.0,mg
202202012,D000718,500.0,mg
202202013,D000718,1000.0,mg
202202014,D000718,1000.0,mg
202202015,D000718,1000.0,mg
202204591,D000718,850.0,mg
202204592,D000718,500.0,mg
202401059,D000718,500.0,mg
202204593,D000718,1000.0,mg
202302644,D000718,500.0,mg
202302647,D000718,500.0,mg
202302649,D000718,1000.0,mg
202302655,D000718,500.0,mg
202302656,D000718,500.0,mg
200800946,D000718,5.0,mg
200800947,D000718,2.5,mg
200802053,D000718,750.0,mg
200803516,D000718,850.0,mg
202302659,D000718,1000.0,mg
200803517,D000718,1000.0,mg
200803967,D000718,500.0,mg
200805555,D000718,500.0,mg
202501954,D000718,1000.0,mg
202501955,D000718,1000.0,mg
202501956,D000718,1000.0,mg
201406126,D000718,,
201500640,D000718,500.0,mg
201500899,D000718,,
201501225,D000718,,
202502002,D000718,1000.0,mg
202502003,D000718,1000.0,mg
201501432,D000718,500.0,mg
201501697,D000718,750.0,mg
201501699,D000718,500.0,mg
202200112,D000718,500.0,mg
202200113,D000718,850.0,mg
201804095,D000718,850.0,mg
201804719,D000718,850.0,mg
201900246,D000718,,
202200114,D000718,1000.0,mg
202200115,D000718,850.0,mg
202200116,D000718,500.0,mg
202200117,D000718,1000.0,mg
200307866,D000718,,
200307867,D000718,,
201900303,D000718,850.0,mg
201900304,D000718,500.0,mg
201901611,D000718,850.0,mg
201803338,D000718,1000.0,mg
201901617,D000718,1000.0,mg
202107048,D000718,1000.0,mg
202107220,D000718,1000.0,mg
202107223,D000718,1000.0,mg
202107224,D000718,1000.0,mg
200713003,D000669,,
202204571,D000718,850.0,mg
202204572,D000718,850.0,mg
202204573,D000718,500.0,mg
202204574,D000718,1000.0,mg
202204576,D000718,850.0,mg
202204577,D000718,500.0,mg
202204579,D000718,850.0,mg
202302590,D000718,850.0,mg
202400318,D000718,500.0,mg
202400383,D000718,1000.0,mg
200704925,D000669,,
202300844,D000718,500.0,mg
202300845,D000718,1000.0,mg
202300846,D000718,850.0,mg
202400388,D000718,1000.0,mg
202400469,D000718,1000.0,mg
202400470,D000718,,
202400514,D000718,1000.0,mg
202400515,D000718,1000.0,mg
202300192,D000718,500.0,mg
202300847,D000718,500.0,mg
202300848,D000718,500.0,mg
202300849,D000718,850.0,mg
202300209,D000718,500.0,mg
202300210,D000718,1000.0,mg
202300227,D000718,500.0,mg
202300228,D000718,1000.0,mg
202300229,D000718,500.0,mg
202400616,D000718,1000.0,mg
202400617,D000718,1000.0,mg
200401462,D000718,,
200401527,D000718,250.0,mg
200401756,D000718,,
200402630,D000718,500.0,mg
202501632,D000718,1000.0,mg
202501667,D000718,1000.0,mg
202501668,D000718,850.0,mg
202501669,D000718,500.0,mg
200403054,D000718,,
201400878,D000718,500.0,mg
201401077,D000718,5.0,mg
201401518,D000718,,
202501688,D000718,500.0,mg
202501689,D000718,850.0,mg
202200202,D000718,1000.0,mg
202200203,D000718,500.0,mg
202200205,D000718,500.0,mg
202200206,D000718,850.0,mg
202200207,D000718,1000.0,mg
202200208,D000718,850.0,mg
200401014,D000718,250.0,mg
200401015,D000718,500.0,mg
200500971,D000718,,
202107472,D000718,1000.0,mg
202107473,D000718,850.0,mg
202107474,D000718,500.0,mg
202107476,D000718,500.0,mg
202107478,D000718,500.0,mg
202107475,D000718,1000.0,mg
202107477,D000718,1000.0,mg
202201397,D000718,500.0,mg
202201398,D000718,850.0,mg
202201399,D000718,1000.0,mg
202201401,D000718,500.0,mg
202204580,D000718,500.0,mg
202204582,D000718,850.0,mg
202201400,D000718,500.0,mg
202204583,D000718,500.0,mg
202204584,D000718,1000.0,mg
202300758,D000718,850.0,mg
202300759,D000718,500.0,mg
202302637,D000718,850.0,mg
202300850,D000718,1000.0,mg
202300851,D000718,1000.0,mg
202300852,D000718,500.0,mg
202400604,D000718,1000.0,mg
202400605,D000718,1000.0,mg
202400606,D000718,1000.0,mg
202400607,D000718,1000.0,mg
202300853,D000718,850.0,mg
202300854,D000718,1000.0,mg
202300855,D000718,850.0,mg
202400608,D000718,1000.0,mg
202400609,D000718,1000.0,mg
202400610,D000718,1000.0,mg
202300230,D000718,1000.0,mg
202300238,D000718,500.0,mg
202300239,D000718,1000.0,mg
202302640,D000718,850.0,mg
202300240,D000718,500.0,mg
202300241,D000718,1000.0,mg
202300242,D000718,500.0,mg
200502201,D000718,500.0,mg
200502773,D000718,,
200511029,D000718,500.0,mg
200511904,D000718,500.0,mg
202501690,D000718,1000.0,mg
200607691,D000718,,
200607743,D000718,,
200607770,D000718,,
202501691,D000718,850.0,mg
202501692,D000718,500.0,mg
202501700,D000718,500.0,mg
202501701,D000718,850.0,mg
202501702,D000718,1000.0,mg
202200209,D000718,500.0,mg
202200225,D000718,850.0,mg
202200226,D000718,500.0,mg
202200227,D000718,1000.0,mg
202200304,D000718,850.0,mg
202200305,D000718,500.0,mg
200500972,D000718,,
201901622,D000718,1000.0,mg
201901634,D000718,850.0,mg
201901835,D000718,850.0,mg
201901971,D000718,500.0,mg
201902053,D000718,500.0,mg
201902169,D000718,500.0,mg
201902170,D000718,850.0,mg
201902171,D000718,1000.0,mg
202108077,D000718,500.0,mg
202108078,D000718,1000.0,mg
202108079,D000718,500.0,mg
202108080,D000718,1000.0,mg
202108081,D000718,500.0,mg
202108082,D000718,1000.0,mg
202108083,D000718,500.0,mg
202201402,D000718,850.0,mg
202202016,D000718,1000.0,mg
202202017,D000718,500.0,mg
202204588,D000718,500.0,mg
202204589,D000718,850.0,mg
202204590,D000718,1000.0,mg
202202018,D000718,500.0,mg
202202019,D000718,1000.0,mg
202202020,D000718,1000.0,mg
202202021,D000718,500.0,mg
202204594,D000718,850.0,mg
202204595,D000718,500.0,mg
202300760,D000718,1000.0,mg
202300832,D000718,1000.0,mg
202300833,D000718,850.0,mg
202300834,D000718,500.0,mg
202300835,D000718,1000.0,mg
202300836,D000718,850.0,mg
202300837,D000718,500.0,mg
202300838,D000718,1000.0,mg
202300273,D000718,500.0,mg
202300274,D000718,500.0,mg
202300856,D000718,500.0,mg
202300857,D000718,850.0,mg
202300858,D000718,500.0,mg
202300859,D000718,1000.0,mg
202300243,D000718,1000.0,mg
202300275,D000718,1000.0,mg
202300297,D000718,500.0,mg
202300298,D000718,500.0,mg
202300860,D000718,850.0,mg
202300861,D000718,500.0,mg
202302648,D000718,850.0,mg
200607847,D000718,,
200608189,D000718,,
200608278,D000718,,
202501713,D000718,1000.0,mg
202501714,D000718,1000.0,mg
202501715,D000718,1000.0,mg
202501716,D000718,1000.0,mg
202501717,D000718,1000.0,mg
202501718,D000718,1000.0,mg
202200306,D000718,1000.0,mg
202200307,D000718,1000.0,mg
202200308,D000718,500.0,mg
202200309,D000718,850.0,mg
202200310,D000718,500.0,mg
202200311,D000718,850.0,mg
201902223,D000718,1000.0,mg
201902224,D000718,500.0,mg
201902225,D000718,850.0,mg
201902248,D000718,850.0,mg
201902340,D000718,1000.0,mg
201902368,D000718,1000.0,mg
201902369,D000718,500.0,mg
201902370,D000718,850.0,mg
202108084,D000718,1000.0,mg
202200899,D000718,1000.0,mg
202201017,D000718,1000.0,mg
202201027,D000718,1000.0,mg
202201118,D000718,1000.0,mg
202201237,D000718,1000.0,mg
202201238,D000718,750.0,mg
202201239,D000718,500.0,mg
202201424,D000718,750.0,mg
202201425,D000718,500.0,mg
202201426,D000718,1000.0,mg
202202022,D000718,1000.0,mg
202202023,D000718,1000.0,mg
202202024,D000718,1000.0,mg
202202025,D000718,1000.0,mg
202202026,D000718,500.0,mg
202204596,D000718,1000.0,mg
202204597,D000718,500.0,mg
202204598,D000718,850.0,mg
202202027,D000718,500.0,mg
202202028,D000718,1000.0,mg
202204599,D000718,1000.0,mg
202204603,D000718,850.0,mg
202204604,D000718,500.0,mg
202204605,D000718,1000.0,mg
202300019,D000718,750.0,mg
202300839,D000718,850.0,mg
202300840,D000718,500.0,mg
202300841,D000718,1000.0,mg
202300842,D000718,1000.0,mg
202300843,D000718,850.0,mg
202301018,D000718,500.0,mg
202302660,D000718,500.0,mg
202300347,D000718,1000.0,mg
202300348,D000718,1000.0,mg
202300349,D000718,500.0,mg
202300350,D000718,1000.0,mg
202300351,D000718,500.0,mg
202300352,D000718,1000.0,mg
202300862,D000718,1000.0,mg
202301430,D000718,1000.0,mg
202301431,D000718,750.0,mg
202301432,D000718,500.0,mg
202301433,D000718,1000.0,mg
201501700,D000718,1000.0,mg
201502718,D000718,,
201502947,D000718,,
202302661,D000718,850.0,mg
202302662,D000718,500.0,mg
202302663,D000718,850.0,mg
201503176,D000718,850.0,mg
201503177,D000718,1000.0,mg
201503178,D000718,500.0,mg
201503215,D000718,500.0,mg
202501719,D000718,1000.0,mg
202501720,D000718,1000.0,mg
202501721,D000718,1000.0,mg
201503216,D000718,850.0,mg
201902371,D000718,500.0,mg
201902372,D000718,1000.0,mg
202200312,D000718,1000.0,mg
202200313,D000718,850.0,mg
202200314,D000718,500.0,mg
202200315,D000718,1000.0,mg
202200316,D000718,850.0,mg
201902373,D000718,850.0,mg
201902551,D000718,500.0,mg
201902607,D000718,500.0,mg
201902608,D000718,850.0,mg
201902609,D000718,1000.0,mg
201902708,D000718,850.0,mg
202201292,D000718,500.0,mg
202201293,D000718,750.0,mg
202201294,D000718,1000.0,mg
202201427,D000718,750.0,mg
202201428,D000718,500.0,mg
202201429,D000718,1000.0,mg
202201297,D000718,500.0,mg
202201298,D000718,1000.0,mg
202201299,D000718,850.0,mg
202201303,D000718,1000.0,mg
202201430,D000718,750.0,mg
202201431,D000718,500.0,mg
202201432,D000718,500.0,mg
202201433,D000718,1000.0,mg
202202029,D000718,1000.0,mg
202202039,D000718,500.0,mg
202202040,D000718,1000.0,mg
202202041,D000718,1000.0,mg
202202071,D000718,500.0,mg
202202072,D000718,1000.0,mg
202202073,D000718,1000.0,mg
202300020,D000718,750.0,mg
202300021,D000718,750.0,mg
202300051,D000718,1000.0,mg
202300142,D000718,1000.0,mg
202300143,D000718,1000.0,mg
202300144,D000718,1000.0,mg
202300145,D000718,1000.0,mg
202302664,D000718,1000.0,mg
202202807,D000718,500.0,mg
202203527,D000718,1000.0,mg
202203839,D000718,500.0,mg
202302695,D000718,850.0,mg
202302696,D000718,1000.0,mg
202302697,D000718,500.0,mg
202300353,D000718,1000.0,mg
202300354,D000718,1000.0,mg
202300355,D000718,1000.0,mg
202300356,D000718,1000.0,mg
202300357,D000718,1000.0,mg
202300358,D000718,1000.0,mg
202301623,D000718,1000.0,mg
202301624,D000718,500.0,mg
202301625,D000718,750.0,mg
202601593,D000669,,
201600389,D000718,850.0,mg
201600390,D000718,1000.0,mg
201601467,D000718,,
201601639,D000718,500.0,mg
201603289,D000718,,
201603573,D000718,750.0,mg
201603574,D000718,500.0,mg
201908349,D000718,500.0,mg
202201336,D000718,850.0,mg
202201337,D000718,500.0,mg
202201338,D000718,1000.0,mg
202201339,D000718,1000.0,mg
202201340,D000718,850.0,mg
202201341,D000718,500.0,mg
202201342,D000718,1000.0,mg
202201343,D000718,850.0,mg
202201873,D000718,500.0,mg
202202731,D000718,1000.0,mg
202202732,D000718,750.0,mg
202202733,D000718,500.0,mg
202201874,D000718,1000.0,mg
202201875,D000718,1000.0,mg
202201876,D000718,500.0,mg
202201877,D000718,1000.0,mg
202201878,D000718,1000.0,mg
202201882,D000718,500.0,mg
202202734,D000718,750.0,mg
202202735,D000718,500.0,mg
202202736,D000718,1000.0,mg
202202740,D000718,1000.0,mg
202202741,D000718,750.0,mg
202300430,D000718,500.0,mg
202300431,D000718,1000.0,mg
202300432,D000718,500.0,mg
202300433,D000718,1000.0,mg
202300578,D000718,1000.0,mg
202302531,D000718,500.0,mg
202302532,D000718,850.0,mg
202300577,D000718,500.0,mg
202300579,D000718,1000.0,mg
202302305,D000718,1000.0,mg
202302533,D000718,1000.0,mg
202302540,D000718,500.0,mg
202302541,D000718,1000.0,mg
200704560,D000669,,
202302542,D000718,850.0,mg
202400567,D000718,1000.0,mg
202400568,D000718,1000.0,mg
202400569,D000718,1000.0,mg
202400570,D000718,1000.0,mg
202400571,D000718,1000.0,mg
199400492,D000718,250.0,mg
200900381,D000669,,
200906745,D000669,,
200906746,D000669,,
202400573,D000718,1000.0,mg
202400574,D000718,1000.0,mg
201003953,D000669,,
201400682,D000669,,
201400683,D000669,,
201503816,D000669,,
201507429,D000669,,
199803425,D000718,,
202005106,D000669,,
202005245,D000669,,
200606356,D000669,,
202103715,D000669,,
202107360,D000669,,
202107361,D000669,,
200606357,D000669,,
200607933,D000669,,
200607934,D000669,,
202107444,D000669,,
202107445,D000669,,
202400744,D000669,,
202601451,D000669,,
200101317,D000718,1000.0,mg
200301345,D000718,500.0,mg
201507430,D000669,,
201600186,D000669,,
200400304,D000718,,
199202409,D000669,,
199806677,D000669,,
201603971,D000718,500.0,mg
201604018,D000718,500.0,mg
201604110,D000718,750.0,mg
201604111,D000718,1000.0,mg
201604112,D000718,1000.0,mg
201604114,D000718,1000.0,mg
201604290,D000718,250.0,mg
201604291,D000718,1000.0,mg
201908350,D000718,250.0,mg
201908588,D000718,,
202000084,D000718,500.0,mg
202000161,D000718,1000.0,mg
202000339,D000718,850.0,mg
202000349,D000718,1000.0,mg
202000351,D000718,850.0,mg
202000352,D000718,500.0,mg
202201344,D000718,500.0,mg
202201345,D000718,1000.0,mg
202201346,D000718,500.0,mg
202201347,D000718,850.0,mg
202201351,D000718,1000.0,mg
202201352,D000718,850.0,mg
202201353,D000718,500.0,mg
202201893,D000718,850.0,mg
202201894,D000718,500.0,mg
202201895,D000718,1000.0,mg
202202805,D000718,1000.0,mg
202201883,D000718,1000.0,mg
202201884,D000718,1000.0,mg
202201898,D000718,1000.0,mg
202201899,D000718,1000.0,mg
202201900,D000718,500.0,mg
202202806,D000718,750.0,mg
202300581,D000718,1000.0,mg
202300582,D000718,500.0,mg
202300583,D000718,1000.0,mg
202300584,D000718,500.0,mg
202302563,D000718,500.0,mg
202302564,D000718,850.0,mg
202302565,D000718,1000.0,mg
202300585,D000718,1000.0,mg
202300586,D000718,1000.0,mg
202300587,D000718,500.0,mg
202302566,D000718,500.0,mg
202302567,D000718,500.0,mg
202302568,D000718,1000.0,mg
202302569,D000718,850.0,mg
202200317,D000718,500.0,mg
202200318,D000718,1000.0,mg
202200333,D000718,850.0,mg
202200334,D000718,500.0,mg
202200404,D000718,500.0,mg
202200405,D000718,850.0,mg
202200406,D000718,1000.0,mg
200001344,D000718,500.0,mg
201605144,D000718,1000.0,mg
201605145,D000718,500.0,mg
201605146,D000718,250.0,mg
201605368,D000718,500.0,mg
201701003,D000718,1000.0,mg
201701004,D000718,1000.0,mg
201705673,D000718,850.0,mg
202000697,D000718,,
202001274,D000718,500.0,mg
202001309,D000718,1000.0,mg
202001310,D000718,850.0,mg
202001311,D000718,500.0,mg
202001548,D000718,1000.0,mg
202201357,D000718,850.0,mg
202201354,D000718,1000.0,mg
202201355,D000718,850.0,mg
202201930,D000718,500.0,mg
202201931,D000718,1000.0,mg
202300588,D000718,1000.0,mg
202300589,D000718,1000.0,mg
202300590,D000718,500.0,mg
202302577,D000718,1000.0,mg
202302578,D000718,850.0,mg
202302570,D000718,1000.0,mg
202302571,D000718,500.0,mg
202302573,D000718,500.0,mg
202302574,D000718,500.0,mg
202400611,D000718,1000.0,mg
202400612,D000718,1000.0,mg
202400613,D000718,1000.0,mg
202400614,D000718,1000.0,mg
202400615,D000718,1000.0,mg
199502215,D000718,500.0,mg
200301790,D000718,,
200307794,D000718,5.0,mg
201706791,D000718,,
201708493,D000718,,
201800310,D000718,,
201801346,D000718,850.0,mg
201801420,D000718,,
201801687,D000718,850.0,mg
201801848,D000718,1000.0,mg
202002030,D000718,500.0,mg
202002031,D000718,,
202002032,D000718,500.0,mg
202002163,D000718,,
202006525,D000718,80.0,mg
202103063,D000718,1000.0,mg
202104996,D000718,850.0,mg
202201366,D000718,1000.0,mg
202201367,D000718,500.0,mg
202201368,D000718,850.0,mg
202201370,D000718,850.0,mg
202204073,D000718,500.0,mg
202204204,D000718,1000.0,mg
202204365,D000718,1000.0,mg
202204366,D000718,850.0,mg
202204367,D000718,500.0,mg
202204563,D000718,500.0,mg
202204564,D000718,850.0,mg
202302584,D000718,850.0,mg
199300459,D000718,,
200300401,D000718,1000.0,mg
202201539,D000718,850.0,mg
202201733,D000718,1000.0,mg
202201612,D000718,1000.0,mg
202201734,D000718,850.0,mg
202201742,D000718,500.0,mg
202201809,D000718,850.0,mg
202201746,D000718,1000.0,mg
202201540,D000718,500.0,mg
202201695,D000718,850.0,mg
202201743,D000718,1000.0,mg
202201735,D000718,500.0,mg
202201810,D000718,500.0,mg
202403108,D000718,1000.0,mg
202500098,D000718,1000.0,mg
201202204,D000364,,
200400817,D000718,,
201206681,D000718,,
201206684,D000718,500.0,mg
201206761,D000718,500.0,mg
201206792,D000718,500.0,mg
201206847,D000718,500.0,mg
201801987,D000718,750.0,mg
201801988,D000718,500.0,mg
202302749,D000718,850.0,mg
200203012,D000718,,
200711887,D000718,,
202401060,D000718,1000.0,mg
202401577,D000718,1000.0,mg
202401772,D000718,1000.0,mg
200711888,D000718,,
202401788,D000718,1000.0,mg
202401789,D000718,1000.0,mg
201208463,D000718,,
201211104,D000718,,
201301375,D000718,500.0,mg
202401792,D000718,1000.0,mg
201308371,D000718,500.0,mg
201308664,D000718,,
201308878,D000718,,
201802273,D000718,1000.0,mg
201802558,D000718,750.0,mg
202201811,D000718,1000.0,mg
201309464,D000718,,
201310829,D000718,500.0,mg
201400115,D000718,500.0,mg
201400772,D000718,,
201802559,D000718,500.0,mg
201802560,D000718,750.0,mg
201802561,D000718,750.0,mg
201802562,D000718,500.0,mg
201802563,D000718,500.0,mg
201802631,D000718,500.0,mg
202105311,D000718,850.0,mg
202401806,D000718,850.0,mg
200503169,D000718,,
202301870,D000718,500.0,mg
202301951,D000718,850.0,mg
202301963,D000718,500.0,mg
202301974,D000718,850.0,mg
202302023,D000718,500.0,mg
202302279,D000718,500.0,mg
202302304,D000718,500.0,mg
201202205,D000364,,
201202206,D000364,,
202201744,D000718,850.0,mg
202201745,D000718,500.0,mg
202202706,D000718,750.0,mg
202202707,D000718,1000.0,mg
202202708,D000718,750.0,mg
202202709,D000718,500.0,mg
202202710,D000718,1000.0,mg
202202711,D000718,750.0,mg
202202712,D000718,500.0,mg
202302698,D000718,1000.0,mg
202302699,D000718,850.0,mg
202302700,D000718,500.0,mg
201503484,D000718,1000.0,mg
202202713,D000718,1000.0,mg
202202714,D000718,750.0,mg
202202715,D000718,500.0,mg
202202716,D000718,1000.0,mg
202202717,D000718,750.0,mg
202202718,D000718,500.0,mg
202202719,D000718,1000.0,mg
202302746,D000718,850.0,mg
202302747,D000718,500.0,mg
202302748,D000718,1000.0,mg
202401283,D000718,1000.0,mg
202401557,D000718,1000.0,mg
202401558,D000718,1000.0,mg
202401578,D000718,1000.0,mg
201503635,D000718,500.0,mg
201504896,D000718,1000.0,mg
201504897,D000718,1000.0,mg
201505030,D000718,1000.0,mg
202202720,D000718,750.0,mg
202202721,D000718,500.0,mg
202202722,D000718,1000.0,mg
202202723,D000718,750.0,mg
202202724,D000718,500.0,mg
202202728,D000718,1000.0,mg
202202729,D000718,750.0,mg
202302750,D000718,500.0,mg
202302753,D000718,1000.0,mg
202302754,D000718,500.0,mg
202302755,D000718,1000.0,mg
202302756,D000718,850.0,mg
202302757,D000718,500.0,mg
202401579,D000718,1000.0,mg
202401580,D000718,1000.0,mg
202401773,D000718,1000.0,mg
202401787,D000718,1000.0,mg
201505031,D000718,500.0,mg
201505032,D000718,1000.0,mg
201508553,D000718,1000.0,mg
201508554,D000718,850.0,mg
201508555,D000718,500.0,mg
202201373,D000718,1000.0,mg
202202730,D000718,500.0,mg
202300359,D000718,500.0,mg
202300360,D000718,1000.0,mg
202301868,D000718,1000.0,mg
202301949,D000718,1000.0,mg
202301950,D000718,500.0,mg
202302758,D000718,1000.0,mg
202302783,D000718,1000.0,mg
202302784,D000718,850.0,mg
202302785,D000718,500.0,mg
202302786,D000718,1000.0,mg
202302787,D000718,500.0,mg
202401790,D000718,1000.0,mg
202401791,D000718,1000.0,mg
202402211,D000718,1000.0,mg
201600170,D000718,1000.0,mg
201600171,D000718,850.0,mg
201600365,D000718,500.0,mg
201600386,D000718,850.0,mg
201600387,D000718,1000.0,mg
198601047,D000675,,
200200734,D000452,,
201603416,D000452,100.0,mg
202402347,D000452,5.0,mg
200906484,D000452,100.0,mg
199901188,D000452,,
199500850,D000675,,
199600328,D000675,125.0,mg
200500646,D000675,250.0,mg
201606148,D000675,,
202009182,D000675,,
198800155,D000477,,
201708378,D000560,,
201904387,D000560,,
198801976,D000477,,
196900031,D000560,,
197200086,D000560,,
201001698,D000477,,
201105224,D000477,,
199304152,D000334,,
200511278,D000279,,
198400285,D000560,,
199202069,D000334,25.0,mg
200500132,D000279,0.5,mg
200511275,D000279,5.0,mg
200511276,D000279,0.5,mg
200511277,D000279,1.0,mg
200511279,D000279,,
199501546,D000309,,
199703363,D000309,,
199300222,D000334,,
202007584,D000279,1.0,mg
202007585,D000279,0.5,mg
199802190,D000309,,
199803649,D000309,,
199803650,D000309,,
199504165,D000334,100.0,mg
201902811,D000279,0.5,mg
202001412,D000279,1.0,mg
202001413,D000279,0.5,mg
199901056,D000309,,
202203980,D000309,,
199600151,D000334,25.0,mg
199900119,D000334,,
200900698,D000279,1.0,mg
200900699,D000279,5.0,mg
201207501,D000279,,
202300999,D000309,,
202301700,D000309,,
202401954,D000309,,
202500438,D000309,,
201301619,D000279,5.0,mg
201307401,D000279,,
201403978,D000279,,
201500517,D000279,0.5,mg
199703364,D000309,,
202007234,D000309,,
202602438,D000309,,
199402646,D000309,,
202008405,D000309,,
202101271,D000309,,
199002080,D000309,20.0,mg
200103725,D000309,20.0,mg
200201559,D000309,,
201309565,D000309,,
201403117,D000309,,
201903189,D000309,,
200710658,D000544,750.0,mg
197900123,D000644,,
200402433,D000679,,
200808866,D000144,,
198801218,D000679,20.0,mg
200805384,D000144,,
200806188,D000144,1.0,mg
199203344,D000679,10.0,mg
199302443,D000679,10.0,mg
201101498,D000560,,
202103993,D000560,,
201708377,D000560,,
198801980,D000477,,
201506873,D000279,2.0,mg
200500213,D000279,,
200400102,D000279,1.0,mg
200500161,D000279,0.25,mg
199901315,D000309,20.0,mg
200003825,D000309,10.0,mg
200101498,D000309,,
200502188,D000279,1.0,mg
200803380,D000279,5.0,mg
200713905,D000309,,
200807360,D000279,0.5,mg
198400022,D000309,20.0,mg
201700875,D000279,1.0,mg
201804282,D000279,1.0,mg
201900630,D000279,,
201901683,D000279,,
201901921,D000279,0.5,mg
201902295,D000279,1.0,mg
199901120,D000309,,
199500845,D000309,,
201906177,D000309,,
199403106,D000679,20.0,mg
199502076,D000679,20.0,mg
199907054,D000679,,
198900506,D000477,,
200900697,D000279,0.5,mg
200905544,D000309,,
201100130,D000309,,
201307464,D000309,,
201309356,D000309,,
201403531,D000309,,
201405228,D000309,,
200500131,D000334,50.0,mg
199200650,D000309,,
199907055,D000679,,
198800802,D000238,,
200410070,D000541,,
199000973,D000238,,
198901574,D000477,,
201500518,D000279,1.0,mg
201506874,D000279,1.0,mg
201507464,D000279,0.5,mg
201507465,D000279,0.25,mg
201602760,D000279,,
201700873,D000279,0.5,mg
201508320,D000309,,
201805282,D000309,,
201900026,D000309,,
201700874,D000279,5.0,mg
201901187,D000309,,
201907167,D000309,,
199604696,D000334,,
198601260,D000309,,
202401466,D000267,,
202104506,D000267,,
202104505,D000267,,
201600388,D000718,500.0,mg
202202261,D000718,500.0,mg
202202262,D000718,1000.0,mg
202202497,D000718,500.0,mg
202202498,D000718,1000.0,mg
202202637,D000718,1000.0,mg
202202638,D000718,750.0,mg
202202639,D000718,500.0,mg
202202675,D000718,500.0,mg
202202704,D000718,1000.0,mg
202202705,D000718,500.0,mg
202200199,D000718,850.0,mg
202200200,D000718,1000.0,mg
202200201,D000718,850.0,mg
200901817,D000718,850.0,mg
201002150,D000718,1000.0,mg
201002151,D000718,1000.0,mg
201106781,D000718,500.0,mg
201106782,D000718,500.0,mg
201106950,D000718,500.0,mg
201106951,D000718,500.0,mg
201106952,D000718,500.0,mg
201106953,D000718,500.0,mg
202201372,D000718,500.0,mg
202201374,D000718,850.0,mg
202201375,D000718,500.0,mg
202201376,D000718,1000.0,mg
202201377,D000718,850.0,mg
202201378,D000718,500.0,mg
202300423,D000718,1000.0,mg
202300424,D000718,500.0,mg
202300428,D000718,500.0,mg
202300429,D000718,1000.0,mg
202403106,D000718,1000.0,mg
202500059,D000718,1000.0,mg
201106980,D000718,500.0,mg
201106982,D000718,500.0,mg
202500060,D000718,1000.0,mg
201107002,D000718,500.0,mg
201107003,D000718,500.0,mg
201107004,D000718,500.0,mg
201107173,D000718,,
201107174,D000718,500.0,mg
201107175,D000718,500.0,mg
201107176,D000718,500.0,mg
202201382,D000718,850.0,mg
202201383,D000718,500.0,mg
202201384,D000718,1000.0,mg
202200118,D000718,500.0,mg
202200119,D000718,850.0,mg
202200198,D000718,500.0,mg
202107078,D000718,500.0,mg
202107110,D000718,500.0,mg
202107111,D000718,,
202201434,D000718,750.0,mg
202201435,D000718,500.0,mg
202201436,D000718,1000.0,mg
202201437,D000718,750.0,mg
202201438,D000718,1000.0,mg
202201439,D000718,750.0,mg
202201440,D000718,500.0,mg
202500550,D000718,1000.0,mg
202500551,D000718,1000.0,mg
202500638,D000718,850.0,mg
202500684,D000718,1000.0,mg
202500685,D000718,1000.0,mg
202500552,D000718,1000.0,mg
202500686,D000718,1000.0,mg
202500687,D000718,1000.0,mg
202500710,D000718,1000.0,mg
201107199,D000718,500.0,mg
201107200,D000718,500.0,mg
201107201,D000718,500.0,mg
201107202,D000718,500.0,mg
201107204,D000718,500.0,mg
201107205,D000718,500.0,mg
201107219,D000718,500.0,mg
201107220,D000718,500.0,mg
201107221,D000718,500.0,mg
202201392,D000718,500.0,mg
202201393,D000718,850.0,mg
202201394,D000718,1000.0,mg
201801859,D000718,1000.0,mg
202107450,D000718,1000.0,mg
202107451,D000718,850.0,mg
202107452,D000718,500.0,mg
202201443,D000718,500.0,mg
202503124,D000267,,
199700094,D000267,,
200102943,D000267,,
200300048,D000267,,
201202393,D000267,,
201202394,D000267,,
201202765,D000267,,
201202766,D000267,,
201203074,D000267,,
201203075,D000267,,
201402063,D000267,,
201402064,D000267,,
201602371,D000267,,
201602372,D000267,,
202302006,D000718,1000.0,mg
202302280,D000718,850.0,mg
202302281,D000718,1000.0,mg
199700095,D000267,,
200102936,D000267,,
202302009,D000718,1000.0,mg
202302303,D000718,850.0,mg
200400339,D000525,,
200308838,D000525,60.0,mg
200400841,D000525,,
200400987,D000525,,
200401718,D000525,,
200401762,D000525,,
200401882,D000525,,
200401891,D000525,,
202000394,D000525,,
199300848,D000525,,
199700059,D000525,,
199700557,D000525,,
199701414,D000525,,
199702297,D000525,,
199801897,D000525,,
199900143,D000525,,
199900672,D000525,,
202002132,D000525,,
202001082,D000525,,
202002380,D000525,,
202106813,D000525,60.0,mg
202400645,D000525,,
202400749,D000525,,
202401099,D000525,,
201603923,D000525,,
201505725,D000525,,
201506895,D000525,,
202402194,D000525,,
201604091,D000525,,
201604576,D000525,,
201604821,D000525,,
201605160,D000525,,
201702734,D000525,,
201507397,D000525,,
201508215,D000525,60.0,mg
201600498,D000525,,
201706432,D000525,,
201505060,D000525,,
201507215,D000525,,
201601348,D000525,,
201206489,D000525,,
201206759,D000525,,
201906349,D000525,,
201206760,D000525,,
201206859,D000525,,
201208997,D000525,,
201300016,D000525,,
201305793,D000525,,
200303281,D000525,,
202402921,D000525,,
199801240,D000525,,
200300064,D000525,,
200403414,D000525,,
201302680,D000525,,
201707937,D000525,,
201800787,D000525,,
201800791,D000525,60.0,mg
201801102,D000525,,
201801608,D000525,,
201601555,D000525,60.0,mg
201602322,D000525,,
201602370,D000525,,
201502576,D000525,,
201502705,D000525,,
201502716,D000525,,
201502721,D000525,,
201502959,D000525,,
201504100,D000525,,
200301612,D000525,,
200402096,D000525,,
200402391,D000525,,
200402487,D000525,,
200402510,D000525,,
200402643,D000525,60.0,mg
200402845,D000525,,
200402852,D000525,,
200402945,D000525,,
200402981,D000525,,
200200375,D000525,,
200300796,D000525,,
200302173,D000525,,
200302214,D000525,,
200302574,D000525,,
201602693,D000525,,
201802417,D000525,,
201804285,D000525,,
201603025,D000525,,
201603552,D000525,,
201306407,D000525,,
201306984,D000525,,
201307082,D000525,,
201308352,D000525,,
201308925,D000525,,
201309067,D000525,,
201804583,D000525,60.0,mg
201900298,D000525,,
201901014,D000525,,
201901146,D000525,,
201901234,D000525,,
200403089,D000525,,
200403111,D000525,,
200403512,D000525,,
200404050,D000525,,
200410901,D000525,,
200502228,D000525,,
200502264,D000525,,
200600821,D000525,,
201902262,D000525,,
201901961,D000525,,
201309230,D000525,,
201309970,D000525,,
201310991,D000525,,
201401405,D000525,,
201402272,D000525,,
201402349,D000525,,
201904648,D000525,,
201902374,D000525,,
201902547,D000525,,
201903254,D000525,,
201903641,D000525,60.0,mg
200611389,D000525,,
200703461,D000525,,
200709833,D000525,,
200709834,D000525,,
200806356,D000525,,
200809417,D000525,,
201905300,D000525,,
201906222,D000525,,
201402867,D000525,,
201403088,D000525,60.0,mg
201403983,D000525,,
201404615,D000525,,
201405365,D000525,,
201906576,D000525,60.0,mg
201906583,D000525,60.0,mg
201907376,D000525,,
201204544,D000246,100.0,mg
201501479,D000181,5.0,mg
201501539,D000181,5.0,mg
201501540,D000181,20.0,mg
201204549,D000246,50.0,mg
201503143,D000181,20.0,mg
201503144,D000181,10.0,mg
201503170,D000181,5.0,mg
201503283,D000181,5.0,mg
201503288,D000181,20.0,mg
201503289,D000181,5.0,mg
201503293,D000181,5.0,mg
201503295,D000181,20.0,mg
201503300,D000181,5.0,mg
201204602,D000246,100.0,mg
201501675,D000181,5.0,mg
201501676,D000181,20.0,mg
201501688,D000181,20.0,mg
201501707,D000181,5.0,mg
201501708,D000181,20.0,mg
201501734,D000181,5.0,mg
201501735,D000181,20.0,mg
201501883,D000181,20.0,mg
201204603,D000246,50.0,mg
201502773,D000181,10.0,mg
201502774,D000181,5.0,mg
201502775,D000181,20.0,mg
201503139,D000181,5.0,mg
201503142,D000181,5.0,mg
201204971,D000246,100.0,mg
201500895,D000181,10.0,mg
201501126,D000181,10.0,mg
201501127,D000181,5.0,mg
201501128,D000181,20.0,mg
201501366,D000181,20.0,mg
201501367,D000181,5.0,mg
201501431,D000181,20.0,mg
201204975,D000246,100.0,mg
201503301,D000181,5.0,mg
201503302,D000181,5.0,mg
201503304,D000181,5.0,mg
201503492,D000181,5.0,mg
201205037,D000246,50.0,mg
201501886,D000181,20.0,mg
201501891,D000181,20.0,mg
201501892,D000181,10.0,mg
201205329,D000246,100.0,mg
201503493,D000181,20.0,mg
201504229,D000181,10.0,mg
201504230,D000181,20.0,mg
201504269,D000181,20.0,mg
201504798,D000181,20.0,mg
201505611,D000181,20.0,mg
201505612,D000181,10.0,mg
201505613,D000181,5.0,mg
201505842,D000181,20.0,mg
201205347,D000246,100.0,mg
201501893,D000181,5.0,mg
201501932,D000181,10.0,mg
201501933,D000181,20.0,mg
201501944,D000181,5.0,mg
201501946,D000181,20.0,mg
201501971,D000181,20.0,mg
201501975,D000181,20.0,mg
201501976,D000181,10.0,mg
201501996,D000181,5.0,mg
201205536,D000246,100.0,mg
201506289,D000181,5.0,mg
201507480,D000181,20.0,mg
201508516,D000181,20.0,mg
201603989,D000181,20.0,mg
201604178,D000181,5.0,mg
201604239,D000181,20.0,mg
201604240,D000181,5.0,mg
201206020,D000246,100.0,mg
201502309,D000181,20.0,mg
201502311,D000181,5.0,mg
201606202,D000181,,
201502340,D000181,5.0,mg
201502405,D000181,5.0,mg
201502756,D000181,10.0,mg
201502770,D000181,20.0,mg
201207067,D000246,100.0,mg
201405692,D000181,10.0,mg
201206436,D000246,50.0,mg
200108678,D000181,20.0,mg
200307768,D000181,10.0,mg
200807091,D000181,5.0,mg
201401078,D000181,20.0,mg
201405164,D000181,20.0,mg
201405620,D000181,10.0,mg
201405693,D000181,20.0,mg
201500523,D000181,20.0,mg
201500885,D000181,20.0,mg
201203613,D000246,100.0,mg
201203745,D000246,50.0,mg
201203788,D000246,100.0,mg
201501610,D000181,5.0,mg
201501612,D000181,20.0,mg
202106107,D000181,5.0,mg
201501998,D000181,10.0,mg
201502213,D000181,5.0,mg
201502214,D000181,5.0,mg
201502216,D000181,20.0,mg
201502217,D000181,5.0,mg
201502239,D000181,20.0,mg
201502266,D000181,20.0,mg
201502273,D000181,20.0,mg
201502291,D000181,5.0,mg
201205539,D000246,,
201203612,D000246,50.0,mg
201203744,D000246,100.0,mg
201205330,D000246,50.0,mg
201206251,D000246,50.0,mg
201207301,D000246,20.0,mg
201207507,D000246,,
201208193,D000246,100.0,mg
202000498,D000246,50.0,mg
202000499,D000246,100.0,mg
202004637,D000246,100.0,mg
202004638,D000246,50.0,mg
202009185,D000246,50.0,mg
202009186,D000246,100.0,mg
202106331,D000246,100.0,mg
202106332,D000246,50.0,mg
202106706,D000246,50.0,mg
201203789,D000246,50.0,mg
201204550,D000246,100.0,mg
201309457,D000246,50.0,mg
201310150,D000246,50.0,mg
201310897,D000246,25.0,mg
201400635,D000246,25.0,mg
201403868,D000246,50.0,mg
201403869,D000246,100.0,mg
201405495,D000246,50.0,mg
201503486,D000246,100.0,mg
201503487,D000246,50.0,mg
201202448,D000246,100.0,mg
201205260,D000246,25.0,mg
201205264,D000246,50.0,mg
201205265,D000246,100.0,mg
201205379,D000246,50.0,mg
201205380,D000246,50.0,mg
201205381,D000246,50.0,mg
201205382,D000246,50.0,mg
201309277,D000246,100.0,mg
201209444,D000246,100.0,mg
201210161,D000246,25.0,mg
201210162,D000246,50.0,mg
202106707,D000246,100.0,mg
202106760,D000246,50.0,mg
202106761,D000246,100.0,mg
201204970,D000246,100.0,mg
201205036,D000246,100.0,mg
201506540,D000246,50.0,mg
201506541,D000246,100.0,mg
201700149,D000246,100.0,mg
201702295,D000246,100.0,mg
201702566,D000246,50.0,mg
201704021,D000246,100.0,mg
201704022,D000246,50.0,mg
201708276,D000246,50.0,mg
202400275,D000246,100.0,mg
202402295,D000246,50.0,mg
200410082,D000246,,
200410083,D000246,,
201201693,D000246,100.0,mg
201201694,D000246,100.0,mg
201306331,D000246,50.0,mg
201307881,D000246,50.0,mg
201308208,D000246,50.0,mg
201308845,D000246,50.0,mg
201309162,D000246,50.0,mg
202400774,D000246,50.0,mg
202401189,D000246,50.0,mg
202401366,D000246,100.0,mg
202401367,D000246,50.0,mg
202401479,D000246,100.0,mg
202402179,D000246,50.0,mg
202601720,D000246,50.0,mg
202601721,D000246,100.0,mg
201202447,D000246,50.0,mg
201802418,D000427,,
200210231,D000716,25.0,mg
200501179,D000716,5.0,mg
201601003,D000716,,
201903234,D000427,7.5,mg
197900070,D000716,,
199000548,D000716,25.0,mg
197900145,D000716,,
201306346,D000427,,
201306990,D000427,15.0,mg
201307313,D000427,15.0,mg
199001013,D000716,,
201908115,D000427,7.5,mg
199904137,D000716,,
200210230,D000716,1.0,g
201307991,D000427,15.0,mg
201601481,D000427,7.5,mg
201706872,D000427,,
200402413,D000716,2.5,mg
200403184,D000427,,
200403238,D000427,,
200403461,D000427,,
201308010,D000427,7.5,mg
201308618,D000427,7.5,mg
200403532,D000427,7.5,mg
200403739,D000427,7.5,mg
200404040,D000427,,
201207083,D000427,15.0,mg
201207487,D000427,7.5,mg
201300020,D000427,7.5,mg
201308619,D000427,15.0,mg
201310587,D000427,7.5,mg
201310962,D000427,,
201300144,D000427,15.0,mg
201303831,D000427,,
201309344,D000427,7.5,mg
201402206,D000427,7.5,mg
201402414,D000427,,
200501453,D000716,,
201402419,D000427,,
201501405,D000716,,
201606074,D000716,,
201402969,D000427,,
201502925,D000427,7.5,mg
201503642,D000427,7.5,mg
200900845,D000427,15.0,mg
201004440,D000427,,
201110513,D000427,7.5,mg
201803847,D000427,7.5,mg
201804310,D000427,,
201203624,D000427,15.0,mg
201206751,D000427,7.5,mg
201206872,D000427,15.0,mg
202000927,D000427,7.5,mg
201206871,D000427,7.5,mg
201500480,D000427,7.5,mg
201902872,D000427,,
201404438,D000427,7.5,mg
201507776,D000427,7.5,mg
200404859,D000427,,
200500388,D000427,,
200501307,D000427,15.0,mg
200502058,D000427,,
200502090,D000427,,
201600894,D000427,7.5,mg
201601027,D000427,15.0,mg
201601085,D000427,15.0,mg
201603488,D000427,7.5,mg
201903721,D000427,7.5,mg
202001860,D000427,15.0,mg
201907166,D000427,7.5,mg
201604574,D000427,7.5,mg
200502259,D000427,,
200608121,D000427,,
200704969,D000427,7.5,mg
200803581,D000427,,
200900844,D000427,7.5,mg
201701501,D000427,7.5,mg
201707312,D000427,7.5,mg
201904589,D000427,7.5,mg
201805357,D000427,7.5,mg
201206870,D000427,15.0,mg
201902343,D000427,,
201902411,D000427,7.5,mg
201904762,D000427,7.5,mg
201905522,D000427,7.5,mg
200300030,D000427,7.5,mg
200300089,D000427,7.5,mg
200300130,D000427,,
202003989,D000427,7.5,mg
201508403,D000028,10.0,mg
201900267,D000665,,
200711838,D000718,5.0,mg
201903191,D000718,850.0,mg
200801046,D000718,2.5,mg
200109268,D000760,,
201600854,D000350,20.0,mg
201508187,D000395,,
201600869,D000350,20.0,mg
201006527,D000395,400.0,mg
201907689,D000350,20.0,mg
200801019,D000718,5.0,mg
201600903,D000350,20.0,mg
201600904,D000350,20.0,mg
201907684,D000350,10.0,mg
201007275,D000350,,
201600929,D000350,,
201600960,D000350,,
201600974,D000350,20.0,mg
202003233,D000350,20.0,mg
201007276,D000350,,
201007277,D000350,,
201600853,D000350,20.0,mg
201601009,D000350,20.0,mg
201601084,D000350,,
201601110,D000350,20.0,mg
201601116,D000350,20.0,mg
201601144,D000350,,
201003189,D000028,10.0,mg
201601703,D000350,,
201601714,D000350,10.0,mg
201601716,D000350,,
201601721,D000350,10.0,mg
201601725,D000350,10.0,mg
201601726,D000350,10.0,mg
201003197,D000028,,
201003199,D000028,10.0,mg
201003203,D000028,10.0,mg
201003207,D000028,,
201003213,D000028,10.0,mg
201601729,D000350,,
201603858,D000350,,
201107511,D000718,250.0,mg
201107512,D000718,,
201107226,D000718,250.0,mg
201107231,D000718,500.0,mg
201107232,D000718,500.0,mg
201200586,D000718,500.0,mg
201200975,D000718,500.0,mg
201205527,D000718,500.0,mg
201206668,D000718,,
201107276,D000718,250.0,mg
201907568,D000698,0.5,mg
202003800,D000773,,
202004095,D000773,,
202107077,D000773,,
202204569,D000718,1000.0,mg
202204570,D000718,500.0,mg
202107098,D000773,,
202201142,D000773,,
201907569,D000698,,
200300109,D000773,,
200805388,D000773,,
200805389,D000773,,
200805497,D000773,,
200805520,D000773,,
200805556,D000773,,
200805598,D000773,,
200805599,D000773,,
200805631,D000773,,
200805632,D000773,,
201906675,D000773,,
201907093,D000773,,
201907325,D000773,,
201907326,D000773,,
201907653,D000773,50.0,mg
201908574,D000773,,
202000086,D000773,,
201907615,D000698,1.0,mg
200804859,D000773,,
200804908,D000773,,
200804909,D000773,,
200804912,D000773,,
200804916,D000773,,
200804917,D000773,,
200804918,D000773,,
200804938,D000773,,
200804939,D000773,,
201707663,D000773,,
201800309,D000773,,
201800810,D000773,,
201803289,D000773,,
201803636,D000773,,
201804528,D000773,,
201804529,D000773,,
201805171,D000773,,
201900956,D000773,,
201907621,D000698,0.5,mg
200711886,D000773,,
200712587,D000773,,
200712588,D000773,,
200712647,D000773,,
200712648,D000773,,
202202075,D000718,1000.0,mg
200712789,D000773,,
200712868,D000773,,
200712872,D000773,,
200712885,D000773,,
201505094,D000773,,
201505164,D000773,,
202202078,D000718,1000.0,mg
202202079,D000718,500.0,mg
201505904,D000773,,
201506478,D000773,,
201506479,D000773,,
202202082,D000718,1000.0,mg
201506480,D000773,,
201506481,D000773,,
201506597,D000773,,
201506598,D000773,,
201907622,D000698,1.0,mg
200706110,D000773,,
200706597,D000773,,
200707218,D000773,,
200707219,D000773,,
200707222,D000773,,
200707223,D000773,,
200707251,D000773,,
200707592,D000773,,
200707920,D000773,,
201309260,D000773,,
201309439,D000773,,
201309487,D000773,,
201310117,D000773,,
201310118,D000773,,
201310500,D000773,,
201310583,D000773,,
201310700,D000773,,
201400343,D000773,,
201907624,D000698,1.0,mg
198700215,D000773,,
198700425,D000773,100.0,mg
198800476,D000773,,
198801776,D000773,50.0,mg
198900633,D000773,,
201401376,D000773,,
201402450,D000773,,
201907566,D000698,1.0,mg
201604034,D000773,,
201604403,D000773,,
201702153,D000773,,
201702154,D000773,,
201706399,D000773,,
201706581,D000773,,
201706582,D000773,,
201707662,D000773,,
201907567,D000698,0.5,mg
200710632,D000773,,
200710638,D000773,,
200710808,D000773,,
200711209,D000773,,
200711793,D000773,,
200711885,D000773,,
201502928,D000773,,
201502951,D000773,,
201503181,D000773,,
201503182,D000773,,
201504763,D000773,,
200705598,D000773,,
200705993,D000773,,
200705994,D000773,,
200706007,D000773,,
200706008,D000773,,
200706109,D000773,,
201307929,D000773,,
201308055,D000773,,
201308279,D000773,,
201308359,D000773,,
201308360,D000773,,
201308661,D000773,100.0,mg
200302564,D000773,,
198100131,D000773,50.0,mg
198300327,D000773,50.0,mg
198500228,D000773,,
198600090,D000773,,
200805734,D000773,,
200805737,D000773,,
200805739,D000773,,
200805748,D000773,,
200805749,D000773,,
200805752,D000773,,
200805810,D000773,,
200805812,D000773,,
200805821,D000773,,
200805842,D000773,,
202000514,D000773,,
202000541,D000773,,
202000649,D000773,,
202000651,D000773,,
202001323,D000773,,
202001324,D000773,,
202002520,D000773,,
202002521,D000773,,
200804940,D000773,,
200804942,D000773,,
200804943,D000773,,
200804952,D000773,,
200804956,D000773,,
200804957,D000773,,
200804958,D000773,,
200805064,D000773,,
199900544,D000773,,
201908566,D000698,1.0,mg
202000219,D000698,0.5,mg
202000220,D000698,1.0,mg
202001914,D000698,0.5,mg
200705587,D000773,,
201907379,D000698,0.5,mg
201907384,D000698,1.0,mg
201907385,D000698,0.5,mg
201907386,D000698,0.5,mg
201907387,D000698,1.0,mg
201907465,D000698,,
201907466,D000698,0.5,mg
200705592,D000773,,
201907988,D000698,1.0,mg
201908165,D000698,1.0,mg
201908457,D000698,1.0,mg
201908458,D000698,0.5,mg
200705596,D000773,,
201907378,D000698,1.0,mg
202500711,D000718,1000.0,mg
202500712,D000718,1000.0,mg
202500914,D000718,750.0,mg
202500915,D000718,1000.0,mg
202500916,D000718,750.0,mg
202001915,D000698,1.0,mg
202002217,D000698,0.5,mg
202500917,D000718,1000.0,mg
201503217,D000718,1000.0,mg
201503225,D000718,500.0,mg
201907625,D000698,0.5,mg
201907626,D000698,0.5,mg
201907627,D000698,1.0,mg
201503226,D000718,850.0,mg
201503227,D000718,1000.0,mg
202202077,D000718,1000.0,mg
202202080,D000718,500.0,mg
201907987,D000698,0.5,mg
201908145,D000698,0.5,mg
202202081,D000718,1000.0,mg
201908146,D000698,1.0,mg
200707944,D000773,,
200709529,D000773,,
200709640,D000773,,
201503512,D000718,500.0,mg
201503513,D000718,850.0,mg
201503514,D000718,1000.0,mg
202204565,D000718,1000.0,mg
198902354,D000773,50.0,mg
199001507,D000773,,
199600345,D000773,,
199803063,D000773,,
202003580,D000698,0.5,mg
202003581,D000698,1.0,mg
202301964,D000718,1000.0,mg
202301965,D000718,850.0,mg
202301973,D000718,500.0,mg
202301975,D000718,1000.0,mg
202302024,D000718,850.0,mg
201600427,D000773,,
202302025,D000718,1000.0,mg
202302026,D000718,500.0,mg
202400317,D000718,850.0,mg
201601505,D000773,,
201603234,D000773,,
201901967,D000773,,
201903286,D000773,,
201905261,D000773,,
201905419,D000773,,
201906521,D000773,,
201507887,D000773,,
202202074,D000718,1000.0,mg
202202076,D000718,500.0,mg
201902454,D000773,,
201903417,D000773,,
201803579,D000698,0.5,mg
201507360,D000773,,
199806741,D000773,,
199900653,D000773,,
201508351,D000342,4.0,mg
199901493,D000773,,
200705591,D000773,,
201900957,D000773,,
201508378,D000342,4.0,mg
201900995,D000773,,
201900996,D000773,,
201901007,D000773,,
201901925,D000773,,
200906065,D000571,7.5,mg
200906066,D000571,5.0,mg
200108818,D000443,,
202400031,D000527,15.0,mg
202403068,D000527,13.5,mg
201401986,D000342,4.0,mg
202302166,D000712,,
201309347,D000698,,
198401386,D000700,,
197400559,D000700,,
201908719,D000698,1.0,mg
200707943,D000773,,
201502605,D000342,,
201207592,D000773,,
201209007,D000773,,
201301696,D000773,,
201306118,D000773,,
201306379,D000773,,
201307383,D000773,,
201307895,D000773,,
201502717,D000342,8.0,mg
202002519,D000773,,
200804771,D000773,,
200804778,D000773,,
200804796,D000773,,
200804802,D000773,,
200804810,D000773,,
200804821,D000773,,
201507458,D000773,,
201507888,D000773,,
201600211,D000773,,
201600428,D000773,,
201600933,D000773,,
201503145,D000342,4.0,mg
201503488,D000342,8.0,mg
201601504,D000773,,
201902453,D000773,,
201508347,D000342,4.0,mg
199403311,D000700,,
201504506,D000700,,
202301862,D000700,,
199203470,D000700,,
199704617,D000700,,
201908720,D000698,0.5,mg
200708257,D000773,,
200708258,D000773,,
200709608,D000773,,
200709609,D000773,,
200709641,D000773,,
200709909,D000773,,
201307896,D000773,,
202002522,D000773,,
202002523,D000773,,
202002678,D000773,,
202002826,D000773,,
202002850,D000773,,
202003201,D000773,,
202003336,D000773,,
202003337,D000773,,
201601516,D000773,,
201602709,D000773,,
201603985,D000773,,
201603986,D000773,,
201905269,D000773,,
201905270,D000773,,
201109819,D000773,75.0,mg
201207590,D000773,,
201207591,D000773,,
200709910,D000773,,
200710087,D000773,,
200710130,D000773,,
200710197,D000773,,
200710202,D000773,,
200710254,D000773,,
200710609,D000773,,
200710628,D000773,,
202003694,D000773,,
202003799,D000773,,
202201173,D000773,,
200805085,D000773,,
201906674,D000773,,
201907320,D000773,,
201907323,D000773,,
200710633,D000773,,
201402850,D000773,,
201402890,D000773,,
201403740,D000773,,
201403947,D000773,,
201403995,D000773,,
201404759,D000773,,
202201174,D000773,,
200805143,D000773,,
200805144,D000773,,
200805152,D000773,,
200805214,D000773,,
200805215,D000773,,
200805233,D000773,,
200805273,D000773,,
200805275,D000773,,
201106063,D000487,30.0,mg
201504347,D000342,8.0,mg
201106062,D000487,15.0,mg
201502417,D000342,4.0,mg
199202245,D000297,,
201602615,D000143,0.5,mg
199300273,D000297,,
200409939,D000143,0.5,mg
201803846,D000143,0.5,mg
201503468,D000342,4.0,mg
199501299,D000297,10.0,mg
201801018,D000385,90.0,mg
201801019,D000385,60.0,mg
201604907,D000385,60.0,mg
201104578,D000385,90.0,mg
199501562,D000297,,
201803558,D000143,1.0,mg
199600830,D000297,,
200908147,D000297,,
201901777,D000142,250.0,mg
201905388,D000035,5.0,mg
199500021,D000297,,
199602454,D000297,,
201905588,D000035,10.0,mg
198900817,D000297,,
201207597,D000297,,
198900922,D000297,,
199101354,D000297,,
199200631,D000297,,
200301639,D000297,,
199200702,D000297,,
201906511,D000035,5.0,mg
199900727,D000297,,
198801052,D000142,,
199000362,D000142,250.0,mg
200401850,D000297,,
202000518,D000035,5.0,mg
200501445,D000297,,
200701153,D000297,,
202002188,D000035,20.0,mg
200713904,D000297,,
200801850,D000297,,
202004486,D000035,20.0,mg
200403060,D000297,,
201504988,D000035,10.0,mg
201400453,D000297,,
200403259,D000297,,
200801689,D000297,,
201603695,D000035,20.0,mg
200201978,D000297,,
200704499,D000297,,
201702248,D000035,20.0,mg
199000925,D000297,,
201708044,D000035,5.0,mg
199500061,D000297,,
199500470,D000297,,
199504367,D000297,,
201708560,D000035,5.0,mg
199701401,D000297,,
199701545,D000297,,
199801954,D000297,,
199501505,D000297,,
201801444,D000035,5.0,mg
201802751,D000035,5.0,mg
199601110,D000297,,
201902045,D000035,10.0,mg
201903284,D000035,5.0,mg
199703388,D000297,,
200900889,D000035,,
200900964,D000035,10.0,mg
200900970,D000035,10.0,mg
200901408,D000035,10.0,mg
200903829,D000035,,
200906974,D000035,10.0,mg
200909282,D000035,5.0,mg
201004680,D000035,5.0,mg
200707384,D000348,,
200707388,D000348,,
200707391,D000348,,
202001225,D000348,,
202000574,D000035,10.0,mg
202000575,D000035,20.0,mg
202002189,D000035,5.0,mg
202003538,D000035,10.0,mg
202005300,D000035,20.0,mg
202204261,D000035,15.0,mg
201708561,D000035,10.0,mg
201801415,D000035,5.0,mg
201802265,D000035,5.0,mg
201802618,D000035,10.0,mg
201802641,D000035,10.0,mg
201901823,D000035,10.0,mg
201902044,D000035,5.0,mg
200807491,D000035,5.0,mg
200808362,D000035,10.0,mg
200809337,D000035,10.0,mg
200809514,D000035,10.0,mg
200809806,D000035,10.0,mg
200809825,D000035,10.0,mg
201307484,D000035,15.0,mg
201400360,D000035,20.0,mg
201401785,D000035,15.0,mg
201401786,D000035,20.0,mg
201402856,D000035,,
201404823,D000035,20.0,mg
201500294,D000035,5.0,mg
201903129,D000035,20.0,mg
201903130,D000035,10.0,mg
201903268,D000035,10.0,mg
201904245,D000035,5.0,mg
201904246,D000035,10.0,mg
200802853,D000035,10.0,mg
200805818,D000035,10.0,mg
200806631,D000035,10.0,mg
200806977,D000035,5.0,mg
200809300,D000035,10.0,mg
200711532,D000517,50.0,mg
201206667,D000517,,
201206833,D000517,,
201207106,D000517,,
201208081,D000517,50.0,mg
201208625,D000517,,
201208742,D000517,,
201300128,D000517,50.0,mg
200403741,D000517,,
200403937,D000517,,
200404200,D000517,,
200404421,D000517,,
200404617,D000517,,
200404856,D000517,,
200410977,D000517,,
200300855,D000517,,
200301483,D000517,,
200301991,D000517,,
200302486,D000517,,
200308550,D000517,,
200400016,D000517,,
201906126,D000517,150.0,mg
201906353,D000517,,
201906580,D000517,150.0,mg
201908156,D000517,,
201908478,D000517,150.0,mg
201908482,D000517,150.0,mg
202000001,D000517,,
202000243,D000517,50.0,mg
201603868,D000517,,
201701556,D000517,50.0,mg
201705156,D000517,150.0,mg
201801366,D000517,150.0,mg
201801767,D000517,,
201801866,D000517,,
201803059,D000517,50.0,mg
201803775,D000517,,
201803870,D000517,50.0,mg
201309449,D000517,50.0,mg
201309976,D000517,,
201310137,D000517,,
201400021,D000517,50.0,mg
201400706,D000517,,
201400853,D000517,,
201402636,D000517,50.0,mg
201402732,D000517,,
200706788,D000517,150.0,mg
200708744,D000517,150.0,mg
200709246,D000517,150.0,mg
200402994,D000517,,
200403075,D000517,,
200403304,D000517,,
200403460,D000517,,
200300773,D000517,50.0,mg
200300806,D000517,,
200000382,D000517,,
200100562,D000517,,
200101162,D000517,,
200108820,D000517,100.0,mg
200201472,D000517,,
201902595,D000517,150.0,mg
201902795,D000517,150.0,mg
201903201,D000517,150.0,mg
201903405,D000517,150.0,mg
201903742,D000517,50.0,mg
201904242,D000517,,
201905969,D000517,50.0,mg
201402899,D000517,,
201402982,D000517,150.0,mg
200400057,D000517,,
200400336,D000517,,
200400359,D000517,,
200400520,D000517,50.0,mg
200401146,D000517,,
200401222,D000517,,
201403070,D000517,50.0,mg
201403310,D000517,,
201403574,D000517,,
201403604,D000517,,
201300891,D000517,50.0,mg
201300893,D000517,,
201303447,D000517,50.0,mg
201304803,D000517,,
201305781,D000517,,
201305783,D000517,150.0,mg
201305813,D000517,50.0,mg
201305832,D000517,,
201306321,D000517,50.0,mg
200501560,D000517,,
200511062,D000517,,
200600116,D000517,150.0,mg
200604325,D000517,,
200401769,D000517,,
202002190,D000517,150.0,mg
202002770,D000517,50.0,mg
202105763,D000517,,
199700389,D000517,,
199700745,D000517,50.0,mg
199902661,D000517,50.0,mg
201804646,D000517,,
201805360,D000517,150.0,mg
201901100,D000517,,
201902018,D000517,150.0,mg
201902198,D000517,,
201902399,D000517,150.0,mg
201403816,D000517,50.0,mg
201403826,D000517,150.0,mg
201403933,D000517,150.0,mg
200404889,D000517,50.0,mg
200500094,D000517,,
200804034,D000793,750.0,mg
200804144,D000793,500.0,mg
200806028,D000793,100.0,mg
201302165,D000793,,
201302619,D000793,100.0,mg
200905257,D000793,250.0,mg
201903867,D000793,500.0,mg
201903868,D000793,100.0,mg
201905641,D000793,,
201906213,D000793,500.0,mg
201906311,D000793,100.0,mg
201307960,D000793,,
201309123,D000793,,
201309833,D000793,500.0,mg
201906844,D000793,250.0,mg
201906940,D000793,250.0,mg
201908038,D000793,,
201702349,D000793,250.0,mg
201707114,D000793,,
201708021,D000793,500.0,mg
201310716,D000793,100.0,mg
200001521,D000793,,
200103330,D000793,,
201800126,D000793,250.0,mg
201800127,D000793,500.0,mg
201800278,D000793,500.0,mg
201801057,D000793,500.0,mg
201801895,D000793,100.0,mg
201404979,D000793,100.0,mg
200200467,D000793,,
200201176,D000793,100.0,mg
202501122,D000793,250.0,mg
201405442,D000793,500.0,mg
201405594,D000793,500.0,mg
201406037,D000793,750.0,mg
201406125,D000793,750.0,mg
201502450,D000793,100.0,mg
201504161,D000793,500.0,mg
199400369,D000793,,
199801012,D000793,,
201207402,D000793,,
201504243,D000793,,
201306988,D000793,,
201309425,D000793,100.0,mg
200500919,D000793,,
200501434,D000793,,
200501546,D000793,,
201210744,D000793,,
200503079,D000793,,
200703280,D000793,500.0,mg
200705239,D000793,500.0,mg
200710882,D000793,250.0,mg
200101393,D000793,,
200200715,D000793,,
200202193,D000793,100.0,mg
200202476,D000793,,
201003399,D000793,,
201003822,D000793,,
201004128,D000793,250.0,mg
199800454,D000793,,
199800903,D000793,,
200711322,D000793,,
200800332,D000793,250.0,mg
200800333,D000793,500.0,mg
200800506,D000793,,
200804225,D000793,250.0,mg
200805811,D000793,500.0,mg
200402430,D000793,250.0,mg
200903888,D000793,,
200403041,D000793,,
200401810,D000793,5.0,mg
200500187,D000793,,
200400700,D000793,,
200400330,D000793,,
200401767,D000793,,
200300626,D000793,,
200301937,D000793,100.0,mg
200302725,D000793,,
200400034,D000793,,
200400314,D000793,,
199901759,D000793,,
199903254,D000793,,
201003392,D000793,100.0,mg
199400461,D000793,,
202000924,D000793,,
202001396,D000793,250.0,mg
202001902,D000793,100.0,mg
201401334,D000793,,
201402851,D000793,250.0,mg
201403186,D000793,100.0,mg
202002669,D000793,500.0,mg
202003099,D000793,100.0,mg
202004914,D000793,500.0,mg
199701979,D000793,,
201803262,D000793,,
201900159,D000793,,
201403287,D000793,100.0,mg
201403940,D000793,,
201403944,D000793,100.0,mg
201901699,D000793,100.0,mg
201901896,D000793,500.0,mg
201901897,D000793,100.0,mg
201902151,D000793,250.0,mg
201902152,D000793,500.0,mg
201902167,D000793,500.0,mg
201404444,D000793,500.0,mg
201506122,D000793,100.0,mg
201506488,D000793,,
201506689,D000793,,
201508138,D000793,500.0,mg
201602214,D000793,750.0,mg
201603130,D000793,100.0,mg
201607032,D000793,250.0,mg
201607197,D000793,250.0,mg
201401011,D000793,,
200905938,D000793,250.0,mg
199900886,D000793,,
201105697,D000793,500.0,mg
201207060,D000793,,
199801068,D000793,,
199801473,D000793,,
199801522,D000793,,
199801298,D000793,,
199801901,D000793,,
199802234,D000793,100.0,mg
199806978,D000793,,
199800676,D000793,,
199803884,D000793,100.0,mg
200404008,D000793,,
200608214,D000793,100.0,mg
200705151,D000793,,
200401544,D000793,,
200600109,D000793,,
200704488,D000793,,
201902168,D000793,100.0,mg
201902439,D000793,500.0,mg
201903771,D000793,,
201404445,D000793,100.0,mg
201404678,D000793,,
201903825,D000793,100.0,mg
201700257,D000793,,
201701431,D000793,500.0,mg
201701554,D000793,500.0,mg
201701601,D000793,250.0,mg
201404833,D000793,500.0,mg
199900121,D000793,,
202104009,D000425,,
200705123,D000425,,
198800560,D000425,,
199500497,D000425,,
201309618,D000430,400.0,mg
197200484,D000425,,
201705482,D000425,,
200001929,D000719,10.0,mg
200209450,D000430,,
201201789,D000430,400.0,mg
201310000,D000430,400.0,mg
201406133,D000430,400.0,mg
201601637,D000430,400.0,mg
201206595,D000430,400.0,mg
201309860,D000430,400.0,mg
201400874,D000430,400.0,mg
201503867,D000430,400.0,mg
201506838,D000430,400.0,mg
199906848,D000430,,
200711797,D000608,200.0,mg
201007692,D000608,150.0,mg
201905896,D000608,50.0,mg
202500670,D000226,,
202502804,D000226,,
202502838,D000226,,
202601940,D000226,,
202500864,D000226,,
198500619,D000213,4.0,mg
201309959,D000809,5.0,mg
198500620,D000213,1.0,mg
197000079,D000809,10.0,mg
197500186,D000809,10.0,mg
197500188,D000809,25.0,mg
198500626,D000809,10.0,mg
197900157,D000835,,
198500393,D000835,,
201902255,D000122,500.0,mg
200001939,D000535,,
200701028,D000535,300.0,mg
200701033,D000535,500.0,mg
201902467,D000122,,
198500623,D000535,200.0,mg
201102753,D000122,,
198500624,D000535,300.0,mg
199001352,D000535,300.0,mg
199400873,D000535,,
199400905,D000535,,
199402228,D000535,,
201903087,D000122,,
199601861,D000535,,
199801581,D000535,150.0,mg
200809073,D000583,100.0,mg
201507965,D000583,150.0,mg
201507966,D000583,200.0,mg
201801388,D000583,50.0,mg
201901713,D000583,25.0,mg
200906719,D000583,150.0,mg
201601046,D000583,200.0,mg
201601117,D000583,100.0,mg
201603841,D000583,100.0,mg
201603842,D000583,300.0,mg
201603843,D000583,25.0,mg
201904288,D000583,200.0,mg
201904289,D000583,300.0,mg
201906877,D000583,200.0,mg
202502347,D000422,125.0,mg
202502348,D000422,150.0,mg
199801582,D000535,,
199901651,D000535,600.0,mg
200704619,D000583,100.0,mg
201507967,D000583,300.0,mg
201801703,D000583,300.0,mg
201801704,D000583,400.0,mg
201901714,D000583,100.0,mg
201507923,D000583,50.0,mg
201507924,D000583,150.0,mg
201507925,D000583,300.0,mg
201507926,D000583,400.0,mg
201507927,D000583,200.0,mg
201507964,D000583,50.0,mg
201603844,D000583,200.0,mg
201702795,D000583,12.5,mg
201801705,D000583,50.0,mg
201801706,D000583,150.0,mg
201801707,D000583,200.0,mg
200501530,D000422,,
202502349,D000422,200.0,mg
202502350,D000422,250.0,mg
201902797,D000122,500.0,mg
199600576,D000122,,
199403325,D000329,,
199501060,D000329,,
200709901,D000583,100.0,mg
200809077,D000583,300.0,mg
201507968,D000583,400.0,mg
201902622,D000583,100.0,mg
201507970,D000583,150.0,mg
201507971,D000583,50.0,mg
201507972,D000583,200.0,mg
201507973,D000583,300.0,mg
201801717,D000583,25.0,mg
201801806,D000583,25.0,mg
201801807,D000583,100.0,mg
201802356,D000583,25.0,mg
201802363,D000583,100.0,mg
201802537,D000583,25.0,mg
201802582,D000583,300.0,mg
200712979,D000583,400.0,mg
200712980,D000583,300.0,mg
200809080,D000583,300.0,mg
201902623,D000583,25.0,mg
201507974,D000583,400.0,mg
201802733,D000583,25.0,mg
201802734,D000583,100.0,mg
201902798,D000122,1.0,g
200806518,D000122,500.0,mg
199200869,D000818,,
199200870,D000818,180.0,mg
200712981,D000583,50.0,mg
200809081,D000583,300.0,mg
201903265,D000583,25.0,mg
201903266,D000583,100.0,mg
201904286,D000583,100.0,mg
201904287,D000583,25.0,mg
199002752,D000818,50.0,mg
199400095,D000818,180.0,mg
200712982,D000583,200.0,mg
200810702,D000583,25.0,mg
200009022,D000583,25.0,mg
200009023,D000583,100.0,mg
200009024,D000583,200.0,mg
200410325,D000583,300.0,mg
200701406,D000583,100.0,mg
200704587,D000583,100.0,mg
200704617,D000583,100.0,mg
202502344,D000422,50.0,mg
202502345,D000422,75.0,mg
201902952,D000122,1.0,g
200807359,D000122,,
202106692,D000818,120.0,mg
202106693,D000818,180.0,mg
200802022,D000583,200.0,mg
200810703,D000583,200.0,mg
200802023,D000583,25.0,mg
202502346,D000422,100.0,mg
201506496,D001071,,
197500285,D000595,,
198500605,D000595,100.0,mg
201104024,D000632,200.0,mg
201507122,D001071,,
201502727,D000405,100.0,mg
202200754,D001071,,
199801575,D000476,300.0,mg
199802257,D000476,,
200307816,D000476,200.0,mg
200307818,D000476,,
200307819,D000476,200.0,mg
200501541,D000476,,
197000104,D000595,100.0,mg
198000160,D000103,,
202201161,D001071,,
198401121,D000476,,
198500634,D000476,,
198901578,D000476,,
199000983,D000476,200.0,mg
199101166,D000476,,
197000212,D000282,,
199403283,D000282,,
201306813,D000334,,
199600158,D000334,100.0,mg
201404571,D000455,5.0,mg
202008307,D000334,100.0,mg
202107512,D000334,50.0,mg
201901592,D000455,10.0,mg
199403112,D000334,25.0,mg
202200399,D000455,20.0,mg
200806024,D000455,10.0,mg
202107542,D000334,25.0,mg
202301675,D000334,50.0,mg
199202070,D000334,100.0,mg
201402069,D000455,20.0,mg
200808268,D000455,,
200808271,D000455,5.0,mg
201006495,D000455,,
202005385,D000455,20.0,mg
201500366,D000455,80.0,mg
202005386,D000455,10.0,mg
202006660,D000455,10.0,mg
201500367,D000455,10.0,mg
202006661,D000455,20.0,mg
201901593,D000455,20.0,mg
201905283,D000455,10.0,mg
201906902,D000455,10.0,mg
201906903,D000455,20.0,mg
201907846,D000455,10.0,mg
201907847,D000455,20.0,mg
202200398,D000455,10.0,mg
202200400,D000455,40.0,mg
202105294,D000455,10.0,mg
202105295,D000455,20.0,mg
202105296,D000455,20.0,mg
202105297,D000455,10.0,mg
200807210,D000455,5.0,mg
200807211,D000455,5.0,mg
200808656,D000455,5.0,mg
201402067,D000455,20.0,mg
201402068,D000455,10.0,mg
200808514,D000455,5.0,mg
200808772,D000455,5.0,mg
200807229,D000455,5.0,mg
200807230,D000455,5.0,mg
200807374,D000455,5.0,mg
200802596,D000455,10.0,mg
200808145,D000455,5.0,mg
200808377,D000455,,
200808417,D000455,5.0,mg
200810440,D000455,10.0,mg
201403323,D000455,,
201403872,D000455,5.0,mg
201403873,D000455,5.0,mg
201801880,D000455,10.0,mg
202005383,D000455,20.0,mg
202005384,D000455,10.0,mg
201603925,D000455,5.0,mg
202101489,D000455,40.0,mg
200807529,D000455,10.0,mg
202100201,D000455,10.0,mg
202100202,D000455,20.0,mg
202100203,D000455,40.0,mg
202100205,D000455,20.0,mg
202100206,D000455,10.0,mg
202100207,D000455,40.0,mg
202100208,D000455,20.0,mg
202100209,D000455,10.0,mg
202100211,D000455,20.0,mg
201500364,D000455,20.0,mg
202100212,D000455,10.0,mg
201500365,D000455,40.0,mg
202101481,D000455,40.0,mg
202101482,D000455,20.0,mg
202101483,D000455,10.0,mg
202101484,D000455,40.0,mg
202101485,D000455,20.0,mg
202101486,D000455,10.0,mg
201403279,D000455,10.0,mg
201801331,D000455,10.0,mg
202200402,D000455,20.0,mg
202200403,D000455,10.0,mg
200410087,D000455,5.0,mg
200410088,D000455,5.0,mg
200410089,D000455,5.0,mg
200807377,D000455,5.0,mg
200807985,D000455,,
200809419,D000455,5.0,mg
200809778,D000455,10.0,mg
201403128,D000455,5.0,mg
200807530,D000455,20.0,mg
201205252,D000455,20.0,mg
202006655,D000455,20.0,mg
201707339,D000455,5.0,mg
201708367,D000455,10.0,mg
202301714,D000455,10.0,mg
200808872,D000455,,
200809659,D000455,5.0,mg
202006656,D000455,10.0,mg
201708368,D000455,20.0,mg
201708606,D000455,20.0,mg
201801332,D000455,20.0,mg
202303069,D000455,10.0,mg
202400095,D000455,5.0,mg
202400096,D000455,10.0,mg
202400309,D000455,5.0,mg
202400310,D000455,10.0,mg
202400311,D000455,10.0,mg
202006657,D000455,20.0,mg
202006658,D000455,10.0,mg
202301715,D000455,10.0,mg
202301716,D000455,5.0,mg
202302979,D000455,5.0,mg
202006659,D000455,20.0,mg
202006662,D000455,10.0,mg
202101490,D000455,20.0,mg
202101491,D000455,10.0,mg
199400486,D000739,,
199700916,D000739,,
199701226,D000739,,
199800142,D000739,,
199800455,D000739,,
199800519,D000739,,
199801524,D000739,,
199801547,D000739,,
199802092,D000739,,
199802289,D000739,,
199803120,D000739,,
199900033,D000739,,
199902271,D000739,,
199902730,D000739,100.0,mg
200001168,D000739,,
200101246,D000739,,
200201436,D000739,,
200203727,D000739,,
200300102,D000739,,
200300132,D000739,,
200300307,D000739,,
200300458,D000739,,
200300497,D000739,,
200300603,D000739,,
200300687,D000739,,
200300763,D000739,,
200300854,D000739,,
200301031,D000739,,
200301348,D000739,,
200301624,D000739,,
200301663,D000739,,
200301922,D000739,,
200301990,D000739,,
200302009,D000739,,
200302053,D000739,,
200302141,D000739,,
200302215,D000739,,
200302313,D000739,,
200302452,D000739,,
200302642,D000739,,
200303337,D000739,,
200308585,D000739,,
200308845,D000739,,
200400225,D000739,,
200401008,D000739,,
200401110,D000739,,
200401683,D000739,,
200401926,D000739,,
200402064,D000739,,
200402557,D000739,,
200402610,D000739,,
200402839,D000739,,
200403271,D000739,,
200403465,D000739,,
200403775,D000739,,
200403849,D000739,,
200404216,D000739,,
200404606,D000739,,
200404711,D000739,,
200410951,D000739,,
200410954,D000739,,
200411098,D000739,,
200500652,D000739,,
200503719,D000739,,
200503788,D000739,,
200600818,D000739,,
200802182,D000739,,
201002745,D000739,,
201206685,D000739,,
201206908,D000739,,
201207492,D000739,,
201208480,D000739,,
201208743,D000739,,
201209009,D000739,,
201210154,D000739,,
201300017,D000739,,
201301586,D000739,100.0,mg
201306393,D000739,,
201306452,D000739,,
201307230,D000739,100.0,mg
201309497,D000739,,
201309500,D000739,,
201310102,D000739,,
201400500,D000739,,
201401490,D000739,,
201402186,D000739,,
201403245,D000739,,
201403998,D000739,,
201404012,D000739,,
201404342,D000739,,
201404460,D000739,,
201404512,D000739,,
201404677,D000739,,
201404982,D000739,,
201500851,D000739,,
201501003,D000739,,
201502927,D000739,,
201505114,D000739,,
201507988,D000739,,
201600166,D000739,100.0,mg
201600359,D000739,100.0,mg
201600938,D000739,,
201601030,D000739,,
201601665,D000739,,
201602997,D000739,100.0,mg
201603003,D000739,,
201603004,D000739,,
201603007,D000739,,
201603474,D000739,100.0,mg
201603581,D000739,,
201604833,D000739,100.0,mg
201701471,D000739,,
201706180,D000739,,
201800212,D000739,,
201800516,D000739,,
201800790,D000739,,
201801017,D000739,100.0,mg
201801443,D000739,,
201802770,D000739,,
201900089,D000739,,
201901099,D000739,,
201902130,D000739,100.0,mg
201902220,D000739,,
201902538,D000739,100.0,mg
201902818,D000739,,
201902819,D000739,,
201902821,D000739,,
201902910,D000739,,
201902911,D000739,,
201903016,D000739,,
201903018,D000739,,
201903453,D000739,,
201904237,D000739,100.0,mg
201904284,D000739,,
201904672,D000739,,
201905471,D000739,100.0,mg
201906060,D000739,,
201906109,D000739,,
201906178,D000739,,
201907074,D000739,100.0,mg
201907528,D000739,200.0,mg
201908226,D000739,,
202000205,D000739,200.0,mg
202000601,D000739,,
202000737,D000739,,
202001048,D000739,,
202001890,D000739,,
202002811,D000739,100.0,mg
202003194,D000739,,
200008591,D000452,,
201702179,D000452,,
200409930,D000138,200.0,mg
200603815,D000138,100.0,mg
201005080,D000138,200.0,mg
201006790,D000138,200.0,mg
201100380,D000138,200.0,mg
201100381,D000138,200.0,mg
201101840,D000138,200.0,mg
201101845,D000138,,
201101846,D000138,200.0,mg
201101849,D000138,200.0,mg
201101850,D000138,200.0,mg
201103995,D000138,200.0,mg
201104111,D000138,200.0,mg
201105487,D000138,200.0,mg
201105488,D000138,,
201110059,D000138,,
201110060,D000138,,
201205823,D000138,,
201307578,D000138,,
201307608,D000138,100.0,mg
201403889,D000138,200.0,mg
201404200,D000138,200.0,mg
201404318,D000138,200.0,mg
201404343,D000138,200.0,mg
201404378,D000138,,
201404415,D000138,200.0,mg
201404485,D000138,200.0,mg
201404569,D000138,,
201404586,D000138,200.0,mg
201404836,D000138,200.0,mg
201404857,D000138,,
201404863,D000138,,
201404983,D000138,200.0,mg
201405027,D000138,,
201405040,D000138,200.0,mg
201405094,D000138,200.0,mg
201405096,D000138,200.0,mg
201405233,D000138,,
201405465,D000138,,
201405473,D000138,200.0,mg
201405475,D000138,200.0,mg
201405505,D000138,200.0,mg
201405708,D000138,,
201405736,D000138,200.0,mg
201405779,D000138,200.0,mg
201405798,D000138,200.0,mg
201405956,D000138,100.0,mg
201406030,D000138,200.0,mg
201406048,D000138,200.0,mg
201406102,D000138,200.0,mg
201406103,D000138,200.0,mg
201500093,D000138,200.0,mg
201500099,D000138,200.0,mg
201500101,D000138,200.0,mg
201500127,D000138,200.0,mg
201500145,D000138,200.0,mg
201500186,D000138,200.0,mg
201500241,D000138,200.0,mg
201500355,D000138,,
201500438,D000138,200.0,mg
201500439,D000138,200.0,mg
201500530,D000138,200.0,mg
201500554,D000138,200.0,mg
201500676,D000138,200.0,mg
201500728,D000138,200.0,mg
201500882,D000138,200.0,mg
201500902,D000138,,
201500930,D000138,200.0,mg
201500931,D000138,,
201500958,D000138,200.0,mg
201501011,D000138,,
201501083,D000138,,
201501270,D000138,100.0,mg
201501279,D000138,,
201501312,D000138,200.0,mg
201501429,D000138,200.0,mg
201501494,D000138,200.0,mg
201501508,D000138,200.0,mg
201501549,D000138,200.0,mg
201501572,D000138,,
201501582,D000138,200.0,mg
201501603,D000138,200.0,mg
201501648,D000138,200.0,mg
201501655,D000138,200.0,mg
201501680,D000138,200.0,mg
201501733,D000138,200.0,mg
201502257,D000138,,
201502295,D000138,200.0,mg
201502333,D000138,200.0,mg
201502348,D000138,,
201502397,D000138,200.0,mg
201503251,D000138,200.0,mg
201504160,D000138,100.0,mg
201504176,D000138,200.0,mg
201505202,D000138,200.0,mg
201506677,D000138,400.0,mg
201507452,D000138,100.0,mg
201507475,D000138,200.0,mg
201508507,D000138,100.0,mg
201508549,D000138,100.0,mg
201600811,D000138,100.0,mg
201601081,D000138,100.0,mg
201601704,D000138,400.0,mg
201601887,D000138,200.0,mg
201602304,D000138,200.0,mg
201602409,D000138,100.0,mg
201603412,D000138,200.0,mg
201603482,D000138,100.0,mg
201603731,D000138,200.0,mg
201603732,D000138,100.0,mg
201604055,D000138,200.0,mg
201604056,D000138,100.0,mg
201604942,D000138,100.0,mg
201704834,D000138,200.0,mg
201705172,D000138,200.0,mg
201706790,D000138,100.0,mg
201706853,D000138,100.0,mg
201802512,D000138,100.0,mg
201802747,D000138,200.0,mg
201803009,D000138,100.0,mg
201803405,D000138,,
201803824,D000138,100.0,mg
201805147,D000138,100.0,mg
201900056,D000138,200.0,mg
201900319,D000138,100.0,mg
201900905,D000138,200.0,mg
201901030,D000138,100.0,mg
201901048,D000138,200.0,mg
201901049,D000138,100.0,mg
201901050,D000138,100.0,mg
201901371,D000138,100.0,mg
201901372,D000138,100.0,mg
201901725,D000138,200.0,mg
201901768,D000138,100.0,mg
201902085,D000138,100.0,mg
201902128,D000138,200.0,mg
201902282,D000138,100.0,mg
201902283,D000138,200.0,mg
201902742,D000138,100.0,mg
201903005,D000138,200.0,mg
201903059,D000138,,
201903336,D000138,200.0,mg
201903424,D000138,100.0,mg
201903466,D000138,100.0,mg
201903473,D000138,200.0,mg
201904165,D000138,100.0,mg
201905904,D000138,200.0,mg
201906422,D000138,200.0,mg
201906468,D000138,100.0,mg
201906895,D000138,100.0,mg
201906896,D000138,200.0,mg
201906970,D000138,100.0,mg
201906998,D000138,100.0,mg
201907099,D000138,100.0,mg
201907416,D000138,200.0,mg
201907541,D000138,100.0,mg
201907646,D000138,100.0,mg
201907649,D000138,200.0,mg
201907950,D000138,100.0,mg
202000176,D000138,100.0,mg
202000315,D000138,200.0,mg
202001044,D000138,100.0,mg
202001572,D000138,200.0,mg
202001668,D000138,100.0,mg
202001669,D000138,200.0,mg
202001987,D000138,200.0,mg
202002057,D000138,100.0,mg
202002150,D000138,100.0,mg
202002185,D000138,100.0,mg
202002581,D000138,100.0,mg
202002590,D000138,200.0,mg
202002761,D000138,200.0,mg
202003250,D000138,100.0,mg
202003628,D000138,100.0,mg
202004014,D000138,200.0,mg
202004093,D000138,100.0,mg
202004956,D000138,400.0,mg
202106721,D000138,200.0,mg
202107035,D000138,100.0,mg
198400830,D000675,,
198601395,D000675,,
199301968,D000675,250.0,mg
200401859,D000675,,
201902726,D000675,,
202204179,D000675,,
200001368,D000086,300.0,mg
200100323,D000086,,
200100922,D000086,,
200101016,D000086,,
200201695,D000086,,
200201831,D000086,,
200709249,D000086,,
200709253,D000086,,
200709318,D000086,,
201005692,D000086,,
201207377,D000086,300.0,mg
201403363,D000086,300.0,mg
201403460,D000086,,
201404202,D000086,400.0,mg
201602068,D000086,,
201602338,D000086,400.0,mg
201602517,D000086,400.0,mg
201603768,D000086,,
201701383,D000086,,
201801763,D000086,,
201802579,D000086,400.0,mg
201802592,D000086,300.0,mg
201802676,D000086,,
201900282,D000086,,
201900986,D000086,,
201902982,D000086,,
201903015,D000086,,
201903568,D000086,,
201906058,D000086,,
201907915,D000086,,
201908438,D000086,,
202000676,D000086,,
202003405,D000086,,
202003642,D000086,300.0,mg
202003788,D000086,,
202401446,D000086,,
202402740,D000086,,
202500677,D000086,,
202502479,D000086,,
202600946,D000086,,
200706794,D000696,,
202602157,D000696,,
198000058,D000506,,
198200559,D000506,,
198600424,D000506,,
198600666,D000506,,
198601054,D000506,,
198601164,D000506,50.0,mg
198701676,D000506,25.0,mg
198701689,D000506,,
198801647,D000506,,
198902280,D000506,,
199102335,D000506,,
199102473,D000506,,
199200652,D000506,,
199301972,D000506,,
199302664,D000506,,
199501223,D000506,,
199501666,D000506,,
199501947,D000506,,
199501950,D000506,,
199600297,D000506,,
199600344,D000506,,
199603117,D000506,,
199702363,D000506,,
199703386,D000506,,
199801499,D000506,,
199901324,D000506,75.0,mg
200001074,D000506,,
200001758,D000506,100.0,mg
200002445,D000506,,
200004912,D000506,,
200100154,D000506,,
200100155,D000506,2.0,mL
200101500,D000506,,
200102371,D000506,2.0,mL
200103036,D000506,,
200202677,D000506,,
200400583,D000506,,
200502687,D000506,2.0,mL
200600327,D000506,,
200802500,D000506,,
200804331,D000506,,
200806883,D000506,50.0,mg
200807225,D000506,100.0,mg
200807920,D000506,,
201001927,D000506,,
201100681,D000506,3.0,mL
201604657,D000506,,
201604658,D000506,,
201606539,D000506,,
201606827,D000506,,
201707880,D000506,,
202106009,D000506,50.0,mg
198700366,D000463,200.0,mg
198900581,D000463,,
198901114,D000463,,
199002184,D000463,200.0,mg
202503121,D000506,,
202503165,D000506,,
199102606,D000463,,
199302406,D000463,,
199400448,D000463,600.0,mg
199400681,D000463,,
199402355,D000463,,
199602501,D000463,,
199701083,D000463,200.0,mg
199900417,D000463,400.0,mg
199901211,D000463,400.0,mg
200600340,D000463,,
200605375,D000463,,
200802062,D000463,,
201401037,D000463,,
201405864,D000463,,
201104878,D000575,,
199904734,D000672,,
200608036,D000672,,
201101493,D000525,,
201205038,D000525,,
201205832,D000525,,
201206201,D000525,60.0,mg
199100581,D000230,,
200706037,D000230,500.0,mg
201908188,D000230,,
200300154,D000427,7.5,mg
200300261,D000427,,
200300411,D000427,,
200300412,D000427,,
200300462,D000427,,
200301019,D000427,,
200302052,D000427,,
200400112,D000427,15.0,mg
200400179,D000427,15.0,mg
200400320,D000427,,
200400387,D000427,,
200400684,D000427,,
200400685,D000427,,
200400892,D000427,7.5,mg
200400913,D000427,,
200400983,D000427,,
200401005,D000427,,
200401409,D000427,,
200401448,D000427,,
200401721,D000427,,
200402093,D000427,,
200402310,D000427,,
200402564,D000427,,
200402583,D000427,,
200402675,D000427,15.0,mg
200402696,D000427,,
200403085,D000427,,
200411043,D000427,,
200500171,D000427,,
200502732,D000427,,
200608275,D000427,,
202004002,D000427,15.0,mg
200400514,D000321,,
200900193,D000321,,
200900194,D000321,350.0,mg
200900195,D000321,,
200900196,D000321,350.0,mg
201004230,D000321,,
201004243,D000321,,
201004257,D000321,350.0,mg
201405103,D000321,350.0,mg
201500346,D000321,,
201500722,D000321,,
201500963,D000321,,
201501927,D000321,,
201503958,D000321,350.0,mg
200302165,D000081,,
200400579,D000081,,
200401686,D000081,,
200403408,D000081,,
200403776,D000081,,
200403938,D000081,,
200503783,D000081,,
200611329,D000081,,
198900263,D000083,,
199502848,D000083,,
199603356,D000083,,
199900649,D000083,,
200003537,D000083,,
200101224,D000083,,
200101514,D000083,,
200704590,D000206,,
201501350,D000206,,
202104053,D000206,,
202104498,D000206,,
202601755,D000206,30.0,mg
202601773,D000206,,
202601774,D000206,,
202601785,D000206,30.0,mg
199100461,D000211,300.0,mg
198701736,D000816,,
199502844,D000816,,
198500515,D000280,,
198800619,D000280,,
199400570,D000280,,
199400837,D000280,,
199401132,D000280,,
199401625,D000280,,
199401949,D000280,,
199401998,D000280,,
199500549,D000280,,
199500646,D000280,,
199501941,D000280,,
199502847,D000280,,
199600038,D000280,,
199601437,D000280,,
199602149,D000280,,
199702839,D000280,,
199803062,D000280,,
200101428,D000280,,
200202362,D000280,,
200400816,D000280,,
200401478,D000280,,
200402408,D000280,,
200404214,D000280,,
200404684,D000280,,
200404864,D000280,,
200501801,D000280,,
200802218,D000280,,
201211056,D000280,,
201403939,D000280,,
201900806,D000280,,
199701525,D000766,,
200500992,D000766,,
200502711,D000766,,
200702615,D000766,,
200802328,D000766,,
201404541,D000766,,
201501437,D000766,,
201602274,D000766,,
201800173,D000766,,
201804287,D000766,,
201901893,D000766,,
201902799,D000766,,
201904396,D000766,,
201904651,D000766,,
202000620,D000766,,
202001798,D000766,80.0,mg
198901273,D000147,,
199102938,D000147,300.0,mg
199300758,D000147,,
199300891,D000147,,
199300892,D000147,80.0,mg
199302514,D000147,,
199400581,D000147,160.0,mg
199401030,D000147,,
199401316,D000147,,
199500466,D000147,,
199502585,D000147,,
199600625,D000147,325.0,mg
199600669,D000147,,
199600770,D000147,325.0,mg
199601312,D000147,,
199703385,D000147,,
199800767,D000147,,
199800888,D000147,,
200000999,D000147,,
200200662,D000147,,
200201482,D000147,,
200202847,D000147,,
200202873,D000147,650.0,mg
200301818,D000147,650.0,mg
200402947,D000147,,
200501216,D000147,,
200502086,D000147,,
200703511,D000147,,
200708580,D000147,,
200902008,D000147,,
201204687,D000147,500.0,mg
201206715,D000147,,
201308957,D000147,,
201309963,D000147,,
201504877,D000147,500.0,mg
201700254,D000147,,
201702784,D000147,,
201705164,D000147,,
201705636,D000147,325.0,mg
201706656,D000147,,
201707306,D000147,,
201707307,D000147,,
201800567,D000147,325.0,mg
201802994,D000147,,
201802995,D000147,,
201804294,D000147,,
201804309,D000147,,
201804429,D000147,,
201902973,D000147,,
201903045,D000147,,
201903214,D000147,,
201903226,D000147,,
201903258,D000147,,
201903291,D000147,,
201903292,D000147,,
201903300,D000147,,
201903322,D000147,,
201903831,D000147,,
201904215,D000147,,
201904585,D000147,,
201905099,D000147,650.0,mg
201905386,D000147,,
201905693,D000147,650.0,mg
201905906,D000147,,
201906314,D000147,,
201906596,D000147,,
201906975,D000147,650.0,mg
201907101,D000147,,
201907324,D000147,,
201907507,D000147,,
201908090,D000147,,
202000931,D000147,,
202001214,D000147,,
202002173,D000147,650.0,mg
202002391,D000147,,
202002591,D000147,,
202003087,D000147,,
202003487,D000147,,
202005438,D000147,,
202006063,D000147,,
202006593,D000147,,
202007979,D000147,,
202008064,D000147,,
202102323,D000147,,
202102362,D000147,,
202103611,D000147,,
202105771,D000147,,
202106092,D000147,,
202106368,D000147,500.0,mg
202107495,D000147,,
202107768,D000147,,
202200088,D000147,500.0,mg
202200195,D000147,,
202200407,D000147,,
202201300,D000147,500.0,mg
202201721,D000147,160.0,mg
202201984,D000147,,
202202278,D000147,,
202202552,D000147,160.0,mg
202300233,D000147,,
202300373,D000147,,
202300437,D000147,500.0,mg
202300455,D000147,500.0,mg
202300632,D000147,,
202301097,D000147,500.0,mg
202301311,D000147,500.0,mg
202302139,D000147,500.0,mg
202302770,D000147,,
202302828,D000147,,
202400157,D000147,500.0,mg
202400384,D000147,,
202400752,D000147,,
202400889,D000147,,
202402317,D000147,500.0,mg
202402345,D000147,,
202402363,D000147,500.0,mg
202402372,D000147,,
202402406,D000147,500.0,mg
202402430,D000147,160.0,mg
202402431,D000147,500.0,mg
202402794,D000147,,
202402904,D000147,160.0,mg
202402905,D000147,500.0,mg
202402943,D000147,,
202403075,D000147,,
202500675,D000147,,
202501382,D000147,,
202501414,D000147,,
202501526,D000147,,
202501743,D000147,,
202501779,D000147,,
202501821,D000147,,
202501839,D000147,,
202502088,D000147,,
202502520,D000147,500.0,mg
202502669,D000147,650.0,mg
202502719,D000147,,
202502888,D000147,,
202600267,D000147,,
202600364,D000147,500.0,mg
202601277,D000147,,
202601502,D000147,,
202601655,D000147,,
199500674,D000101,,
201105749,D000101,,
200802188,D000745,,
200903830,D000407,2.5,mg
202501584,D000407,2.5,mg
199906868,D000287,2.5,mg
202106983,D000287,2.5,mg
202400098,D000287,2.5,mg
202402899,D000287,2.5,mg
202402970,D000287,2.5,mg
202500294,D000287,2.5,mg
199604657,D000650,50.0,mg
200600247,D000650,25.0,mg
200705480,D000650,50.0,mg
200808280,D000650,50.0,mg
201900721,D000650,50.0,mg
202300519,D000650,,
202401652,D000650,25.0,mg
199907046,D000171,2.5,mg
199403306,D000331,,
199403308,D000331,2.0,mg
199604964,D000331,,
201006481,D000331,2.0,mg
201802910,D000331,2.0,mg
201804134,D000331,,
200109942,D000784,,
200109954,D000784,10.0,mg
200109955,D000784,20.0,mg
200109997,D000784,10.0,mg
200109998,D000784,20.0,mg
200809721,D000784,,
198401384,D000794,,
200512183,D000794,,
200108739,D000543,2.5,mg
201404183,D000543,2.5,mg
201405617,D000543,1.25,mg
199101124,D000681,1.0,mg
199101125,D000681,2.0,mg
199301235,D000681,5.0,mg
199900349,D000681,2.0,mg
199901558,D000681,,
199903837,D000681,2.0,mg
200001896,D000681,,
200102845,D000681,2.0,mg
200200074,D000681,2.0,mg
200201339,D000681,2.0,mg
200300567,D000681,2.0,mg
200300708,D000681,2.0,mg
200301107,D000681,2.0,mg
200301836,D000681,2.0,mg
200400798,D000681,,
200400946,D000681,,
200403335,D000681,,
200403847,D000681,2.0,mg
200404677,D000681,2.0,mg
200411042,D000681,2.0,mg
200411062,D000681,,
200411086,D000681,,
200503303,D000681,,
200608210,D000681,1.0,mg
200608345,D000681,,
201004643,D000681,,
201210746,D000681,2.0,mg
201403941,D000681,2.0,mg
201500429,D000681,2.0,mg
201501548,D000681,2.0,mg
201504729,D000681,2.0,mg
201505004,D000681,2.0,mg
201506179,D000681,2.0,mg
201506894,D000681,2.0,mg
201601554,D000681,2.0,mg
201603090,D000681,2.0,mg
201604568,D000681,,
202001911,D000681,2.0,mg
202002182,D000681,2.0,mg
202002855,D000681,,
202400436,D000681,5.0,mg
202402552,D000681,5.0,mg
202402553,D000681,5.0,mg
202402741,D000681,5.0,mg
202501775,D000681,5.0,mg
202600758,D000681,5.0,mg
201604248,D000601,40.0,mg
198100126,D000717,,
200008764,D000543,5.0,mg
200201524,D000543,,
200400825,D000543,,
200401088,D000543,,
200401319,D000543,,
200401383,D000543,,
200402318,D000543,5.0,mg
200403082,D000543,,
201600298,D000543,10.0,mg
199001353,D000551,,
199701010,D000551,,
200002738,D000551,,
200101679,D000551,,
200400838,D000551,,
200401458,D000551,,
200401586,D000551,,
200401878,D000551,,
200402098,D000551,,
200402287,D000551,,
200402847,D000551,,
200402853,D000551,,
200403081,D000551,,
200403411,D000551,,
200404059,D000551,,
200404654,D000551,,
200411002,D000551,,
200411068,D000551,,
200706243,D000551,,
201207574,D000551,,
201304805,D000551,,
201307778,D000551,,
201309263,D000551,,
201402560,D000551,,
201403880,D000551,,
201405076,D000551,,
201405612,D000551,,
201405731,D000551,,
201405910,D000551,1.0,mg
201501605,D000551,,
201501855,D000551,,
201507400,D000551,,
201600378,D000551,,
201602766,D000551,,
201603801,D000551,,
201604367,D000551,,
201707938,D000551,,
201708570,D000551,,
201900294,D000551,,
201901337,D000551,,
201901882,D000551,,
201902574,D000551,,
201902897,D000551,,
201905835,D000551,,
201908092,D000551,,
202000689,D000551,1.0,mg
202003574,D000551,,
200300392,D000156,,
200302456,D000156,,
200401089,D000156,,
200404656,D000156,,
200411028,D000156,,
200501211,D000156,,
201308303,D000156,10.0,mg
201308436,D000156,10.0,mg
201401681,D000156,,
201401730,D000156,10.0,mg
201402023,D000156,10.0,mg
201403496,D000156,,
201404492,D000156,,
201404704,D000156,,
201405449,D000156,,
201405615,D000156,,
201500650,D000156,,
201501382,D000156,,
201502349,D000156,,
201507473,D000156,,
201508231,D000156,,
201600925,D000156,10.0,mg
201602513,D000156,,
201602957,D000156,,
201605015,D000156,,
201701233,D000156,,
201706133,D000156,,
201706846,D000156,,
201707062,D000156,,
201707295,D000156,10.0,mg
201707324,D000156,,
201708419,D000156,10.0,mg
201708450,D000156,,
201708494,D000156,,
201801224,D000156,,
201802900,D000156,,
201900851,D000156,,
201901448,D000156,20.0,mg
201901452,D000156,20.0,mg
201901455,D000156,20.0,mg
201901456,D000156,20.0,mg
201901457,D000156,20.0,mg
201901458,D000156,20.0,mg
201901642,D000156,10.0,mg
201901880,D000156,,
201901940,D000156,20.0,mg
201903861,D000156,20.0,mg
201904198,D000156,10.0,mg
201904545,D000156,10.0,mg
201904675,D000156,10.0,mg
201905583,D000156,10.0,mg
201906339,D000156,10.0,mg
201906510,D000156,10.0,mg
201907201,D000156,10.0,mg
201907372,D000156,10.0,mg
201907584,D000156,10.0,mg
201907824,D000156,10.0,mg
202000055,D000156,,
202001114,D000156,,
202001641,D000156,10.0,mg
202001881,D000156,,
202001925,D000156,,
202002810,D000156,10.0,mg
202003052,D000156,,
202003826,D000156,,
202303223,D000156,10.0,mg
200711440,D000160,5.0,mg
200711474,D000160,5.0,mg
200711587,D000160,5.0,mg
200801752,D000160,,
200801763,D000160,5.0,mg
200804777,D000160,5.0,mg
200804795,D000160,5.0,mg
200805124,D000160,5.0,mg
200805454,D000160,,
200805455,D000160,,
201205261,D000160,,
201205263,D000160,,
201400126,D000160,,
201400194,D000160,,
201501269,D000160,,
201801694,D000160,5.0,mg
201802179,D000511,5.0,mg
201906898,D000511,,
201103608,D000785,,
201104061,D000785,,
201104063,D000785,,
201104066,D000785,,
201707657,D000785,1.25,mg
202006679,D000785,1.25,mg
202006680,D000785,5.0,mg
202006681,D000785,2.5,mg
202501802,D000785,1.25,mg
202503343,D000785,5.0,mg
202503344,D000785,2.5,mg
199400114,D000370,25.0,mg
199800085,D000370,6.25,mg
199800086,D000370,12.5,mg
200003080,D000370,25.0,mg
200100175,D000370,,
200100858,D000370,25.0,mg
200101040,D000370,25.0,mg
200101634,D000370,,
200200071,D000370,25.0,mg
200200448,D000370,25.0,mg
200201408,D000370,,
200201883,D000370,,
200300800,D000370,25.0,mg
200301032,D000370,25.0,mg
200301045,D000370,25.0,mg
200301305,D000370,25.0,mg
200308578,D000370,25.0,mg
200400177,D000370,12.5,mg
200400300,D000370,,
200400565,D000370,,
200400683,D000370,,
200401062,D000370,,
200401359,D000370,,
200401742,D000370,,
200402352,D000370,12.5,mg
200402825,D000370,,
200402880,D000370,25.0,mg
200402952,D000370,,
200403405,D000370,,
200404060,D000370,,
200410892,D000370,,
200411009,D000370,,
200501395,D000370,,
200502087,D000370,,
200600352,D000370,12.5,mg
200701226,D000370,12.5,mg
200702191,D000370,12.5,mg
200702194,D000370,12.5,mg
200702195,D000370,12.5,mg
200702199,D000370,12.5,mg
200702200,D000370,12.5,mg
200702202,D000370,12.5,mg
200702521,D000370,12.5,mg
200705095,D000370,12.5,mg
201104026,D000370,3.125,mg
201200186,D000370,6.25,mg
201206939,D000370,,
201302990,D000370,,
201306136,D000370,25.0,mg
201404423,D000370,64.0,mg
201404424,D000370,8.0,mg
201404425,D000370,16.0,mg
201404426,D000370,32.0,mg
201603872,D000370,12.5,mg
201603873,D000370,25.0,mg
201604129,D000370,,
201803166,D000370,,
201804867,D000370,25.0,mg
201804868,D000370,12.5,mg
201805113,D000370,12.5,mg
201805114,D000370,25.0,mg
201805247,D000370,12.5,mg
201805248,D000370,25.0,mg
201904336,D000370,6.25,mg
201905306,D000370,12.5,mg
201905369,D000370,12.5,mg
201905581,D000370,25.0,mg
201905582,D000370,12.5,mg
201905686,D000370,25.0,mg
201905899,D000370,25.0,mg
201905923,D000370,25.0,mg
201907207,D000370,12.5,mg
201907208,D000370,25.0,mg
201907723,D000370,,
201908436,D000370,12.5,mg
201306561,D000625,,
198501401,D000433,5.0,mg
201309567,D000433,5.0,mg
201310076,D000433,2.5,mg
201405252,D000433,5.0,mg
201505056,D000433,2.5,mg
201701107,D000433,2.5,mg
201908280,D000433,5.0,mg
202302935,D000433,2.5,mg
202400227,D000433,,
202401973,D000433,5.0,mg
202401974,D000433,2.5,mg
202402005,D000433,5.0,mg
202501377,D000433,,
202501471,D000433,,
202501605,D000433,5.0,mg
202502909,D000433,2.5,mg
202503416,D000433,5.0,mg
202600392,D000433,5.0,mg
202600459,D000433,5.0,mg
202600513,D000433,,
202600590,D000433,5.0,mg
202600618,D000433,2.5,mg
202602440,D000433,2.5,mg
200400113,D000152,,
200400215,D000152,,
200400508,D000152,5.0,mg
200400509,D000152,2.5,mg
200400511,D000152,5.0,mg
200400528,D000152,,
200401548,D000152,5.0,mg
200402637,D000152,5.0,mg
200403296,D000152,,
200500097,D000152,,
200500195,D000152,,
200500238,D000152,,
200500253,D000152,,
200500454,D000152,,
200500676,D000152,,
200500748,D000152,,
200500809,D000152,,
200501065,D000152,,
200501348,D000152,,
200501558,D000152,,
200501605,D000152,,
200501811,D000152,,
200502010,D000152,,
200502039,D000152,,
200503238,D000152,,
200600054,D000152,,
200600460,D000152,,
200600723,D000152,,
200604199,D000152,,
200606960,D000152,,
200610660,D000152,,
200611316,D000152,,
200700437,D000152,,
200700439,D000152,5.0,mg
200700441,D000152,,
200700600,D000152,,
200700603,D000152,5.0,mg
200700835,D000152,,
200704764,D000152,,
200704765,D000152,,
200704766,D000152,,
200704767,D000152,5.0,mg
200707752,D000152,,
200711535,D000152,5.0,mg
200711589,D000152,,
200712009,D000152,,
200802392,D000152,,
200802393,D000152,5.0,mg
200806021,D000152,,
200806194,D000152,,
200808340,D000152,5.0,mg
200811406,D000152,10.0,mg
200909484,D000152,10.0,mg
201001950,D000152,10.0,mg
201002280,D000152,5.0,mg
201007568,D000152,10.0,mg
201103324,D000152,5.0,mg
201103762,D000152,10.0,mg
201200216,D000152,10.0,mg
201206849,D000152,5.0,mg
201207310,D000152,,
201208434,D000152,,
201306045,D000152,,
201306364,D000152,,
201306385,D000152,,
201307927,D000152,5.0,mg
201308178,D000152,,
201308451,D000152,,
201309348,D000152,,
201309994,D000152,,
201310920,D000152,5.0,mg
201400501,D000152,,
201400828,D000152,,
201402682,D000152,,
201402866,D000152,5.0,mg
201402936,D000152,5.0,mg
201403026,D000152,10.0,mg
201403040,D000152,,
201403176,D000152,5.0,mg
201403177,D000152,10.0,mg
201403833,D000152,5.0,mg
201403874,D000152,,
201403980,D000152,5.0,mg
201404016,D000152,5.0,mg
201404247,D000152,,
201404454,D000152,5.0,mg
201404686,D000152,,
201405382,D000152,,
201405857,D000152,,
201406093,D000152,,
201406155,D000152,5.0,mg
201500483,D000152,5.0,mg
201504084,D000152,10.0,mg
201504178,D000152,5.0,mg
201504231,D000152,5.0,mg
201505007,D000152,5.0,mg
201505922,D000152,5.0,mg
201507806,D000152,,
201600437,D000152,,
201600842,D000152,5.0,mg
201601145,D000152,,
201602148,D000152,,
201603334,D000152,5.0,mg
201603335,D000152,10.0,mg
201603342,D000152,,
201603362,D000152,,
201603757,D000152,,
201603931,D000152,,
201606788,D000152,,
201607093,D000152,,
201700906,D000152,5.0,mg
201701619,D000152,5.0,mg
201704539,D000152,10.0,mg
201704541,D000152,5.0,mg
201706129,D000152,,
201706737,D000152,5.0,mg
201707860,D000152,,
201801839,D000152,5.0,mg
201802475,D000152,,
201804866,D000152,,
201900229,D000152,5.0,mg
201900679,D000152,5.0,mg
201900838,D000152,2.5,mg
201901603,D000152,5.0,mg
201902094,D000152,,
201902165,D000152,,
201902895,D000152,,
201903578,D000152,5.0,mg
201903636,D000152,,
201903788,D000152,,
201904231,D000152,5.0,mg
201904735,D000152,,
201904808,D000152,10.0,mg
201905298,D000152,5.0,mg
201905733,D000152,,
201906225,D000152,,
201907017,D000152,5.0,mg
202001038,D000152,,
202002271,D000152,2.5,mg
202601164,D000152,5.0,mg
202601165,D000152,10.0,mg
199802091,D000404,,
200202093,D000404,,
200202118,D000404,,
200300253,D000404,,
200400295,D000404,,
200400538,D000404,,
200402342,D000404,,
200402830,D000404,,
200402983,D000404,,
200403241,D000404,,
200403270,D000404,,
200403415,D000404,,
200404199,D000404,,
200500959,D000404,,
200501947,D000404,5.0,mg
200501997,D000404,,
200503731,D000404,,
201308457,D000404,5.0,mg
201308906,D000404,,
201403990,D000404,5.0,mg
201706825,D000404,5.0,mg
199500184,D000497,,
201101033,D000497,,
201504496,D000497,,
201700835,D000497,,
200511002,D000399,6.0,mg
200600544,D000399,4.0,mg
200600680,D000399,,
200600717,D000399,,
200904419,D000399,2.0,mg
200904420,D000399,4.0,mg
199101291,D000315,20.0,mg
199101298,D000315,10.0,mg
199803145,D000616,,
200500221,D000616,,
200500280,D000616,,
200500320,D000616,,
200500424,D000616,10.0,mg
200500482,D000616,,
200500659,D000616,,
200500694,D000616,,
200501239,D000616,10.0,mg
200501243,D000616,,
200501291,D000616,,
200502315,D000616,,
200502557,D000616,,
200502588,D000616,,
200503246,D000616,,
200512301,D000616,,
200805235,D000616,,
201803197,D000616,,
199801202,D000245,5.0,mg
199801203,D000245,10.0,mg
199300958,D000435,2.0,mg
199300959,D000435,4.0,mg
199300960,D000435,8.0,mg
200300266,D000435,,
200300916,D000435,4.0,mg
200300917,D000435,8.0,mg
200600082,D000435,8.0,mg
200907783,D000435,6.0,mg
201901134,D000435,2.0,mg
196000008,D000414,,
200302309,D000377,25.0,mg
202500118,D000377,25.0,mg
200000932,D000088,2.0,mg
200402566,D000088,2.0,mg
200402698,D000088,,
200402842,D000088,2.0,mg
200404719,D000088,2.0,mg
200500225,D000088,,
200501979,D000088,4.0,mg
200502216,D000088,4.0,mg
200612573,D000088,4.0,mg
201607198,D000088,2.0,mg
198100700,D000454,50.0,mg
198601273,D000454,50.0,mg
198801068,D000454,,
198900577,D000454,,
199100966,D000454,,
199400865,D000454,25.0,mg
199501939,D000454,,
199504318,D000454,25.0,mg
200301771,D000454,,
200401353,D000454,,
200402399,D000454,50.0,mg
200403223,D000454,,
200403255,D000454,50.0,mg
200403982,D000454,,
200404611,D000454,,
200404669,D000454,50.0,mg
201206305,D000454,,
201301654,D000454,25.0,mg
201601054,D000454,50.0,mg
201907423,D000454,,
198600903,D000436,,
199101531,D000436,10.0,mg
200002939,D000436,,
198600630,D000176,12.5,mg
198700705,D000176,25.0,mg
198800823,D000176,50.0,mg
199500320,D000176,,
199500322,D000176,,
199703362,D000176,,
199703532,D000176,,
199703533,D000176,50.0,mg
200402884,D000176,,
200804337,D000176,,
201403233,D000176,,
201504524,D000176,,
198800153,D000554,10.0,mg
198900125,D000554,5.0,mg
199000574,D000554,,
199001919,D000554,,
199100749,D000554,,
199200104,D000554,,
199301196,D000554,10.0,mg
199302812,D000554,,
199402362,D000554,,
199502167,D000554,10.0,mg
200003432,D000554,10.0,mg
200100264,D000554,10.0,mg
200110053,D000554,5.0,mg
200400613,D000554,,
200402607,D000554,,
200404610,D000554,,
200404866,D000554,,
199002095,D000528,10.0,mg
200710634,D000192,10.0,mg
200710635,D000192,5.0,mg
200500140,D000398,2.5,mg
200502436,D000398,,
200600028,D000398,,
199300654,D000652,2.5,mg
199300655,D000652,0.5,mg
199300660,D000652,1.0,mg
199701740,D000456,25.0,mg
200101731,D000456,50.0,mg
200401755,D000220,,
200401773,D000220,50.0,mg
200500111,D000220,50.0,mg
200500222,D000220,,
200500370,D000220,,
200500391,D000220,50.0,mg
200500474,D000220,,
200500483,D000220,50.0,mg
200500565,D000220,,
200500581,D000220,,
200500661,D000220,50.0,mg
200500820,D000220,50.0,mg
200500963,D000220,,
200501119,D000220,,
200501203,D000220,,
200501288,D000220,,
200501420,D000220,,
200501750,D000220,,
200501792,D000220,,
200501954,D000220,50.0,mg
200501955,D000220,,
200502026,D000220,,
200502119,D000220,,
200502156,D000220,100.0,mg
200502189,D000220,50.0,mg
200502194,D000220,100.0,mg
200502507,D000220,50.0,mg
200502633,D000220,50.0,mg
200502672,D000220,50.0,mg
200503200,D000220,,
200503652,D000220,,
200512244,D000220,50.0,mg
200600087,D000220,,
200600128,D000220,,
200600156,D000220,,
200600222,D000220,,
200600309,D000220,,
200600349,D000220,,
200600489,D000220,,
200600521,D000220,,
200600527,D000220,50.0,mg
200600688,D000220,,
200600718,D000220,,
200600827,D000220,50.0,mg
200604178,D000220,50.0,mg
200604282,D000220,,
200607653,D000220,,
200611097,D000220,,
200701405,D000220,50.0,mg
200701872,D000220,,
200702250,D000220,100.0,mg
200703082,D000220,50.0,mg
200703964,D000220,,
200708427,D000220,100.0,mg
200708590,D000220,100.0,mg
200711953,D000220,100.0,mg
200712759,D000220,,
200713685,D000220,100.0,mg
200802066,D000220,100.0,mg
200803211,D000220,100.0,mg
200803248,D000220,100.0,mg
200803249,D000220,100.0,mg
200803975,D000220,50.0,mg
200804090,D000220,100.0,mg
200805113,D000220,100.0,mg
200807253,D000220,50.0,mg
200807881,D000220,50.0,mg
200808078,D000220,50.0,mg
200810031,D000220,100.0,mg
200811814,D000220,,
201109188,D000220,100.0,mg
201306824,D000220,50.0,mg
201309020,D000220,50.0,mg
201309287,D000220,,
201309883,D000220,100.0,mg
201310778,D000220,,
201403084,D000220,100.0,mg
201403695,D000220,,
201404243,D000220,,
201501321,D000220,,
201501624,D000220,50.0,mg
201503323,D000220,,
201505005,D000220,50.0,mg
201507380,D000220,100.0,mg
201507875,D000220,50.0,mg
201507876,D000220,100.0,mg
201508481,D000220,50.0,mg
201601512,D000220,50.0,mg
201603009,D000220,50.0,mg
201603010,D000220,100.0,mg
201603792,D000220,100.0,mg
201704862,D000220,100.0,mg
201705799,D000220,100.0,mg
201900245,D000220,50.0,mg
201902149,D000220,100.0,mg
201902235,D000220,50.0,mg
201902543,D000220,,
201904185,D000220,100.0,mg
201904186,D000220,50.0,mg
201904187,D000220,100.0,mg
201904334,D000220,100.0,mg
201904613,D000220,,
201906117,D000220,50.0,mg
201906380,D000220,,
201906623,D000220,100.0,mg
201907288,D000220,50.0,mg
201907866,D000220,50.0,mg
201907867,D000220,100.0,mg
202000113,D000220,100.0,mg
202000343,D000220,,
202003304,D000220,,
202103090,D000220,25.0,mg
202503377,D000220,25.0,mg
200701725,D000046,150.0,mg
200701738,D000046,300.0,mg
200703851,D000046,,
200703852,D000046,150.0,mg
200800296,D000046,150.0,mg
200800336,D000046,,
200800338,D000046,150.0,mg
200800339,D000046,,
200808562,D000046,150.0,mg
200907798,D000046,150.0,mg
201101755,D000046,150.0,mg
201101756,D000046,300.0,mg
201101761,D000046,300.0,mg
201102328,D000046,150.0,mg
201102329,D000046,300.0,mg
201400013,D000046,300.0,mg
201400014,D000046,150.0,mg
201404443,D000046,300.0,mg
201707330,D000046,150.0,mg
199800723,D000273,16.0,mg
199800725,D000273,8.0,mg
200511255,D000273,32.0,mg
200807205,D000273,8.0,mg
200903974,D000273,16.0,mg
200905218,D000273,16.0,mg
200907782,D000273,16.0,mg
200907796,D000273,16.0,mg
200908348,D000273,8.0,mg
200908349,D000273,8.0,mg
200908367,D000273,16.0,mg
200909377,D000273,16.0,mg
201005235,D000273,8.0,mg
201007652,D000273,16.0,mg
201007750,D000273,32.0,mg
201100215,D000273,8.0,mg
201100216,D000273,16.0,mg
201100298,D000273,16.0,mg
201100299,D000273,8.0,mg
201101018,D000273,8.0,mg
201101757,D000273,16.0,mg
201101758,D000273,8.0,mg
201207587,D000273,16.0,mg
201401129,D000273,16.0,mg
201403335,D000273,8.0,mg
201403518,D000273,8.0,mg
201403519,D000273,16.0,mg
201500208,D000273,8.0,mg
201500209,D000273,16.0,mg
201506685,D000273,8.0,mg
201506686,D000273,16.0,mg
201704761,D000273,8.0,mg
201704762,D000273,16.0,mg
201706148,D000273,8.0,mg
201706149,D000273,16.0,mg
201706680,D000273,16.0,mg
201903456,D000273,8.0,mg
201903457,D000273,16.0,mg
201904229,D000273,8.0,mg
201904230,D000273,16.0,mg
201905790,D000273,8.0,mg
201905791,D000273,16.0,mg
201906419,D000273,8.0,mg
201906420,D000273,16.0,mg
201907938,D000273,16.0,mg
201907939,D000273,8.0,mg
202403022,D000273,32.0,mg
202500590,D000273,4.0,mg
199907012,D000485,40.0,mg
199907013,D000485,80.0,mg
200108691,D000485,40.0,mg
200108692,D000485,80.0,mg
201001683,D000485,40.0,mg
201001685,D000485,80.0,mg
201002449,D000485,80.0,mg
201002450,D000485,40.0,mg
201003094,D000485,80.0,mg
201003095,D000485,40.0,mg
201003096,D000485,80.0,mg
201003097,D000485,40.0,mg
201003154,D000485,40.0,mg
201003155,D000485,80.0,mg
201005025,D000485,80.0,mg
201005041,D000485,40.0,mg
201005236,D000485,40.0,mg
201006076,D000485,40.0,mg
201006077,D000485,80.0,mg
201107222,D000485,80.0,mg
201107223,D000485,40.0,mg
201110061,D000485,40.0,mg
201206741,D000485,40.0,mg
201206742,D000485,80.0,mg
201207572,D000485,80.0,mg
201209572,D000485,80.0,mg
201209573,D000485,40.0,mg
201209648,D000485,80.0,mg
201209664,D000485,80.0,mg
201209665,D000485,40.0,mg
201301695,D000485,80.0,mg
201305826,D000485,40.0,mg
201307248,D000485,40.0,mg
201309066,D000485,40.0,mg
201310949,D000485,40.0,mg
201403197,D000485,40.0,mg
201404184,D000485,40.0,mg
201404185,D000485,80.0,mg
201500978,D000485,40.0,mg
201501714,D000485,80.0,mg
201502262,D000485,40.0,mg
201502263,D000485,80.0,mg
201502987,D000485,40.0,mg
201505088,D000485,40.0,mg
201505903,D000485,80.0,mg
201505918,D000485,80.0,mg
201603226,D000485,40.0,mg
201603227,D000485,80.0,mg
201603838,D000485,40.0,mg
201603851,D000485,80.0,mg
201603949,D000485,80.0,mg
201603950,D000485,40.0,mg
201605171,D000485,40.0,mg
201605172,D000485,80.0,mg
201607284,D000485,40.0,mg
201607285,D000485,80.0,mg
201701087,D000485,80.0,mg
201701088,D000485,40.0,mg
201702216,D000485,80.0,mg
201800572,D000485,80.0,mg
201800785,D000485,40.0,mg
201800860,D000485,40.0,mg
201801336,D000485,80.0,mg
201801338,D000485,40.0,mg
201801391,D000485,80.0,mg
201803953,D000485,80.0,mg
201803954,D000485,40.0,mg
201804100,D000485,40.0,mg
201804101,D000485,80.0,mg
201804104,D000485,80.0,mg
201804105,D000485,40.0,mg
201804271,D000485,40.0,mg
201804330,D000485,80.0,mg
201804331,D000485,40.0,mg
201804852,D000485,80.0,mg
201804853,D000485,40.0,mg
201805064,D000485,40.0,mg
201805195,D000485,80.0,mg
201900102,D000485,40.0,mg
201901246,D000485,80.0,mg
201901247,D000485,40.0,mg
201901613,D000485,80.0,mg
201901614,D000485,40.0,mg
201901615,D000485,80.0,mg
201901726,D000485,40.0,mg
201901887,D000485,40.0,mg
201901888,D000485,80.0,mg
201902113,D000485,40.0,mg
201902114,D000485,80.0,mg
201902497,D000485,80.0,mg
201902498,D000485,40.0,mg
201902568,D000485,40.0,mg
201902569,D000485,80.0,mg
201902714,D000485,40.0,mg
201902715,D000485,80.0,mg
201903181,D000485,80.0,mg
201903182,D000485,40.0,mg
201903460,D000485,40.0,mg
201903461,D000485,80.0,mg
201904190,D000485,80.0,mg
201904191,D000485,40.0,mg
201904775,D000485,40.0,mg
201905330,D000485,40.0,mg
201905331,D000485,80.0,mg
201905415,D000485,40.0,mg
201905416,D000485,80.0,mg
201906188,D000485,80.0,mg
201906189,D000485,40.0,mg
201906333,D000485,40.0,mg
201906334,D000485,80.0,mg
201906393,D000485,40.0,mg
201906883,D000485,40.0,mg
201906884,D000485,80.0,mg
201907130,D000485,40.0,mg
201907169,D000485,80.0,mg
201907890,D000485,40.0,mg
201907891,D000485,80.0,mg
201908249,D000485,80.0,mg
201908250,D000485,40.0,mg
202000326,D000485,80.0,mg
202000419,D000485,80.0,mg
202000420,D000485,40.0,mg
202001377,D000485,40.0,mg
202002500,D000485,80.0,mg
202002501,D000485,40.0,mg
202003100,D000485,40.0,mg
202003174,D000485,80.0,mg
202006064,D000485,20.0,mg
202204326,D000485,80.0,mg
202301422,D000485,20.0,mg
202500041,D000485,80.0,mg
202500502,D000485,20.0,mg
202500867,D000485,20.0,mg
202501998,D000485,20.0,mg
202502552,D000485,40.0,mg
202601475,D000485,20.0,mg
202601807,D000485,20.0,mg
202602500,D000485,20.0,mg
201207542,D000624,30.0,mg
202402843,D000624,60.0,mg
202402844,D000624,30.0,mg
201005500,D000624,120.0,mg
201005501,D000624,60.0,mg
202402894,D000624,60.0,mg
202402895,D000624,30.0,mg
202402924,D000624,30.0,mg
202402925,D000624,60.0,mg
202402993,D000624,60.0,mg
202402994,D000624,30.0,mg
202501619,D000624,60.0,mg
202501620,D000624,30.0,mg
198401387,D000006,,
199304456,D000006,,
199403304,D000006,,
199704616,D000006,,
199704618,D000006,10.0,mg
199704619,D000006,30.0,mg
199704621,D000006,,
200210686,D000006,,
198401383,D000282,,
199403287,D000282,,
201302662,D000282,,
201302663,D000282,,
201306822,D000282,,
198802975,D000618,100.0,mg
199907280,D000106,,
198301310,D000411,,
198501814,D000411,,
198902794,D000592,0.25,mg
198902801,D000592,0.125,mg
198902802,D000592,0.25,mg
201605409,D000592,0.125,mg
200009363,D000007,,
200109947,D000007,,
200109948,D000007,15.0,mg
200610867,D000007,,
200610874,D000007,1.0,mg
201107814,D000007,15.0,mg
201207122,D000007,,
202002585,D000007,15.0,mg
202002649,D000007,1.0,mg
200410861,D000271,10.0,mg
200512142,D000271,10.0,mg
200606261,D000271,,
200606262,D000271,,
200700634,D000271,10.0,mg
200700635,D000271,6.25,mg
200700636,D000271,12.5,mg
200710013,D000271,10.0,mg
201406022,D000271,10.0,mg
201501813,D000271,5.0,mg
201606485,D000271,5.0,mg
201701569,D000271,10.0,mg
201701570,D000271,5.0,mg
201800563,D000271,10.0,mg
202402908,D000271,10.0,mg
198301052,D000468,25.0,mg
198301054,D000468,,
198400314,D000468,,
198500424,D000468,,
199101918,D000468,,
199300066,D000468,,
199701555,D000468,25.0,mg
199903361,D000468,10.0,mg
200300122,D000468,25.0,mg
198601875,D000097,,
199403310,D000097,,
199604972,D000097,,
199704613,D000097,,
200410834,D000097,,
200605327,D000097,,
200605328,D000097,,
200605329,D000097,,
200605330,D000097,,
200805994,D000097,,
201200585,D000097,,
201300115,D000097,,
201307775,D000097,,
201307940,D000097,,
201307941,D000097,,
201307942,D000097,,
201307943,D000097,,
201400641,D000097,,
201400642,D000097,,
201400643,D000097,,
201504512,D000097,,
201506803,D000097,100.0,mcg
201508432,D000097,,
201601706,D000097,,
201601707,D000097,,
201601708,D000097,,
201601710,D000097,,
201707583,D000097,,
201804098,D000097,,
201804456,D000097,,
202000148,D000097,,
202000149,D000097,,
202004529,D000097,,
202004965,D000097,,
202100400,D000097,,
202601936,D000097,,
200009386,D000356,10.0,mg
200009387,D000356,20.0,mg
200009388,D000356,40.0,mg
200109958,D000356,5.0,mg
200210687,D000356,5.0,mg
200902333,D000356,80.0,mg
200902334,D000356,10.0,mg
201103944,D000356,5.0,mg
201200682,D000356,10.0,mg
201306040,D000356,20.0,mg
201307450,D000356,10.0,mg
201307451,D000356,20.0,mg
201400848,D000356,40.0,mg
201405885,D000356,20.0,mg
201604156,D000356,40.0,mg
201604157,D000356,10.0,mg
201604319,D000356,40.0,mg
201604320,D000356,10.0,mg
201605077,D000356,10.0,mg
201706519,D000356,10.0,mg
202005937,D000356,20.0,mg
202602182,D000356,40.0,mg
199701960,D000197,10.0,mg
199703528,D000197,,
199703529,D000197,20.0,mg
199801089,D000197,5.0,mg
199803897,D000197,10.0,mg
200400999,D000197,40.0,mg
200401599,D000197,20.0,mg
200502319,D000197,,
200804781,D000197,10.0,mg
200908970,D000197,,
201307442,D000197,10.0,mg
201309271,D000197,10.0,mg
201310556,D000197,5.0,mg
201504227,D000197,30.0,mg
201604637,D000197,,
201803210,D000197,20.0,mg
202501260,D000197,40.0,mg
199100164,D000496,,
199100165,D000496,,
199301653,D000496,,
199301655,D000496,,
199502137,D000496,,
200401662,D000496,,
200403910,D000496,,
200202793,D000752,,
199400989,D000329,,
199400991,D000329,40.0,mg
199400992,D000329,80.0,mg
198100012,D000818,,
198600058,D000818,90.0,mg
198700733,D000818,30.0,mg
199302859,D000818,90.0,mg
200800064,D000818,30.0,mg
202204282,D000818,90.0,mg
198500616,D000584,100.0,mg
198500636,D000584,50.0,mg
199000979,D000584,200.0,mg
199203520,D000584,100.0,mg
200001433,D000792,25.0,mg
200001454,D000792,50.0,mg
200001456,D000792,100.0,mg
198500622,D000781,4.0,mg
199600631,D000781,,
198100257,D000113,1.5,mg
198200323,D000113,5.0,mg
198301325,D000113,,
198400475,D000113,10.0,mg
198500617,D000113,10.0,mg
198500618,D000113,1.5,mg
198500625,D000113,3.0,mg
198500632,D000113,5.0,mg
198500715,D000113,3.0,mg
198700673,D000113,,
198900927,D000113,20.0,mg
198902844,D000113,20.0,mg
199304188,D000113,,
197600629,D000276,10.0,mg
200808004,D000357,10.0,mg
200809388,D000357,5.0,mg
200810513,D000357,10.0,mg
200903065,D000357,10.0,mg
200903067,D000357,5.0,mg
200903078,D000357,2.5,mg
200907811,D000357,5.0,mg
200907819,D000357,10.0,mg
200909126,D000357,5.0,mg
201002395,D000357,10.0,mg
201002396,D000357,2.5,mg
201002996,D000357,10.0,mg
201004538,D000357,10.0,mg
201006442,D000357,2.5,mg
201006443,D000357,5.0,mg
201007233,D000357,5.0,mg
201007234,D000357,2.5,mg
201007770,D000357,5.0,mg
201101116,D000357,10.0,mg
201101853,D000357,10.0,mg
201102619,D000357,2.5,mg
201102755,D000357,5.0,mg
201109301,D000357,5.0,mg
201500444,D000357,10.0,mg
201500445,D000357,5.0,mg
201507717,D000357,10.0,mg
201507718,D000357,5.0,mg
201507719,D000357,2.5,mg
201507969,D000357,15.0,mg
201507984,D000357,2.5,mg
201507985,D000357,5.0,mg
201507986,D000357,10.0,mg
201600803,D000357,2.5,mg
201600804,D000357,5.0,mg
201600805,D000357,10.0,mg
201600806,D000357,20.0,mg
202203601,D000357,5.0,mg
202400667,D000357,2.5,mg
202400668,D000357,5.0,mg
202400669,D000357,10.0,mg
202400728,D000357,5.0,mg
202400729,D000357,10.0,mg
202402585,D000357,2.5,mg
202501982,D000357,2.5,mg
199801193,D000728,200.0,mg
200201029,D000422,2.0,mg
200300918,D000422,2.0,mg
200300984,D000422,1.0,mg
200400317,D000422,2.0,mg
200401254,D000422,1.0,mg
200401324,D000422,0.5,mg
200403822,D000422,,
200501163,D000422,3.0,mg
200600079,D000422,1.0,mg
200600248,D000422,0.5,mg
200600344,D000422,1.0,mg
200702255,D000422,3.0,mg
200711206,D000422,2.0,mg
200909125,D000422,1.0,mg
201110509,D000422,3.0,mg
201200211,D000422,2.0,mg
201200277,D000422,1.0,mg
201402734,D000422,2.0,mg
201403450,D000422,25.0,mg
201404258,D000422,1.0,mg
201404520,D000422,2.0,mg
201404526,D000422,3.0,mg
201405106,D000422,0.5,mg
201500111,D000422,1.0,mg
201504182,D000422,2.0,mg
201701456,D000422,1.0,mg
201701458,D000422,2.0,mg
201707616,D000422,3.0,mg
201707617,D000422,1.0,mg
201707618,D000422,2.0,mg
201801664,D000422,0.5,mg
201801838,D000422,1.0,mg
201901240,D000422,2.0,mg
201901241,D000422,1.0,mg
201906426,D000422,1.0,mg
201906427,D000422,2.0,mg
201908361,D000422,1.0,mg
201908408,D000422,2.0,mg
202002352,D000422,1.0,mg
202002353,D000422,2.0,mg
202003053,D000422,0.5,mg
202004471,D000422,0.5,mg
202004474,D000422,3.0,mg
202102655,D000422,3.0,mg
202102656,D000422,2.0,mg
202102657,D000422,1.0,mg
202102658,D000422,0.5,mg
201004688,D000491,39.0,mg
201004689,D000491,78.0,mg
201004690,D000491,117.0,mg
201004691,D000491,156.0,mg
201004692,D000491,234.0,mg
201603750,D000491,,
201707658,D000491,9.0,mg
201707659,D000491,3.0,mg
201707660,D000491,6.0,mg
202000409,D000491,9.0,mg
202000410,D000491,3.0,mg
202000411,D000491,6.0,mg
202203639,D000491,,
197700525,D000090,2.0,mg
197700535,D000090,,
197700536,D000090,,
197900546,D000090,,
198501811,D000090,2.0,mg
198501812,D000090,5.0,mg
198501813,D000090,10.0,mg
200700501,D000090,,
198100697,D000056,10.0,mg
199203463,D000056,5.0,mg
199604962,D000133,3.0,mg
200308540,D000133,,
198100698,D000378,,
198100711,D000378,,
200109979,D000378,,
200109980,D000378,10.0,mg
198702202,D000660,0.5,mg
198702203,D000660,0.25,mg
198702209,D000660,0.25,mg
198702210,D000660,0.5,mg
198702211,D000660,1.0,mg
198802985,D000660,0.5,mg
198802986,D000660,0.25,mg
199203462,D000660,0.4,mg
199203480,D000660,,
199203482,D000660,,
199304455,D000660,0.4,mg
199604965,D000660,0.25,mg
200109957,D000660,0.25,mg
200410831,D000660,,
200410832,D000660,,
200410869,D000660,0.25,mg
200410870,D000660,0.5,mg
200512184,D000660,0.25,mg
200803405,D000660,0.5,mg
201308678,D000660,0.25,mg
201308720,D000660,0.5,mg
201309193,D000660,0.4,mg
201405703,D000660,0.25,mg
201405704,D000660,0.5,mg
201803903,D000660,0.125,mg
202300713,D000660,0.25,mg
202300714,D000660,0.5,mg
202500558,D000660,0.5,mg
199002729,D000352,,
199002730,D000352,,
200610866,D000352,0.25,mg
198700706,D000540,5.0,mg
198700707,D000540,10.0,mg
199101080,D000540,10.0,mg
199101086,D000540,5.0,mg
199200144,D000540,,
199502224,D000540,5.0,mg
199502225,D000540,10.0,mg
199601167,D000540,,
200401818,D000540,5.0,mg
200908494,D000540,15.0,mg
201305827,D000540,,
201310756,D000540,5.0,mg
201404785,D000540,5.0,mg
201502816,D000540,5.0,mg
201704554,D000540,5.0,mg
201704555,D000540,10.0,mg
201705785,D000540,10.0,mg
201705786,D000540,5.0,mg
202000385,D000540,5.0,mg
202000386,D000540,10.0,mg
202106376,D000540,5.0,mg
202106424,D000540,10.0,mg
202106544,D000540,10.0,mg
202106545,D000540,5.0,mg
202200672,D000540,5.0,mg
202200673,D000540,10.0,mg
198200325,D000362,25.0,mg
198500628,D000362,,
198900901,D000277,10.0,mg
198900902,D000277,25.0,mg
198900993,D000277,25.0,mg
201310841,D000501,6.0,mg
201310842,D000501,3.0,mg
201604510,D000501,6.0,mg
201604511,D000501,3.0,mg
202301840,D000501,3.0,mg
202301841,D000501,6.0,mg
199701295,D000516,20.0,mg
199801099,D000516,,
199801263,D000516,20.0,mg
199802096,D000516,,
199901556,D000516,,
200100714,D000516,,
200201028,D000516,10.0,mg
200202781,D000516,,
200300905,D000516,10.0,mg
200301251,D000516,,
200301457,D000516,,
200301925,D000516,,
200302575,D000516,,
200400581,D000516,,
200400652,D000516,20.0,mg
200400804,D000516,,
200400952,D000516,,
200401412,D000516,,
200401722,D000516,20.0,mg
200401879,D000516,,
200401889,D000516,,
200402134,D000516,,
200402293,D000516,,
200402466,D000516,20.0,mg
200403086,D000516,,
200403185,D000516,,
200404055,D000516,,
200411064,D000516,,
200500416,D000516,,
200500622,D000516,10.0,mg
200501046,D000516,,
200502251,D000516,10.0,mg
200502252,D000516,20.0,mg
200502770,D000516,10.0,mg
200503063,D000516,20.0,mg
200604358,D000516,,
200608206,D000516,,
200611019,D000516,20.0,mg
200611319,D000516,10.0,mg
200700022,D000516,10.0,mg
200701231,D000516,20.0,mg
200808211,D000516,,
200808226,D000516,,
201112304,D000516,10.0,mg
201307079,D000516,10.0,mg
201308437,D000516,20.0,mg
201309539,D000516,10.0,mg
201310001,D000516,20.0,mg
201404038,D000516,20.0,mg
201404233,D000516,,
201405001,D000516,,
201405194,D000516,10.0,mg
201405195,D000516,20.0,mg
201500247,D000516,10.0,mg
201500735,D000516,10.0,mg
201503320,D000516,10.0,mg
201508441,D000516,10.0,mg
201603876,D000516,,
201604434,D000516,20.0,mg
201708635,D000516,20.0,mg
201801734,D000516,,
201801864,D000516,20.0,mg
201802049,D000516,,
201802257,D000516,10.0,mg
201802271,D000516,10.0,mg
201802296,D000516,20.0,mg
201803003,D000516,20.0,mg
201803155,D000516,10.0,mg
201804348,D000516,20.0,mg
201805118,D000516,10.0,mg
201805198,D000516,,
201901937,D000516,10.0,mg
201902843,D000516,10.0,mg
201903001,D000516,20.0,mg
201903389,D000516,10.0,mg
201903390,D000516,20.0,mg
201903548,D000516,10.0,mg
201906904,D000516,20.0,mg
201907012,D000516,10.0,mg
201907013,D000516,20.0,mg
201907731,D000516,20.0,mg
201907732,D000516,10.0,mg
201908103,D000516,10.0,mg
201908289,D000516,20.0,mg
202000390,D000516,10.0,mg
202000391,D000516,20.0,mg
202002822,D000516,20.0,mg
202004021,D000516,10.0,mg
202004022,D000516,20.0,mg
202009262,D000516,10.0,mg
202102809,D000516,20.0,mg
202104396,D000516,10.0,mg
202104514,D000516,10.0,mg
202105363,D000516,10.0,mg
202105840,D000516,10.0,mg
202105841,D000516,20.0,mg
202106027,D000516,10.0,mg
202106028,D000516,20.0,mg
202106252,D000516,10.0,mg
202106353,D000516,20.0,mg
202106354,D000516,10.0,mg
202106361,D000516,,
202106605,D000516,20.0,mg
202107002,D000516,10.0,mg
202107037,D000516,10.0,mg
202107104,D000516,10.0,mg
202107182,D000516,10.0,mg
202200244,D000516,,
199701054,D000438,,
198300096,D000186,,
200301062,D000186,,
200600315,D000186,,
197500541,D000731,,
199402364,D000731,,
199701668,D000731,50.0,mg
199703370,D000731,25.0,mg
200409929,D000731,,
201403761,D000731,,
202302921,D000731,25.0,mg
197400040,D000799,10.0,mg
197600046,D000799,40.0,mg
198100091,D000799,40.0,mg
199701294,D000419,,
199904161,D000419,,
200402848,D000419,,
199000074,D000305,5.0,mg
199300175,D000305,10.0,mg
200100914,D000305,10.0,mg
200200143,D000305,20.0,mg
200200723,D000305,,
200300660,D000305,,
200301046,D000305,,
200400922,D000305,,
200403244,D000305,,
200403773,D000305,,
200705082,D000305,40.0,mg
200705083,D000305,20.0,mg
200705319,D000305,40.0,mg
201105270,D000305,40.0,mg
200108760,D000306,,
200210097,D000219,10.0,mg
200410326,D000219,20.0,mg
200511256,D000219,5.0,mg
200810870,D000219,10.0,mg
200900690,D000219,10.0,mg
200900691,D000219,10.0,mg
201000963,D000219,20.0,mg
201000966,D000219,,
201000967,D000219,10.0,mg
201000968,D000219,10.0,mg
201000969,D000219,20.0,mg
201000970,D000219,20.0,mg
201000972,D000219,10.0,mg
201000973,D000219,10.0,mg
201000974,D000219,20.0,mg
201000975,D000219,5.0,mg
201000976,D000219,10.0,mg
201000977,D000219,10.0,mg
201000978,D000219,10.0,mg
201000979,D000219,20.0,mg
201000980,D000219,20.0,mg
201000981,D000219,10.0,mg
201000982,D000219,5.0,mg
201000983,D000219,20.0,mg
201000984,D000219,10.0,mg
201000985,D000219,10.0,mg
201000986,D000219,10.0,mg
201000988,D000219,10.0,mg
201000989,D000219,10.0,mg
201000991,D000219,10.0,mg
201000993,D000219,20.0,mg
201000994,D000219,10.0,mg
201000999,D000219,20.0,mg
201001000,D000219,10.0,mg
201001001,D000219,10.0,mg
201001002,D000219,10.0,mg
201001003,D000219,5.0,mg
201001004,D000219,10.0,mg
201001005,D000219,20.0,mg
201001006,D000219,20.0,mg
201001007,D000219,5.0,mg
201001008,D000219,10.0,mg
201001009,D000219,20.0,mg
201001010,D000219,5.0,mg
201001011,D000219,10.0,mg
201001012,D000219,10.0,mg
201001013,D000219,10.0,mg
201001014,D000219,10.0,mg
201001026,D000219,10.0,mg
201001029,D000219,10.0,mg
201001030,D000219,20.0,mg
201001041,D000219,5.0,mg
201003713,D000219,5.0,mg
201003714,D000219,20.0,mg
201005762,D000219,10.0,mg
201005763,D000219,10.0,mg
201007499,D000219,10.0,mg
201310588,D000219,5.0,mg
201310589,D000219,10.0,mg
201310590,D000219,20.0,mg
201310819,D000219,5.0,mg
201310979,D000219,10.0,mg
201310980,D000219,20.0,mg
201400004,D000219,20.0,mg
201400005,D000219,10.0,mg
201400102,D000219,10.0,mg
201400111,D000219,20.0,mg
201400112,D000219,5.0,mg
201400123,D000219,5.0,mg
201400124,D000219,20.0,mg
201400154,D000219,10.0,mg
201400155,D000219,20.0,mg
201400286,D000219,5.0,mg
201400287,D000219,10.0,mg
201400288,D000219,20.0,mg
201400289,D000219,5.0,mg
201400290,D000219,20.0,mg
201400352,D000219,10.0,mg
201400370,D000219,20.0,mg
201400371,D000219,10.0,mg
201400379,D000219,10.0,mg
201400380,D000219,20.0,mg
201400382,D000219,10.0,mg
201400383,D000219,5.0,mg
201400385,D000219,5.0,mg
201400386,D000219,10.0,mg
201400387,D000219,20.0,mg
201400388,D000219,20.0,mg
201400389,D000219,10.0,mg
201400401,D000219,20.0,mg
201400402,D000219,10.0,mg
201400409,D000219,10.0,mg
201400410,D000219,5.0,mg
201400411,D000219,20.0,mg
201400412,D000219,20.0,mg
201400413,D000219,10.0,mg
201400414,D000219,20.0,mg
201400415,D000219,5.0,mg
201400419,D000219,20.0,mg
201400423,D000219,5.0,mg
201400429,D000219,5.0,mg
201400432,D000219,5.0,mg
201400433,D000219,20.0,mg
201400434,D000219,10.0,mg
201400435,D000219,5.0,mg
201400451,D000219,5.0,mg
201400452,D000219,20.0,mg
201400605,D000219,10.0,mg
201400757,D000219,10.0,mg
201400839,D000219,10.0,mg
201400840,D000219,20.0,mg
201400918,D000219,10.0,mg
201400970,D000219,10.0,mg
201401264,D000219,10.0,mg
201401265,D000219,5.0,mg
201401266,D000219,20.0,mg
201401487,D000219,20.0,mg
201401680,D000219,5.0,mg
201401921,D000219,10.0,mg
201402641,D000219,20.0,mg
201402642,D000219,5.0,mg
201402893,D000219,5.0,mg
201403173,D000219,10.0,mg
201403200,D000219,10.0,mg
201403434,D000219,10.0,mg
201403469,D000219,20.0,mg
201403492,D000219,10.0,mg
201403493,D000219,20.0,mg
201403561,D000219,5.0,mg
201403881,D000219,5.0,mg
201403882,D000219,10.0,mg
201403883,D000219,20.0,mg
201403910,D000219,5.0,mg
201404014,D000219,10.0,mg
201404015,D000219,20.0,mg
201404019,D000219,10.0,mg
201404134,D000219,,
201404145,D000219,,
201404241,D000219,5.0,mg
201404672,D000219,10.0,mg
201404848,D000219,10.0,mg
201404928,D000219,5.0,mg
201404929,D000219,10.0,mg
201404930,D000219,20.0,mg
201405004,D000219,20.0,mg
201405050,D000219,5.0,mg
201405051,D000219,10.0,mg
201405052,D000219,20.0,mg
201405074,D000219,5.0,mg
201405077,D000219,20.0,mg
201405101,D000219,20.0,mg
201405416,D000219,10.0,mg
201405588,D000219,20.0,mg
201405613,D000219,20.0,mg
201405753,D000219,5.0,mg
201405754,D000219,20.0,mg
201405844,D000219,20.0,mg
201405853,D000219,5.0,mg
201500672,D000219,5.0,mg
201501555,D000219,20.0,mg
201501556,D000219,10.0,mg
201501569,D000219,20.0,mg
201501709,D000219,20.0,mg
201501710,D000219,10.0,mg
201501711,D000219,5.0,mg
201501810,D000219,10.0,mg
201501811,D000219,5.0,mg
201502366,D000219,10.0,mg
201502564,D000219,5.0,mg
201502973,D000219,5.0,mg
201502974,D000219,10.0,mg
201503218,D000219,5.0,mg
201503219,D000219,10.0,mg
201503865,D000219,20.0,mg
201504162,D000219,20.0,mg
201504202,D000219,10.0,mg
201504203,D000219,20.0,mg
201505162,D000219,10.0,mg
201505163,D000219,20.0,mg
201506639,D000219,20.0,mg
201506829,D000219,5.0,mg
201506830,D000219,10.0,mg
201506856,D000219,10.0,mg
201507399,D000219,5.0,mg
201507896,D000219,5.0,mg
201507897,D000219,10.0,mg
201507898,D000219,20.0,mg
201508189,D000219,10.0,mg
201508211,D000219,5.0,mg
201508442,D000219,10.0,mg
201601552,D000219,5.0,mg
201601553,D000219,20.0,mg
201601638,D000219,20.0,mg
201601698,D000219,5.0,mg
201602318,D000219,10.0,mg
201602574,D000219,20.0,mg
201602575,D000219,10.0,mg
201602576,D000219,5.0,mg
201602996,D000219,20.0,mg
201603368,D000219,5.0,mg
201603369,D000219,10.0,mg
201603370,D000219,20.0,mg
201603462,D000219,5.0,mg
201603489,D000219,10.0,mg
201603490,D000219,5.0,mg
201603585,D000219,10.0,mg
201603594,D000219,20.0,mg
201603595,D000219,10.0,mg
201603663,D000219,10.0,mg
201603805,D000219,5.0,mg
201603999,D000219,,
201604058,D000219,5.0,mg
201604059,D000219,10.0,mg
201604060,D000219,20.0,mg
201604100,D000219,5.0,mg
201604209,D000219,5.0,mg
201605331,D000219,5.0,mg
201607041,D000219,5.0,mg
201607042,D000219,10.0,mg
201607043,D000219,20.0,mg
201700504,D000219,10.0,mg
201700505,D000219,20.0,mg
201700506,D000219,5.0,mg
201701549,D000219,10.0,mg
201702134,D000219,5.0,mg
201702135,D000219,20.0,mg
201702136,D000219,5.0,mg
201702526,D000219,20.0,mg
201702527,D000219,5.0,mg
201702528,D000219,10.0,mg
201702789,D000219,5.0,mg
201704835,D000219,5.0,mg
201706842,D000219,5.0,mg
201707146,D000219,5.0,mg
201707147,D000219,20.0,mg
201707148,D000219,10.0,mg
201707534,D000219,20.0,mg
201707535,D000219,5.0,mg
201707673,D000219,5.0,mg
201707674,D000219,10.0,mg
201707675,D000219,20.0,mg
201800670,D000219,20.0,mg
201800813,D000219,5.0,mg
201801342,D000219,5.0,mg
201802673,D000219,5.0,mg
201802674,D000219,10.0,mg
201803054,D000219,10.0,mg
201803162,D000219,5.0,mg
201803165,D000219,10.0,mg
201803838,D000219,10.0,mg
201804174,D000219,5.0,mg
201804175,D000219,20.0,mg
201804841,D000219,20.0,mg
201804898,D000219,10.0,mg
201804899,D000219,20.0,mg
201900331,D000219,5.0,mg
201900332,D000219,10.0,mg
201900333,D000219,20.0,mg
201900602,D000219,10.0,mg
201901008,D000219,5.0,mg
201901009,D000219,20.0,mg
201901250,D000219,5.0,mg
201901569,D000219,10.0,mg
201901570,D000219,5.0,mg
201903039,D000219,20.0,mg
201903080,D000219,10.0,mg
201903083,D000219,5.0,mg
201903289,D000219,10.0,mg
201903719,D000219,5.0,mg
201903848,D000219,20.0,mg
201903849,D000219,10.0,mg
201903850,D000219,5.0,mg
201904445,D000219,5.0,mg
201904447,D000219,10.0,mg
201904448,D000219,20.0,mg
201904550,D000219,5.0,mg
201904551,D000219,10.0,mg
201904552,D000219,20.0,mg
201904801,D000219,20.0,mg
201905441,D000219,5.0,mg
201905537,D000219,20.0,mg
201905604,D000219,20.0,mg
201905855,D000219,5.0,mg
201905929,D000219,10.0,mg
201906242,D000219,5.0,mg
201906517,D000219,5.0,mg
201906545,D000219,5.0,mg
201906577,D000219,20.0,mg
201906578,D000219,10.0,mg
201906579,D000219,5.0,mg
201906607,D000219,10.0,mg
201906608,D000219,5.0,mg
201906848,D000219,20.0,mg
201906849,D000219,10.0,mg
201906882,D000219,5.0,mg
201906900,D000219,10.0,mg
201906901,D000219,5.0,mg
201908080,D000219,5.0,mg
201908151,D000219,5.0,mg
201908152,D000219,20.0,mg
201908153,D000219,10.0,mg
201908417,D000219,10.0,mg
201908546,D000219,5.0,mg
202000540,D000219,5.0,mg
202000554,D000219,10.0,mg
202000555,D000219,5.0,mg
202000660,D000219,20.0,mg
202000698,D000219,5.0,mg
202001508,D000219,20.0,mg
202002281,D000219,20.0,mg
202002282,D000219,5.0,mg
202002283,D000219,10.0,mg
202002303,D000219,5.0,mg
202002664,D000219,10.0,mg
202002665,D000219,5.0,mg
202002666,D000219,20.0,mg
202002683,D000219,5.0,mg
202003216,D000219,10.0,mg
202003263,D000219,20.0,mg
202003604,D000219,20.0,mg
202003845,D000219,10.0,mg
202005179,D000219,5.0,mg
202005250,D000219,5.0,mg
202105987,D000219,2.5,mg
202106979,D000219,5.0,mg
202106980,D000219,10.0,mg
202106981,D000219,20.0,mg
202107780,D000219,5.0,mg
202107781,D000219,10.0,mg
202107782,D000219,20.0,mg
202107839,D000219,5.0,mg
202107840,D000219,20.0,mg
202107841,D000219,10.0,mg
202202878,D000219,2.5,mg
202300974,D000219,2.5,mg
202301094,D000219,2.5,mg
202301248,D000219,2.5,mg
202302170,D000219,2.5,mg
202400207,D000219,2.5,mg
202401298,D000219,2.5,mg
202401442,D000219,2.5,mg
202401796,D000219,2.5,mg
202402817,D000219,2.5,mg
202501436,D000219,2.5,mg
202600097,D000219,2.5,mg
202601815,D000219,2.5,mg
201103415,D000518,2.0,mg
201103416,D000518,,
201103419,D000518,,
201103421,D000518,2.0,mg
201103422,D000518,2.0,mg
201103424,D000518,2.0,mg
201103425,D000518,2.0,mg
201103466,D000518,2.0,mg
201103469,D000518,,
201103472,D000518,2.0,mg
201103562,D000518,2.0,mg
201103565,D000518,2.0,mg
201103617,D000518,2.0,mg
201208724,D000518,2.0,mg
201306451,D000518,2.0,mg
201308977,D000518,4.0,mg
201310714,D000518,4.0,mg
201500067,D000518,4.0,mg
201502462,D000518,2.0,mg
201601147,D000518,2.0,mg
201603044,D000518,2.0,mg
201603045,D000518,4.0,mg
201701318,D000518,2.0,mg
201802146,D000518,,
201901751,D000518,2.0,mg
201907609,D000518,4.0,mg
202003706,D000518,1.0,mg
202008230,D000518,4.0,mg
202100045,D000518,4.0,mg
202100246,D000518,4.0,mg
202105021,D000518,4.0,mg
202105022,D000518,1.0,mg
202105023,D000518,2.0,mg
202105501,D000518,1.0,mg
202200600,D000518,4.0,mg
202201915,D000518,4.0,mg
202202169,D000518,1.0,mg
202202466,D000518,1.0,mg
202601830,D000518,1.0,mg
198700443,D000070,,
198902559,D000514,,
198902560,D000514,,
198900576,D000137,,
199906869,D000137,,
199907319,D000137,2.5,mg
200209634,D000137,,
200607690,D000137,,
201003157,D000185,0.5,mg
201003158,D000185,1.0,mg
201003159,D000185,2.0,mg
201003160,D000185,0.5,mg
201003161,D000185,1.0,mg
201003162,D000185,2.0,mg
201003173,D000185,0.5,mg
201003174,D000185,1.0,mg
201003175,D000185,2.0,mg
201003179,D000185,0.5,mg
201003180,D000185,1.0,mg
201003181,D000185,2.0,mg
201003182,D000185,0.5,mg
201003183,D000185,1.0,mg
201003184,D000185,2.0,mg
201102547,D000185,0.5,mg
201102548,D000185,1.0,mg
201102549,D000185,2.0,mg
201110507,D000185,1.0,mg
201301608,D000185,2.0,mg
201301609,D000185,0.5,mg
201301610,D000185,1.0,mg
201306387,D000185,2.0,mg
201306388,D000185,1.0,mg
201306389,D000185,0.5,mg
201306390,D000185,2.0,mg
201306391,D000185,1.0,mg
201306392,D000185,0.5,mg
201306410,D000185,0.5,mg
201306411,D000185,1.0,mg
201306415,D000185,2.0,mg
201310337,D000185,0.5,mg
201310338,D000185,1.0,mg
201310339,D000185,2.0,mg
201403562,D000185,0.5,mg
201403563,D000185,1.0,mg
201403564,D000185,2.0,mg
201504261,D000185,0.5,mg
201504262,D000185,1.0,mg
201504263,D000185,2.0,mg
201506022,D000185,0.5,mg
201506023,D000185,1.0,mg
201506024,D000185,2.0,mg
201604726,D000185,2.0,mg
202001970,D000185,0.5,mg
202001971,D000185,1.0,mg
202001972,D000185,2.0,mg
195700013,D000155,,
197900575,D000448,,
200002987,D000448,,
200606830,D000448,,
201308659,D000448,,
199601085,D000348,,
199801206,D000348,,
200301739,D000348,,
200400386,D000348,,
200501277,D000348,,
200503642,D000348,,
201805359,D000348,,
201908631,D000348,10.0,mg
202108095,D000348,10.0,mg
199700536,D000708,,
199700873,D000708,,
199701227,D000708,,
199702177,D000708,,
199800504,D000708,,
199802138,D000708,,
200001184,D000708,,
200003312,D000708,,
200100997,D000708,,
200101022,D000708,,
200102755,D000708,,
200102905,D000708,,
200103723,D000708,,
200103841,D000708,,
200302193,D000708,,
200403428,D000708,,
200501493,D000708,,
200501565,D000708,,
200705613,D000708,,
200905692,D000708,,
201404206,D000708,,
201501029,D000708,,
201501483,D000708,,
201507693,D000708,,
201600490,D000708,,
201607109,D000708,,
201803206,D000708,,
201908562,D000708,,
202203169,D000708,,
202300418,D000708,,
202302370,D000708,,
202402805,D000708,,
201001424,D000236,,
201306414,D000236,,
201306417,D000236,,
201306418,D000236,,
201306419,D000236,,
201306420,D000236,,
201503490,D000236,,
201604375,D000236,,
201604376,D000236,,
201604429,D000236,10.0,mg
201604525,D000236,10.0,mg
201604638,D000236,10.0,mg
201701040,D000236,,
201701044,D000236,,
201701053,D000236,,
201701063,D000236,,
201701064,D000236,,
201701109,D000236,,
201701339,D000236,,
201701340,D000236,,
201701341,D000236,,
201701447,D000236,10.0,mg
201702236,D000236,,
201702368,D000236,10.0,mg
201702393,D000236,10.0,mg
201702485,D000236,,
201702790,D000236,,
201704729,D000236,10.0,mg
201705034,D000236,10.0,mg
201705159,D000236,,
201705491,D000236,10.0,mg
201705508,D000236,,
201705657,D000236,,
201705743,D000236,,
201705744,D000236,10.0,mg
201705757,D000236,10.0,mg
201705758,D000236,,
201705759,D000236,,
201705760,D000236,10.0,mg
201705794,D000236,10.0,mg
201706137,D000236,,
201706265,D000236,10.0,mg
201706353,D000236,10.0,mg
201706367,D000236,10.0,mg
201706416,D000236,10.0,mg
201706569,D000236,10.0,mg
201706641,D000236,,
201706749,D000236,10.0,mg
201706786,D000236,,
201706789,D000236,10.0,mg
201706795,D000236,10.0,mg
201706796,D000236,10.0,mg
201706860,D000236,10.0,mg
201706871,D000236,,
201706886,D000236,10.0,mg
201706899,D000236,10.0,mg
201707029,D000236,10.0,mg
201707121,D000236,,
201707166,D000236,10.0,mg
201707167,D000236,10.0,mg
201707169,D000236,10.0,mg
201707219,D000236,,
201707264,D000236,,
201707276,D000236,10.0,mg
201707296,D000236,10.0,mg
201707311,D000236,,
201707334,D000236,10.0,mg
201707335,D000236,10.0,mg
201707443,D000236,5.0,mg
201707639,D000236,,
201708144,D000236,10.0,mg
201800304,D000236,,
201800999,D000236,,
201801369,D000236,,
201802596,D000236,,
201802665,D000236,,
201803053,D000236,,
201803119,D000236,,
201803121,D000236,,
201803123,D000236,,
201803124,D000236,,
201803478,D000236,,
201803992,D000236,,
201804234,D000236,10.0,mg
201804353,D000236,,
201805063,D000236,,
201900680,D000236,10.0,mg
201900790,D000236,,
201902732,D000236,10.0,mg
201903744,D000236,10.0,mg
201904214,D000236,,
201904660,D000236,,
201905924,D000236,10.0,mg
201906226,D000236,10.0,mg
201906669,D000236,,
201908331,D000236,10.0,mg
202000263,D000236,,
202002676,D000236,,
202204507,D000236,,
202204552,D000236,,
202204553,D000236,,
202204554,D000236,,
202204555,D000236,,
202204556,D000236,,
202204557,D000236,,
202204558,D000236,,
202204559,D000236,,
202302277,D000236,10.0,mg
199700120,D000647,,
199700265,D000647,,
199701033,D000647,,
199701099,D000647,,
199701398,D000647,,
199701674,D000647,,
199701900,D000647,,
199701908,D000647,,
199701967,D000647,,
199702105,D000647,,
199702520,D000647,,
199702829,D000647,,
199702846,D000647,,
199702993,D000647,,
199703153,D000647,,
199703200,D000647,,
199800303,D000647,,
199800468,D000647,,
199800470,D000647,,
199801447,D000647,,
199801495,D000647,,
199801849,D000647,,
199802009,D000647,,
199802228,D000647,,
199802497,D000647,,
199802620,D000647,,
199803095,D000647,,
199803133,D000647,,
200001515,D000647,,
200001634,D000647,,
200001713,D000647,,
200101870,D000647,,
200102527,D000647,,
200102787,D000647,,
200610765,D000647,,
200803434,D000647,,
200900207,D000647,,
200903813,D000647,,
200904150,D000647,,
200904516,D000647,,
200904666,D000647,10.0,mg
200905228,D000647,,
200905403,D000647,10.0,mg
200905653,D000647,10.0,mg
200906254,D000647,,
201505959,D000647,10.0,mg
201602714,D000647,,
201801393,D000647,,
201802416,D000647,,
201802601,D000647,,
201803236,D000647,,
201803258,D000647,,
201901388,D000647,,
201901675,D000647,,
201903366,D000647,,
201903754,D000647,,
201905435,D000647,10.0,mg
201906400,D000647,,
202000062,D000647,,
202106787,D000647,,
202107872,D000647,,
202201616,D000647,,
202203876,D000647,,
202203978,D000647,,
202303056,D000647,,
202400028,D000647,,
202400079,D000647,,
202400560,D000647,,
202403084,D000647,,
202501164,D000647,,
202501708,D000647,,
202501994,D000647,,
202502786,D000647,,
202601148,D000647,,
202601382,D000647,,
202601934,D000647,,
197800308,D000226,,
199801340,D000226,,
200001946,D000226,,
200500610,D000226,,
201207248,D000226,,
197500386,D000026,,
197900219,D000374,,
200502226,D000355,,
200502486,D000355,,
197800288,D000307,,
200100695,D000307,,
200101513,D000307,,
200101536,D000307,,
200101582,D000307,,
200200514,D000307,200.0,mg
200201299,D000307,,
200202848,D000307,800.0,mg
200301641,D000307,400.0,mg
200301999,D000307,,
200302123,D000307,,
200302135,D000307,800.0,mg
200402118,D000307,400.0,mg
200503160,D000307,,
200600337,D000307,400.0,mg
200612029,D000307,,
200700757,D000307,,
200702152,D000307,1.0,g
200705144,D000307,,
200705178,D000307,,
200709019,D000307,,
200906708,D000307,,
200909045,D000307,800.0,mg
201107631,D000307,800.0,mg
201206816,D000307,,
201305271,D000307,800.0,mg
201401036,D000307,,
201502445,D000307,,
201503836,D000307,200.0,mg
201504759,D000307,1.0,g
201507554,D000307,800.0,mg
201604556,D000307,,
201306366,D000552,10.0,mg
201306367,D000552,18.0,mg
201306368,D000552,25.0,mg
201306369,D000552,60.0,mg
201306370,D000552,40.0,mg
201307635,D000552,40.0,mg
201309920,D000552,25.0,mg
201309921,D000552,18.0,mg
201309964,D000552,80.0,mg
201400958,D000552,40.0,mg
201400959,D000552,10.0,mg
201400960,D000552,25.0,mg
201400963,D000552,18.0,mg
201400964,D000552,60.0,mg
201401189,D000552,10.0,mg
201401190,D000552,60.0,mg
201404924,D000552,80.0,mg
202600050,D000552,40.0,mg
202600373,D000552,10.0,mg
202600374,D000552,18.0,mg
202600375,D000552,25.0,mg
202600515,D000552,80.0,mg
202600750,D000552,60.0,mg
202602321,D000552,40.0,mg
202602513,D000552,20.0,mg
198902796,D000229,5.0,mg
198902797,D000229,10.0,mg
200705351,D000229,10.0,mg
201111086,D000229,5.0,mg
201111087,D000229,40.0,mg
201111088,D000229,10.0,mg
201111091,D000229,20.0,mg
201111093,D000229,30.0,mg
201501271,D000229,36.0,mg
201501273,D000229,54.0,mg
201600735,D000229,5.0,mg
201901159,D000229,10.0,mg
202005265,D000229,18.0,mg
202005266,D000229,27.0,mg
200001931,D000326,25.0,mg
200001932,D000326,50.0,mg
201007695,D000326,12.5,mg
200308353,D000638,75.0,mg
200308354,D000638,37.5,mg
200500587,D000638,75.0,mg
200710998,D000638,75.0,mg
200802595,D000638,37.5,mg
201001057,D000638,37.5,mg
200410512,D000035,,
200410513,D000035,,
200809813,D000035,,
200810125,D000035,5.0,mg
200810237,D000035,10.0,mg
200810973,D000035,,
200811019,D000035,10.0,mg
200811020,D000035,,
200811812,D000035,10.0,mg
200905339,D000035,,
201006155,D000035,5.0,mg
201104798,D000035,20.0,mg
201104799,D000035,20.0,mg
201104801,D000035,20.0,mg
201107539,D000035,20.0,mg
201206335,D000035,15.0,mg
201500295,D000035,10.0,mg
201500296,D000035,15.0,mg
201500297,D000035,20.0,mg
201500422,D000035,20.0,mg
201501051,D000035,5.0,mg
201507426,D000035,20.0,mg
201507681,D000035,10.0,mg
201603360,D000035,10.0,mg
201603696,D000035,10.0,mg
201701105,D000035,20.0,mg
201702247,D000035,10.0,mg
201707445,D000035,5.0,mg
201707607,D000035,5.0,mg
201708416,D000035,5.0,mg
201708465,D000035,10.0,mg
201708466,D000035,20.0,mg
201905389,D000035,20.0,mg
201905390,D000035,10.0,mg
201905587,D000035,5.0,mg
201905589,D000035,20.0,mg
201906124,D000035,10.0,mg
201906512,D000035,10.0,mg
201908114,D000035,20.0,mg
202000260,D000035,10.0,mg
202402283,D000035,15.0,mg
200003086,D000336,50.0,mg
200200939,D000336,50.0,mg
200410506,D000336,,
200511068,D000336,,
201007672,D000336,100.0,mg
201206823,D000336,100.0,mg
201207003,D000336,100.0,mg
201507070,D000336,50.0,mg
201507846,D000336,100.0,mg
201601111,D000336,50.0,mg
201902444,D000336,100.0,mg
201902446,D000336,50.0,mg
201902586,D000336,25.0,mg
201908216,D000336,50.0,mg
202001212,D000336,100.0,mg
202001213,D000336,25.0,mg
202204212,D000336,25.0,mg
202204286,D000336,25.0,mg
202302988,D000336,25.0,mg
202303462,D000336,100.0,mg
202303463,D000336,50.0,mg
199301007,D000353,20.0,mg
199900921,D000353,10.0,mg
200308836,D000353,,
200401247,D000353,20.0,mg
200403201,D000353,,
200409980,D000353,12.5,mg
200512186,D000353,20.0,mg
200605344,D000353,10.0,mg
200607910,D000353,20.0,mg
200702802,D000353,,
200805986,D000353,25.0,mg
200806022,D000353,25.0,mg
200806299,D000353,12.5,mg
200806300,D000353,12.5,mg
200808754,D000353,12.5,mg
200809458,D000353,25.0,mg
201503768,D000353,20.0,mg
201701519,D000353,,
201701536,D000353,10.0,mg
201906187,D000353,10.0,mg
201906197,D000353,20.0,mg
202104810,D000353,12.5,mg
202104811,D000353,25.0,mg
202201670,D000353,10.0,mg
200410141,D000620,0.125,mg
200410142,D000620,0.25,mg
200410143,D000620,0.5,mg
200410144,D000620,1.0,mg
201201265,D000620,1.0,mg
201206856,D000620,0.125,mg
201206857,D000620,0.5,mg
201206858,D000620,0.25,mg
201310242,D000620,0.75,mg
201400390,D000620,0.375,mg
201400391,D000620,1.5,mg
201402589,D000620,1.0,mg
201402590,D000620,0.25,mg
201501384,D000620,0.125,mg
201501385,D000620,0.5,mg
201804306,D000620,0.75,mg
201804307,D000620,1.5,mg
201804308,D000620,0.375,mg
202106621,D000620,0.375,mg
202107701,D000620,0.25,mg
202107702,D000620,0.125,mg
202107703,D000620,0.5,mg
202107704,D000620,1.0,mg
202108205,D000620,1.5,mg
202108206,D000620,0.75,mg
200108698,D000627,0.25,mg
200108699,D000627,1.0,mg
200108700,D000627,2.0,mg
200108701,D000627,5.0,mg
200708444,D000627,2.0,mg
200713637,D000627,1.0,mg
200803810,D000627,2.0,mg
200805458,D000627,2.0,mg
200805459,D000627,4.0,mg
200805460,D000627,8.0,mg
200808559,D000627,1.0,mg
200808560,D000627,0.25,mg
200904640,D000627,1.0,mg
200904641,D000627,0.25,mg
200905216,D000627,0.25,mg
200908350,D000627,2.0,mg
201108824,D000627,5.0,mg
201309848,D000627,0.25,mg
201309850,D000627,2.0,mg
201901411,D000627,2.0,mg
201901412,D000627,2.0,mg
201901414,D000627,2.0,mg
201901416,D000627,4.0,mg
201901417,D000627,8.0,mg
201901418,D000627,8.0,mg
201901419,D000627,4.0,mg
201901421,D000627,4.0,mg
201901422,D000627,8.0,mg
202000406,D000627,0.25,mg
202000407,D000627,1.0,mg
202000408,D000627,2.0,mg
200410071,D000302,200.0,mg
200410072,D000302,200.0,mg
200410073,D000302,200.0,mg
200805910,D000302,200.0,mg
200908499,D000302,200.0,mg
200908500,D000302,200.0,mg
201501550,D000302,200.0,mg
201504179,D000302,200.0,mg
201504270,D000302,200.0,mg
201504271,D000302,200.0,mg
201506120,D000302,200.0,mg
201506164,D000302,200.0,mg
201506766,D000302,200.0,mg
201506801,D000302,200.0,mg
201701459,D000302,200.0,mg
201701460,D000302,200.0,mg
201701529,D000302,200.0,mg
201701530,D000302,200.0,mg
199201045,D000302,100.0,mg
199201046,D000302,250.0,mg
201907607,D000302,200.0,mg
199203393,D000302,,
199604709,D000302,,
202103852,D000302,200.0,mg
202104353,D000302,100.0,mg
202301581,D000302,50.0,mg
202502527,D000302,50.0,mg
202502528,D000302,100.0,mg
202502529,D000302,200.0,mg
197100097,D000440,,
198500629,D000440,2.0,mg
198600614,D000440,1.0,mg
198700736,D000440,1.0,mg
201801928,D000017,52.5,mcg
201801929,D000017,35.0,mcg
201801930,D000017,70.0,mcg
199100413,D000740,,
198100015,D000012,,
198900123,D000012,,
200203211,D000076,,
200702596,D000686,,
201207406,D000686,,
201303045,D000686,,
201404451,D000686,,
201606123,D000686,,
201706753,D000686,,
201706890,D000686,,
201707615,D000686,160.0,mg
201708083,D000686,160.0,mg
201802531,D000686,,
201902160,D000686,160.0,mg
201904452,D000686,,
201905775,D000686,,
201908442,D000686,160.0,mg
201908692,D000686,160.0,mg
202002953,D000686,,
202003920,D000686,,
202004661,D000686,,
202008176,D000686,145.0,mg
202202576,D000686,,
202203855,D000686,110.0,mg
202500240,D000686,48.0,mg
198601438,D000851,,
199602669,D000747,,
201505054,D000747,,
198500892,D000855,,
199501023,D000856,2.5,mg
199900835,D000856,,
200805114,D000856,,
200804297,D000858,,
200600225,D000866,,
199302795,D000867,,
202103092,D000867,,
202402816,D000867,,
200201397,D000935,,
199806838,D000875,,
201305911,D000875,,
200410883,D000876,1.0,mg
200410884,D000876,2.0,mg
200410885,D000876,5.0,mg
201404503,D000876,5.0,mg
201404504,D000876,1.0,mg
201404505,D000876,2.0,mg
201404506,D000876,1.0,mg
201404507,D000876,2.0,mg
201404508,D000876,5.0,mg
201404509,D000876,2.0,mg
201404510,D000876,1.0,mg
201404511,D000876,5.0,mg
201504513,D000876,1.0,mg
201504514,D000876,2.0,mg
201504515,D000876,5.0,mg
201601428,D000876,2.0,mg
201601429,D000876,5.0,mg
201602477,D000876,5.0,mg
201605528,D000876,2.0,mg
201605529,D000876,1.0,mg
201605530,D000876,5.0,mg
201606511,D000876,5.0,mg
201606512,D000876,2.0,mg
201606513,D000876,1.0,mg
202006728,D000876,1.0,mg
199403314,D000877,,
200210689,D000879,2.0,mg
200210692,D000879,,
200308472,D000879,,
199301084,D000881,,
202501896,D000881,,
198501452,D000882,,
197900543,D000218,,
197900544,D000218,,
198200943,D000218,,
198501802,D000218,1.0,mg
198501803,D000218,0.5,mg
198501816,D000218,1.0,mg
198501817,D000218,0.5,mg
199403293,D000888,,
201402238,D000890,60.0,mg
201402409,D000890,30.0,mg
201402868,D000890,30.0,mg
201402869,D000890,60.0,mg
200701201,D000930,,
200702259,D000930,,
200702328,D000930,,
200702448,D000930,,
201301621,D000930,,
201310291,D000930,,
201600080,D000930,,
201600113,D000930,,
201600515,D000930,,
201603024,D000930,,
201700627,D000930,,
201701832,D000930,,
201701833,D000930,,
201701834,D000930,,
201701881,D000930,60.0,mg
201707235,D000930,,
201707497,D000930,,
201800576,D000930,60.0,mg
201802447,D000930,,
201802568,D000930,,
201802589,D000930,,
201803035,D000930,,
201803298,D000930,,
201803944,D000930,,
201805172,D000930,,
201900300,D000930,,
201900629,D000930,,
201901433,D000930,,
201902546,D000930,60.0,mg
201905418,D000930,,
201905708,D000930,,
201905814,D000930,,
201906870,D000930,,
201907706,D000930,60.0,mg
202000136,D000930,,
202000742,D000930,,
202003267,D000930,,
202003268,D000930,,
202104963,D000930,,
202104964,D000930,,
202104966,D000930,,
202104967,D000930,,
202104968,D000930,,
202104975,D000930,,
202104977,D000930,,
202104978,D000930,,
202104979,D000930,90.0,mg
202104980,D000930,,
202104981,D000930,,
202105747,D000930,,
202107384,D000930,,
202400338,D000930,,
202501136,D000930,,
200000796,D000891,5.0,mg
200000797,D000891,10.0,mg
200500231,D000891,10.0,mg
200500566,D000891,10.0,mg
200500784,D000891,10.0,mg
200501384,D000891,10.0,mg
200600125,D000891,10.0,mg
200600167,D000891,10.0,mg
200600181,D000891,,
200600249,D000891,10.0,mg
200600267,D000891,10.0,mg
200600350,D000891,,
200600394,D000891,10.0,mg
200600501,D000891,10.0,mg
200605443,D000891,10.0,mg
200605446,D000891,5.0,mg
200605447,D000891,10.0,mg
200605500,D000891,10.0,mg
200605535,D000891,,
200605537,D000891,10.0,mg
200606986,D000891,5.0,mg
200607003,D000891,10.0,mg
200700814,D000891,10.0,mg
200701233,D000891,10.0,mg
200703278,D000891,,
200703338,D000891,10.0,mg
200704502,D000891,10.0,mg
200704947,D000891,5.0,mg
200704966,D000891,10.0,mg
200704989,D000891,5.0,mg
200706330,D000891,5.0,mg
200708055,D000891,5.0,mg
200708359,D000891,5.0,mg
200708360,D000891,5.0,mg
200708377,D000891,5.0,mg
200708603,D000891,,
200708786,D000891,5.0,mg
200708816,D000891,5.0,mg
200708819,D000891,10.0,mg
200708863,D000891,5.0,mg
200709070,D000891,5.0,mg
200709072,D000891,5.0,mg
200709157,D000891,5.0,mg
200709159,D000891,5.0,mg
200709163,D000891,5.0,mg
200709247,D000891,5.0,mg
200709250,D000891,5.0,mg
200709319,D000891,5.0,mg
200709388,D000891,5.0,mg
200709448,D000891,5.0,mg
200711456,D000891,10.0,mg
200713689,D000891,5.0,mg
200801564,D000891,,
200802064,D000891,5.0,mg
200802325,D000891,5.0,mg
200802326,D000891,10.0,mg
200802979,D000891,5.0,mg
200802980,D000891,10.0,mg
200805116,D000891,10.0,mg
200805353,D000891,10.0,mg
200805495,D000891,5.0,mg
200806253,D000891,10.0,mg
200806368,D000891,10.0,mg
200806458,D000891,5.0,mg
200807557,D000891,5.0,mg
200807685,D000891,5.0,mg
200807873,D000891,10.0,mg
200808880,D000891,10.0,mg
200808985,D000891,5.0,mg
200809902,D000891,5.0,mg
200901007,D000891,5.0,mg
201002066,D000891,10.0,mg
201002238,D000891,5.0,mg
201002402,D000891,10.0,mg
201004729,D000891,5.0,mg
201007401,D000891,10.0,mg
201100273,D000891,10.0,mg
201103909,D000891,5.0,mg
201106949,D000891,5.0,mg
201307375,D000891,23.0,mg
201307725,D000891,5.0,mg
201307726,D000891,10.0,mg
201310407,D000891,10.0,mg
201400929,D000891,5.0,mg
201403214,D000891,5.0,mg
201403215,D000891,10.0,mg
201405224,D000891,10.0,mg
201405368,D000891,10.0,mg
201405369,D000891,5.0,mg
201405444,D000891,5.0,mg
201405466,D000891,10.0,mg
201405526,D000891,5.0,mg
201406044,D000891,10.0,mg
201500584,D000891,5.0,mg
201500585,D000891,10.0,mg
201501030,D000891,5.0,mg
201501435,D000891,23.0,mg
201501730,D000891,5.0,mg
201502363,D000891,23.0,mg
201502455,D000891,10.0,mg
201502456,D000891,5.0,mg
201502703,D000891,5.0,mg
201502704,D000891,10.0,mg
201506131,D000891,5.0,mg
201506132,D000891,10.0,mg
201507715,D000891,5.0,mg
201508293,D000891,5.0,mg
201508435,D000891,5.0,mg
201508436,D000891,10.0,mg
201600218,D000891,10.0,mg
201600568,D000891,23.0,mg
201600584,D000891,5.0,mg
201600585,D000891,10.0,mg
201600793,D000891,5.0,mg
201600794,D000891,10.0,mg
201600809,D000891,10.0,mg
201600810,D000891,5.0,mg
201600814,D000891,5.0,mg
201600815,D000891,10.0,mg
201600870,D000891,10.0,mg
201600967,D000891,5.0,mg
201600968,D000891,10.0,mg
201601880,D000891,5.0,mg
201602261,D000891,10.0,mg
201602300,D000891,10.0,mg
201602670,D000891,10.0,mg
201602671,D000891,5.0,mg
201602676,D000891,5.0,mg
201602784,D000891,10.0,mg
201602785,D000891,5.0,mg
201602880,D000891,10.0,mg
201603073,D000891,5.0,mg
201603074,D000891,10.0,mg
201603159,D000891,,
201603160,D000891,10.0,mg
201603608,D000891,5.0,mg
201603687,D000891,5.0,mg
201603688,D000891,10.0,mg
201603919,D000891,10.0,mg
201603920,D000891,5.0,mg
201604052,D000891,10.0,mg
201604053,D000891,5.0,mg
201604196,D000891,5.0,mg
201604197,D000891,10.0,mg
201604311,D000891,10.0,mg
201604312,D000891,5.0,mg
201604348,D000891,10.0,mg
201604461,D000891,5.0,mg
201604485,D000891,10.0,mg
201604537,D000891,10.0,mg
201604538,D000891,5.0,mg
201604648,D000891,10.0,mg
201702237,D000891,10.0,mg
201702238,D000891,5.0,mg
201704772,D000891,23.0,mg
201706209,D000891,5.0,mg
201706210,D000891,10.0,mg
201706211,D000891,10.0,mg
201706212,D000891,5.0,mg
201706736,D000891,10.0,mg
201707537,D000891,5.0,mg
201707538,D000891,10.0,mg
201708482,D000891,5.0,mg
201708553,D000891,23.0,mg
201708601,D000891,10.0,mg
201708602,D000891,5.0,mg
201800772,D000891,10.0,mg
201800773,D000891,5.0,mg
201801387,D000891,5.0,mg
201801430,D000891,5.0,mg
201801431,D000891,10.0,mg
201801432,D000891,5.0,mg
201801433,D000891,10.0,mg
201801804,D000891,10.0,mg
201802158,D000891,10.0,mg
201802159,D000891,5.0,mg
201802244,D000891,5.0,mg
201802258,D000891,5.0,mg
201802724,D000891,5.0,mg
201802725,D000891,10.0,mg
201802748,D000891,10.0,mg
201803010,D000891,5.0,mg
201803011,D000891,10.0,mg
201803092,D000891,23.0,mg
201803529,D000891,10.0,mg
201803530,D000891,5.0,mg
201803550,D000891,10.0,mg
201803551,D000891,5.0,mg
201803554,D000891,5.0,mg
201803555,D000891,10.0,mg
201804332,D000891,5.0,mg
201804333,D000891,10.0,mg
201804334,D000891,10.0,mg
201804335,D000891,5.0,mg
201804350,D000891,5.0,mg
201804351,D000891,10.0,mg
201804656,D000891,10.0,mg
201804657,D000891,5.0,mg
201805143,D000891,10.0,mg
201900918,D000891,10.0,mg
201900923,D000891,5.0,mg
201901497,D000891,5.0,mg
201901498,D000891,10.0,mg
201901647,D000891,5.0,mg
201901648,D000891,10.0,mg
201901796,D000891,5.0,mg
201901797,D000891,10.0,mg
201901858,D000891,5.0,mg
201901859,D000891,10.0,mg
201902051,D000891,10.0,mg
201902251,D000891,5.0,mg
201902252,D000891,10.0,mg
201902737,D000891,10.0,mg
201902849,D000891,10.0,mg
201902850,D000891,5.0,mg
201903309,D000891,10.0,mg
201903433,D000891,5.0,mg
201903434,D000891,10.0,mg
201903462,D000891,5.0,mg
201903463,D000891,10.0,mg
201903522,D000891,5.0,mg
201903790,D000891,5.0,mg
201903791,D000891,10.0,mg
201904404,D000891,5.0,mg
201904405,D000891,10.0,mg
201904543,D000891,5.0,mg
201905097,D000891,23.0,mg
201905344,D000891,10.0,mg
201905692,D000891,5.0,mg
201906136,D000891,10.0,mg
201906137,D000891,5.0,mg
201906830,D000891,10.0,mg
201906859,D000891,5.0,mg
201906860,D000891,10.0,mg
201906920,D000891,5.0,mg
201907191,D000891,10.0,mg
201907398,D000891,5.0,mg
201907399,D000891,10.0,mg
201907443,D000891,5.0,mg
201907842,D000891,10.0,mg
201907992,D000891,10.0,mg
201908006,D000891,5.0,mg
201908176,D000891,10.0,mg
201908177,D000891,5.0,mg
201908298,D000891,10.0,mg
201908299,D000891,5.0,mg
201908483,D000891,10.0,mg
201908695,D000891,10.0,mg
202000004,D000891,10.0,mg
202000005,D000891,5.0,mg
202000092,D000891,5.0,mg
202000413,D000891,5.0,mg
202000721,D000891,5.0,mg
202000914,D000891,10.0,mg
202001374,D000891,5.0,mg
202001375,D000891,10.0,mg
202001387,D000891,5.0,mg
202001512,D000891,10.0,mg
202001513,D000891,5.0,mg
202002049,D000891,10.0,mg
202002058,D000891,5.0,mg
202002108,D000891,10.0,mg
202002109,D000891,5.0,mg
202002256,D000891,5.0,mg
202002257,D000891,10.0,mg
202002258,D000891,5.0,mg
202002345,D000891,10.0,mg
202002346,D000891,5.0,mg
202002842,D000891,5.0,mg
202003139,D000891,5.0,mg
202003140,D000891,10.0,mg
202003900,D000891,10.0,mg
202003919,D000891,5.0,mg
202005298,D000891,5.0,mg
202005299,D000891,10.0,mg
202008358,D000891,23.0,mg
202102916,D000891,23.0,mg
202102936,D000891,23.0,mg
202103022,D000891,23.0,mg
202103201,D000891,23.0,mg
202103511,D000891,23.0,mg
202104343,D000891,,
202104344,D000891,,
202107338,D000891,175.0,mg
202107339,D000891,87.5,mg
202107340,D000891,87.5,mg
202107341,D000891,175.0,mg
202201524,D000891,5.0,mg
202202912,D000891,5.0,mg
202202974,D000891,5.0,mg
202202999,D000891,5.0,mg
202203032,D000891,5.0,mg
202301978,D000891,3.0,mg
202500434,D000891,3.0,mg
202501294,D000891,5.0,mg
202501347,D000891,5.0,mg
202600786,D000891,3.0,mg
202600801,D000891,3.0,mg
200008769,D000892,1.5,mg
200008770,D000892,3.0,mg
200008771,D000892,4.5,mg
200008772,D000892,6.0,mg
200712636,D000892,,
200712637,D000892,,
201307680,D000892,,
201307728,D000892,,
201307729,D000892,,
201401079,D000892,,
201401356,D000892,,
201401357,D000892,,
201401409,D000892,,
201401410,D000892,,
201401411,D000892,,
201401412,D000892,,
201401413,D000892,,
201401414,D000892,,
201401415,D000892,,
201401416,D000892,,
201401458,D000892,,
201401459,D000892,,
201401460,D000892,,
201401461,D000892,,
201401514,D000892,,
201401515,D000892,,
201401516,D000892,,
201401517,D000892,,
201401524,D000892,,
201401525,D000892,,
201404033,D000892,,
201404034,D000892,,
201500495,D000892,,
201500496,D000892,,
201502385,D000892,3.0,mg
201504070,D000892,3.0,mg
201504199,D000892,1.5,mg
201600452,D000892,1.5,mg
201602434,D000892,4.5,mg
201602435,D000892,6.0,mg
201602908,D000892,6.0,mg
201602909,D000892,4.5,mg
201604620,D000892,,
201605440,D000892,3.0,mg
201605470,D000892,3.0,mg
201605500,D000892,3.0,mg
201605847,D000892,3.0,mg
201606084,D000892,1.5,mg
201606085,D000892,3.0,mg
201606760,D000892,3.0,mg
201606832,D000892,3.0,mg
201701020,D000892,1.5,mg
201701222,D000892,,
201701435,D000892,1.5,mg
201707671,D000892,1.5,mg
201707672,D000892,3.0,mg
201708187,D000892,,
201801580,D000892,1.5,mg
201801584,D000892,,
201801781,D000892,3.0,mg
201801782,D000892,1.5,mg
201803068,D000892,,
201803069,D000892,,
201803070,D000892,,
201803473,D000892,,
201803474,D000892,,
201804675,D000892,6.0,mg
201804676,D000892,4.5,mg
201805127,D000892,4.5,mg
201805128,D000892,6.0,mg
201900686,D000892,3.0,mg
201900687,D000892,1.5,mg
201901784,D000892,3.0,mg
201901785,D000892,1.5,mg
201901786,D000892,1.5,mg
201901787,D000892,3.0,mg
201901839,D000892,3.0,mg
201901840,D000892,1.5,mg
201901910,D000892,1.5,mg
201903420,D000892,4.5,mg
201903421,D000892,1.5,mg
201903422,D000892,6.0,mg
201903423,D000892,3.0,mg
202000032,D000892,3.0,mg
202000033,D000892,1.5,mg
202003635,D000892,3.0,mg
202003636,D000892,1.5,mg
202003637,D000892,6.0,mg
202003638,D000892,4.5,mg
202107099,D000892,6.0,mg
202107100,D000892,4.5,mg
202202061,D000892,,
202203088,D000892,,
202301019,D000892,,
202301020,D000892,,
196000010,D000893,,
196000011,D000893,,
197500570,D000893,,
198400289,D000893,,
201401504,D000893,,
200302200,D000895,,
198500372,D000897,,
199801016,D000901,,
200001279,D000901,,
200100865,D000901,,
200500162,D000901,120.0,mg
200502213,D000901,180.0,mg
200512200,D000901,120.0,mg
200702734,D000901,30.0,mg
200806365,D000901,,
202202380,D000901,,
202301723,D000901,60.0,mg
202301952,D000901,,
202302350,D000901,60.0,mg
202302483,D000901,,
202302507,D000901,60.0,mg
202302768,D000901,,
202302906,D000901,60.0,mg
202400279,D000901,60.0,mg
202400407,D000901,60.0,mg
202400598,D000901,60.0,mg
202400708,D000901,120.0,mg
202400831,D000901,120.0,mg
202401023,D000901,120.0,mg
202401028,D000901,60.0,mg
202401172,D000901,120.0,mg
202401437,D000901,60.0,mg
202401455,D000901,120.0,mg
202401781,D000901,120.0,mg
202402069,D000901,120.0,mg
202402141,D000901,60.0,mg
202402142,D000901,120.0,mg
202500054,D000901,60.0,mg
202500268,D000901,120.0,mg
202501019,D000901,120.0,mg
202501961,D000901,120.0,mg
202502697,D000901,180.0,mg
202502752,D000901,180.0,mg
202502922,D000901,180.0,mg
202600006,D000901,120.0,mg
202601931,D000901,,
202602325,D000901,,
199000819,D000902,,
199001973,D000902,,
199201515,D000902,,
199302558,D000902,,
199800892,D000902,,
200100164,D000902,,
200201949,D000902,,
200307817,D000902,,
201401923,D000902,,
201906227,D000902,,
200604084,D000903,5.0,mg
200607549,D000903,,
200713032,D000903,5.0,mg
200713591,D000903,,
200713679,D000903,5.0,mg
200800569,D000903,,
200803201,D000903,,
200803641,D000903,,
200803721,D000903,,
200803737,D000903,,
200803803,D000903,,
200804288,D000903,,
200804360,D000903,5.0,mg
200804779,D000903,5.0,mg
200804797,D000903,,
200804798,D000903,,
200805037,D000903,,
200805063,D000903,,
200805089,D000903,,
200805122,D000903,,
200805142,D000903,,
200805175,D000903,,
200805263,D000903,,
200805265,D000903,,
200805288,D000903,,
200805290,D000903,,
200805408,D000903,,
200805421,D000903,5.0,mg
200805653,D000903,,
200805676,D000903,,
200805680,D000903,,
200806072,D000903,5.0,mg
200806638,D000903,,
200806671,D000903,,
200806691,D000903,,
200806730,D000903,,
200806733,D000903,,
200806738,D000903,,
200806751,D000903,,
200806782,D000903,,
200806795,D000903,,
200806851,D000903,,
200806892,D000903,,
200806893,D000903,,
200806897,D000903,,
200806913,D000903,,
200806919,D000903,,
200807005,D000903,,
200807018,D000903,,
200807051,D000903,,
200807052,D000903,,
200807233,D000903,,
200807943,D000903,5.0,mg
200807949,D000903,,
200807962,D000903,,
200807963,D000903,,
200807986,D000903,,
200807989,D000903,,
200808150,D000903,5.0,mg
200808828,D000903,,
200808915,D000903,5.0,mg
200809465,D000903,,
200809649,D000903,,
200906585,D000903,,
201300152,D000903,,
201303236,D000903,,
201306549,D000903,,
201308400,D000903,,
201309743,D000903,,
201401456,D000903,,
201401997,D000903,,
201402901,D000903,,
201403886,D000903,,
201405423,D000903,,
201405631,D000903,,
201406135,D000903,,
201500181,D000903,,
201502730,D000903,,
201502926,D000903,,
201503771,D000903,,
201504834,D000903,,
201602239,D000903,5.0,mg
201602577,D000903,,
201602578,D000903,,
201602663,D000903,,
201606429,D000903,,
201606641,D000903,,
201700463,D000903,,
201702469,D000903,,
201800071,D000903,,
201801235,D000903,,
201902533,D000903,,
201903085,D000903,,
201903600,D000903,,
201903601,D000903,,
201905541,D000903,5.0,mg
201906581,D000903,,
201907180,D000903,,
201907892,D000903,,
201907900,D000903,5.0,mg
201908548,D000903,,
202000038,D000903,,
202000057,D000903,,
202001353,D000903,,
202002051,D000903,5.0,mg
200001929,D000904,10.0,mg
200009062,D000905,5.0,mg
200009063,D000905,10.0,mg
200109139,D000905,4.0,mg
200307987,D000905,4.0,mg
200808076,D000905,10.0,mg
200809818,D000905,4.0,mg
200809819,D000905,4.0,mg
200810003,D000905,5.0,mg
200810004,D000905,5.0,mg
200810005,D000905,10.0,mg
200810006,D000905,10.0,mg
200810320,D000905,10.0,mg
200810424,D000905,10.0,mg
200810425,D000905,10.0,mg
200810426,D000905,10.0,mg
200810427,D000905,10.0,mg
200810517,D000905,5.0,mg
200810610,D000905,10.0,mg
200810855,D000905,10.0,mg
200810868,D000905,10.0,mg
200811361,D000905,10.0,mg
200811362,D000905,10.0,mg
200811566,D000905,5.0,mg
200811628,D000905,5.0,mg
200811629,D000905,5.0,mg
200811633,D000905,10.0,mg
200811634,D000905,10.0,mg
200811736,D000905,10.0,mg
200811816,D000905,5.0,mg
200811989,D000905,10.0,mg
200904422,D000905,10.0,mg
200904630,D000905,10.0,mg
200906588,D000905,4.0,mg
200906592,D000905,5.0,mg
200908169,D000905,10.0,mg
200908333,D000905,4.0,mg
200908334,D000905,4.0,mg
200908353,D000905,4.0,mg
200908354,D000905,5.0,mg
200908368,D000905,5.0,mg
201001723,D000905,4.0,mg
201001733,D000905,4.0,mg
201004900,D000905,10.0,mg
201005127,D000905,4.0,mg
201005128,D000905,5.0,mg
201006215,D000905,10.0,mg
201006532,D000905,4.0,mg
201100490,D000905,4.0,mg
201100492,D000905,4.0,mg
201101770,D000905,4.0,mg
201104042,D000905,4.0,mg
201104043,D000905,5.0,mg
201105914,D000905,5.0,mg
201105915,D000905,4.0,mg
201105916,D000905,10.0,mg
201106259,D000905,4.0,mg
201109187,D000905,4.0,mg
201109282,D000905,4.0,mg
201109315,D000905,4.0,mg
201202801,D000905,10.0,mg
201205414,D000905,4.0,mg
201205415,D000905,5.0,mg
201206540,D000905,10.0,mg
201206721,D000905,4.0,mg
201206933,D000905,10.0,mg
201207002,D000905,4.0,mg
201207004,D000905,5.0,mg
201207461,D000905,10.0,mg
201208517,D000905,10.0,mg
201209661,D000905,4.0,mg
201209662,D000905,5.0,mg
201210163,D000905,10.0,mg
201210187,D000905,10.0,mg
201210189,D000905,4.0,mg
201210190,D000905,5.0,mg
201210240,D000905,10.0,mg
201211055,D000905,10.0,mg
201302827,D000905,10.0,mg
201307109,D000905,10.0,mg
201307486,D000905,10.0,mg
201307746,D000905,5.0,mg
201307821,D000905,4.0,mg
201308222,D000905,10.0,mg
201309175,D000905,4.0,mg
201310065,D000905,10.0,mg
201310066,D000905,4.0,mg
201310952,D000905,5.0,mg
201400952,D000905,4.0,mg
201403224,D000905,10.0,mg
201405467,D000905,10.0,mg
201405469,D000905,5.0,mg
201500942,D000905,5.0,mg
201500943,D000905,4.0,mg
201500962,D000905,10.0,mg
201501422,D000905,10.0,mg
201501501,D000905,10.0,mg
201501778,D000905,4.0,mg
201501790,D000905,5.0,mg
201501791,D000905,10.0,mg
201501925,D000905,10.0,mg
201501929,D000905,5.0,mg
201503325,D000905,5.0,mg
201503326,D000905,4.0,mg
201504124,D000905,10.0,mg
201504205,D000905,10.0,mg
201504326,D000905,,
201506589,D000905,4.0,mg
201506734,D000905,5.0,mg
201507642,D000905,4.0,mg
201508159,D000905,10.0,mg
201508160,D000905,5.0,mg
201508161,D000905,4.0,mg
201600838,D000905,4.0,mg
201600839,D000905,5.0,mg
201600840,D000905,10.0,mg
201601511,D000905,10.0,mg
201601798,D000905,4.0,mg
201602447,D000905,5.0,mg
201603057,D000905,4.0,mg
201603058,D000905,10.0,mg
201603059,D000905,5.0,mg
201603071,D000905,4.0,mg
201603176,D000905,10.0,mg
201603343,D000905,10.0,mg
201603686,D000905,10.0,mg
201603736,D000905,4.0,mg
201603737,D000905,5.0,mg
201603738,D000905,10.0,mg
201603854,D000905,4.0,mg
201603855,D000905,5.0,mg
201603861,D000905,10.0,mg
201603864,D000905,,
201603975,D000905,4.0,mg
201604409,D000905,4.0,mg
201604410,D000905,10.0,mg
201604411,D000905,5.0,mg
201701285,D000905,5.0,mg
201701290,D000905,4.0,mg
201701548,D000905,10.0,mg
201701749,D000905,5.0,mg
201701750,D000905,4.0,mg
201701960,D000905,10.0,mg
201701987,D000905,4.0,mg
201702073,D000905,10.0,mg
201705154,D000905,5.0,mg
201705155,D000905,4.0,mg
201705792,D000905,10.0,mg
201707944,D000905,10.0,mg
201707945,D000905,5.0,mg
201707946,D000905,4.0,mg
201800067,D000905,10.0,mg
201800305,D000905,4.0,mg
201800306,D000905,5.0,mg
201800792,D000905,4.0,mg
201800997,D000905,5.0,mg
201800998,D000905,10.0,mg
201801513,D000905,5.0,mg
201802502,D000905,4.0,mg
201802666,D000905,10.0,mg
201901144,D000905,4.0,mg
201901654,D000905,10.0,mg
201901655,D000905,5.0,mg
201901900,D000905,4.0,mg
201901962,D000905,4.0,mg
201902287,D000905,10.0,mg
201902291,D000905,5.0,mg
201902394,D000905,4.0,mg
201902402,D000905,4.0,mg
201902838,D000905,4.0,mg
201903031,D000905,5.0,mg
201903032,D000905,4.0,mg
201903033,D000905,10.0,mg
201903094,D000905,10.0,mg
201903260,D000905,4.0,mg
201903261,D000905,5.0,mg
201903262,D000905,10.0,mg
201903382,D000905,10.0,mg
201903383,D000905,5.0,mg
201903586,D000905,4.0,mg
201903587,D000905,5.0,mg
201903622,D000905,5.0,mg
201903741,D000905,4.0,mg
201904501,D000905,4.0,mg
201904728,D000905,10.0,mg
201904764,D000905,10.0,mg
201905432,D000905,10.0,mg
201905439,D000905,,
201905501,D000905,10.0,mg
201905520,D000905,5.0,mg
201905521,D000905,4.0,mg
201906148,D000905,10.0,mg
201906287,D000905,4.0,mg
201906288,D000905,5.0,mg
201906375,D000905,10.0,mg
201906411,D000905,10.0,mg
201906502,D000905,10.0,mg
201906520,D000905,4.0,mg
201906612,D000905,5.0,mg
201906628,D000905,5.0,mg
201906828,D000905,10.0,mg
201906876,D000905,4.0,mg
201907082,D000905,5.0,mg
201907133,D000905,10.0,mg
201907401,D000905,4.0,mg
201907403,D000905,10.0,mg
201907405,D000905,5.0,mg
201907868,D000905,5.0,mg
201907953,D000905,4.0,mg
201908026,D000905,4.0,mg
201908064,D000905,10.0,mg
201908599,D000905,4.0,mg
202001743,D000905,10.0,mg
199803076,D000906,,
200400402,D000906,,
200400733,D000906,,
200400914,D000906,100.0,mg
200401325,D000906,,
200403186,D000906,,
200403290,D000906,,
200403317,D000906,,
200501429,D000906,,
200611065,D000906,,
200703392,D000906,100.0,mg
200712241,D000906,,
201305030,D000906,,
201400873,D000906,,
201404458,D000906,,
201601326,D000906,,
201602983,D000906,,
201603836,D000906,,
201603969,D000906,,
201701042,D000906,,
201707098,D000906,100.0,mg
201708159,D000906,,
201804188,D000906,,
201901542,D000906,,
201902023,D000906,100.0,mg
201904265,D000906,100.0,mg
201904394,D000906,,
201904591,D000906,,
201905978,D000906,100.0,mg
201907917,D000906,100.0,mg
202001499,D000906,100.0,mg
202002294,D000906,,
202003918,D000906,,
200101732,D000909,,
200710105,D000909,,
199800976,D000912,200.0,mg
199800979,D000912,100.0,mg
200302202,D000912,,
200704931,D000912,,
198601434,D000913,,
199400505,D000914,10.0,mg
200400100,D000914,,
200401078,D000914,,
200401330,D000914,,
198600267,D000915,,
198700683,D000915,,
198701129,D000915,200.0,mg
198801525,D000915,200.0,mg
198801531,D000915,100.0,mg
198901021,D000915,200.0,mg
198902058,D000915,,
199000139,D000915,,
199001080,D000915,100.0,mg
199100626,D000915,200.0,mg
199100632,D000915,100.0,mg
199200475,D000915,200.0,mg
199201048,D000915,200.0,mg
199300928,D000915,,
199302666,D000915,200.0,mg
199600087,D000915,,
199600913,D000915,200.0,mg
199601956,D000915,,
199602082,D000915,200.0,mg
199602374,D000915,200.0,mg
199602408,D000915,200.0,mg
199602745,D000915,200.0,mg
199603332,D000915,,
199603333,D000915,200.0,mg
199702566,D000915,,
199703126,D000915,200.0,mg
199800785,D000915,,
199801297,D000915,,
199801389,D000915,200.0,mg
199901137,D000915,,
199902656,D000915,200.0,mg
199903200,D000915,,
199903649,D000915,,
200000559,D000915,200.0,mg
200102075,D000915,,
200302275,D000915,,
200308774,D000915,200.0,mg
200502037,D000915,200.0,mg
200904855,D000915,,
201100167,D000915,,
201109594,D000915,200.0,mg
201206670,D000915,,
201306207,D000915,,
201400681,D000915,,
201403429,D000915,200.0,mg
201403596,D000915,200.0,mg
201403697,D000915,,
201404707,D000915,,
201405100,D000915,200.0,mg
201405457,D000915,200.0,mg
201405501,D000915,200.0,mg
201500723,D000915,,
201500956,D000915,,
201502420,D000915,200.0,mg
201502577,D000915,200.0,mg
201502813,D000915,600.0,mg
201503911,D000915,200.0,mg
201504206,D000915,,
201504721,D000915,,
201507229,D000915,200.0,mg
201507620,D000915,,
201507724,D000915,,
201602340,D000915,,
201602738,D000915,200.0,mg
201705483,D000915,,
201708295,D000915,200.0,mg
201801561,D000915,200.0,mg
201802446,D000915,,
201805119,D000915,,
201900187,D000915,200.0,mg
201900598,D000915,200.0,mg
201900848,D000915,,
201901857,D000915,,
201903112,D000915,,
201904332,D000915,,
201905600,D000915,200.0,mg
201905964,D000915,,
201906500,D000915,100.0,mg
201906501,D000915,200.0,mg
202001477,D000915,,
202001764,D000915,,
202003464,D000915,200.0,mg
202200263,D000915,,
202300939,D000915,,
202500117,D000915,,
202502933,D000915,,
198800057,D000916,,
198800558,D000916,,
198900635,D000916,,
198900699,D000916,,
198901605,D000916,,
198902158,D000916,,
199000146,D000916,,
199102030,D000916,,
199102276,D000916,,
199300458,D000916,,
199300554,D000916,,
199301549,D000916,,
199302020,D000916,,
199302027,D000916,,
199302175,D000916,,
199400026,D000916,,
199400028,D000916,,
199401315,D000916,,
199602639,D000916,,
199802171,D000916,,
199804331,D000916,,
200100163,D000916,,
200101401,D000916,,
200101403,D000916,,
200202717,D000916,,
200804359,D000916,,
200807573,D000916,,
200900740,D000916,,
201100121,D000916,,
201206250,D000916,,
201301497,D000916,15.0,mg
201304742,D000916,30.0,mg
201400595,D000916,,
201401232,D000916,30.0,mg
201403114,D000916,,
201403938,D000916,,
201405014,D000916,,
201502964,D000916,,
201604659,D000916,,
201606789,D000916,,
202105351,D000916,,
202400659,D000916,,
197400277,D000917,,
197400343,D000917,,
197500388,D000917,,
202102461,D000917,,
202600761,D000917,,
199500435,D000918,,
199900508,D000918,,
200300100,D000918,,
200300101,D000918,,
200300251,D000918,,
200300269,D000918,300.0,mg
200300463,D000918,,
200300579,D000918,,
200300769,D000918,,
200301033,D000918,,
200301252,D000918,,
200301507,D000918,,
200301610,D000918,,
200301618,D000918,,
200301833,D000918,300.0,mg
200302457,D000918,,
200400009,D000918,,
200400151,D000918,,
200400233,D000918,,
200400668,D000918,,
200400830,D000918,,
200400951,D000918,,
200401445,D000918,,
200402284,D000918,,
200402328,D000918,,
200402458,D000918,,
200402508,D000918,,
200402912,D000918,,
200403090,D000918,,
200403246,D000918,,
200403710,D000918,,
200404048,D000918,,
200404437,D000918,300.0,mg
200404657,D000918,300.0,mg
200404779,D000918,,
200410902,D000918,,
200411048,D000918,,
200702709,D000918,,
201505921,D000918,,
201507696,D000918,,
201508010,D000918,,
201508139,D000918,,
201600445,D000918,,
201601174,D000918,300.0,mg
201601245,D000918,,
201601506,D000918,,
201601614,D000918,300.0,mg
201601858,D000918,,
201601896,D000918,,
201602096,D000918,,
201602679,D000918,,
201602684,D000918,300.0,mg
201602706,D000918,,
201602871,D000918,,
201603171,D000918,,
201605007,D000918,,
201605325,D000918,,
201606321,D000918,,
201606935,D000918,,
201700418,D000918,,
201700567,D000918,,
201701108,D000918,,
201701882,D000918,,
201706739,D000918,,
201707212,D000918,,
201708145,D000918,,
201801702,D000918,,
201801843,D000918,300.0,mg
201802357,D000918,,
201802652,D000918,,
201803233,D000918,,
201803487,D000918,,
201803649,D000918,,
201804163,D000918,300.0,mg
201804394,D000918,,
201804395,D000918,,
201805153,D000918,,
201805240,D000918,,
201900823,D000918,,
201900892,D000918,300.0,mg
201901374,D000918,,
201902226,D000918,,
201902272,D000918,,
201903071,D000918,,
201903082,D000918,,
201903202,D000918,,
201903606,D000918,,
201904700,D000918,,
201905366,D000918,,
201905990,D000918,,
201906089,D000918,,
201906326,D000918,,
201906379,D000918,300.0,mg
201906544,D000918,,
201906886,D000918,,
201908418,D000918,,
202000054,D000918,,
202000200,D000918,,
202002320,D000918,,
202002625,D000918,300.0,mg
202002759,D000918,,
202003252,D000918,,
202003868,D000918,,
202402050,D000918,,
202500042,D000918,,
202500894,D000918,,
202500897,D000918,,
202502925,D000918,,
200101032,D000922,,
198701672,D000923,,
198800911,D000923,200.0,mg
199302401,D000923,200.0,mg
199701234,D000925,,
199400693,D000926,,
200102543,D000968,,
200400472,D000972,20.0,mg
200600114,D000972,10.0,mg
200600115,D000972,40.0,mg
201100611,D000972,10.0,mg
201100612,D000972,20.0,mg
201100613,D000972,40.0,mg
201100793,D000972,10.0,mg
201100794,D000972,40.0,mg
201100795,D000972,20.0,mg
201100798,D000972,20.0,mg
201100799,D000972,10.0,mg
201100801,D000972,20.0,mg
201100802,D000972,10.0,mg
201100813,D000972,20.0,mg
201100814,D000972,10.0,mg
201100827,D000972,10.0,mg
201100828,D000972,20.0,mg
201100866,D000972,20.0,mg
201100867,D000972,10.0,mg
201100869,D000972,20.0,mg
201100896,D000972,20.0,mg
201100898,D000972,20.0,mg
201100899,D000972,20.0,mg
201100901,D000972,20.0,mg
201100902,D000972,20.0,mg
201100905,D000972,20.0,mg
201100906,D000972,20.0,mg
201100908,D000972,20.0,mg
201100909,D000972,20.0,mg
201100913,D000972,20.0,mg
201100917,D000972,20.0,mg
201100943,D000972,20.0,mg
201100945,D000972,20.0,mg
201100952,D000972,10.0,mg
201100953,D000972,20.0,mg
201100980,D000972,20.0,mg
201100982,D000972,40.0,mg
201100983,D000972,20.0,mg
201101021,D000972,20.0,mg
201101022,D000972,20.0,mg
201101841,D000972,10.0,mg
201101843,D000972,10.0,mg
201101844,D000972,40.0,mg
201101852,D000972,10.0,mg
201103854,D000972,10.0,mg
201306917,D000972,10.0,mg
201306919,D000972,20.0,mg
201308509,D000972,20.0,mg
201400392,D000972,10.0,mg
201400393,D000972,40.0,mg
201403399,D000972,10.0,mg
201403400,D000972,20.0,mg
201406154,D000972,20.0,mg
201500866,D000972,10.0,mg
201500867,D000972,40.0,mg
201503641,D000972,,
201504106,D000972,10.0,mg
201504115,D000972,40.0,mg
201507878,D000972,10.0,mg
201507879,D000972,20.0,mg
201900103,D000972,40.0,mg
201900104,D000972,20.0,mg
201900105,D000972,10.0,mg
202002233,D000972,40.0,mg
202002234,D000972,20.0,mg
198901206,D000450,5.0,mg
198901207,D000450,10.0,mg
201908003,D000450,5.0,mg
201908132,D000450,10.0,mg
200108763,D000011,80.0,mg
200108764,D000011,160.0,mg
200410067,D000011,40.0,mg
200703598,D000011,320.0,mg
200804093,D000011,80.0,mg
200805428,D000011,160.0,mg
200805550,D000011,80.0,mg
200806017,D000011,,
200807203,D000011,160.0,mg
200807361,D000011,80.0,mg
200807363,D000011,80.0,mg
200807365,D000011,160.0,mg
200807366,D000011,80.0,mg
200807367,D000011,80.0,mg
200808198,D000011,160.0,mg
200808199,D000011,80.0,mg
200808653,D000011,80.0,mg
200809207,D000011,160.0,mg
200809208,D000011,80.0,mg
200809240,D000011,160.0,mg
200809258,D000011,80.0,mg
200809259,D000011,80.0,mg
200809283,D000011,160.0,mg
200809324,D000011,80.0,mg
200809486,D000011,80.0,mg
200809710,D000011,160.0,mg
200809712,D000011,80.0,mg
200809909,D000011,80.0,mg
200809910,D000011,160.0,mg
200810314,D000011,80.0,mg
200810473,D000011,80.0,mg
200810522,D000011,160.0,mg
200811104,D000011,160.0,mg
200811105,D000011,80.0,mg
200811619,D000011,160.0,mg
200900897,D000011,160.0,mg
200904514,D000011,40.0,mg
201001707,D000011,80.0,mg
201100467,D000011,160.0,mg
201103994,D000011,160.0,mg
201104021,D000011,80.0,mg
201104022,D000011,160.0,mg
201104471,D000011,160.0,mg
201104754,D000011,80.0,mg
201104797,D000011,160.0,mg
201105143,D000011,80.0,mg
201105144,D000011,40.0,mg
201105486,D000011,40.0,mg
201105600,D000011,80.0,mg
201105918,D000011,40.0,mg
201107216,D000011,160.0,mg
201107217,D000011,80.0,mg
201109818,D000011,40.0,mg
201110104,D000011,160.0,mg
201110105,D000011,80.0,mg
201201166,D000011,40.0,mg
201206965,D000011,160.0,mg
201207081,D000011,80.0,mg
201207082,D000011,160.0,mg
201207105,D000011,160.0,mg
201207331,D000011,,
201207380,D000011,80.0,mg
201300127,D000011,160.0,mg
201302618,D000011,80.0,mg
201304289,D000011,160.0,mg
201308185,D000011,80.0,mg
201308441,D000011,80.0,mg
201403142,D000011,80.0,mg
201403143,D000011,160.0,mg
201505158,D000011,160.0,mg
201507763,D000011,80.0,mg
201507764,D000011,160.0,mg
201601151,D000011,80.0,mg
201601688,D000011,80.0,mg
201601689,D000011,160.0,mg
201602325,D000011,80.0,mg
201602326,D000011,160.0,mg
201602897,D000011,160.0,mg
201602930,D000011,160.0,mg
201603671,D000011,80.0,mg
201603672,D000011,160.0,mg
201702205,D000011,160.0,mg
201702206,D000011,80.0,mg
201706128,D000011,160.0,mg
201707655,D000011,80.0,mg
201800821,D000011,160.0,mg
201800822,D000011,80.0,mg
201802079,D000011,80.0,mg
201802098,D000011,160.0,mg
201802156,D000011,160.0,mg
201901299,D000011,80.0,mg
201901616,D000011,160.0,mg
201905500,D000011,160.0,mg
202001398,D000011,160.0,mg
202001399,D000011,80.0,mg
202001651,D000011,80.0,mg
202001765,D000011,80.0,mg
202001766,D000011,160.0,mg
202001920,D000011,80.0,mg
202001921,D000011,160.0,mg
202003314,D000011,,
202500724,D000011,40.0,mg
202502531,D000011,40.0,mg
197500016,D000982,,
198300064,D000982,,
198700731,D000982,,
198802481,D000982,,
198900920,D000982,275.0,mg
198901589,D000982,,
199000568,D000982,,
199102384,D000982,,
199300208,D000982,,
199401158,D000982,,
199401319,D000982,,
199403378,D000982,,
199700166,D000982,1000.0,mg
199802387,D000982,,
199802621,D000982,,
199901047,D000982,,
199902599,D000982,,
200102657,D000982,275.0,mg
200204388,D000982,,
200400644,D000982,,
200403671,D000982,,
200500806,D000982,,
200600131,D000982,,
200607905,D000982,,
200705433,D000982,,
200710782,D000982,,
200901148,D000982,,
201102151,D000982,,
201207414,D000982,,
201301493,D000982,,
201301659,D000982,,
201306491,D000982,,
201306492,D000982,,
201308676,D000982,,
201310281,D000982,,
201310498,D000982,,
201401095,D000982,,
201403321,D000982,,
201403389,D000982,,
201403390,D000982,,
201403391,D000982,,
201403431,D000982,,
201403474,D000982,,
201403877,D000982,,
201403991,D000982,,
201404125,D000982,,
201404406,D000982,,
201404850,D000982,,
201405135,D000982,,
201501592,D000982,,
201503810,D000982,,
201601056,D000982,,
201700401,D000982,,
201701248,D000982,,
201702682,D000982,,
201707302,D000982,,
201708634,D000982,,
201803970,D000982,,
201900682,D000982,,
201900727,D000982,,
201902876,D000982,,
201907830,D000982,,
202003877,D000982,,
202005491,D000982,,
202106248,D000982,,
202202195,D000982,,
202203437,D000982,,
202401759,D000982,,
202500965,D000982,,
202501303,D000982,,
202502112,D000982,,
202502599,D000982,,
202600925,D000982,,
198400022,D000983,20.0,mg
198601260,D000983,,
198700667,D000983,,
198900082,D000983,,
198902261,D000983,20.0,mg
199002080,D000983,20.0,mg
199200650,D000983,,
199301970,D000983,,
199302453,D000983,,
199401413,D000983,,
199402646,D000983,,
199500845,D000983,,
199501546,D000983,,
199703363,D000983,,
199703364,D000983,,
199803649,D000983,,
199803650,D000983,,
199901315,D000983,20.0,mg
200003825,D000983,10.0,mg
200101498,D000983,,
200103725,D000983,20.0,mg
200713905,D000983,,
201001742,D000983,,
201100130,D000983,,
201109811,D000983,,
201201017,D000983,,
201308711,D000983,20.0,mg
201309565,D000983,,
202401954,D000983,,
201500622,D001004,2.0,mg
201907587,D001004,2.0,mg
202202342,D001004,2.0,mg
202202344,D001004,2.0,mg
202202358,D001004,2.0,mg
202202359,D001004,2.0,mg
202202360,D001004,2.0,mg
202202361,D001004,2.0,mg
202202394,D001004,2.0,mg
201406032,D001012,30.0,mg
202102595,D001012,30.0,mg
202103410,D001012,30.0,mg
202103411,D001012,30.0,mg
202103413,D001012,30.0,mg
202103440,D001012,30.0,mg
201603372,D001016,100.0,mg
201603373,D001016,50.0,mg
201707914,D001016,50.0,mg
201708383,D001016,200.0,mg
201400537,D001010,50.0,mg
201400538,D001010,100.0,mg
202002453,D001010,50.0,mg
202002454,D001010,100.0,mg
202002458,D001010,100.0,mg
202002459,D001010,50.0,mg
202002460,D001010,100.0,mg
202200501,D001010,25.0,mg
202400587,D001010,100.0,mg
202401555,D001010,50.0,mg
202500838,D001010,25.0,mg
202500934,D001010,25.0,mg
202500935,D001010,25.0,mg
198500241,D000718,,
200300638,D000718,500.0,mg
201903857,D000718,500.0,mg
197000068,D000690,,
200004860,D000690,,
199100969,D000600,,
199202050,D000600,,
199401029,D000600,,
199603319,D000600,,
200402407,D000600,,
200806454,D000600,,
201004772,D000600,60.0,mg
199600863,D000392,,
199600864,D000392,,
199900923,D000392,,
200201439,D000392,,
200202855,D000392,,
200300034,D000392,2.0,mg
200300104,D000392,2.0,mg
200300131,D000392,,
200300144,D000392,2.0,mg
200300200,D000392,,
200300259,D000392,,
200300284,D000392,,
200300296,D000392,,
200300313,D000392,,
200300334,D000392,2.0,mg
200300409,D000392,2.0,mg
200300530,D000392,2.0,mg
200300604,D000392,,
200300661,D000392,,
200300770,D000392,,
200300923,D000392,2.0,mg
200301118,D000392,2.0,mg
200301128,D000392,2.0,mg
200301134,D000392,,
200301601,D000392,,
200301831,D000392,2.0,mg
200302483,D000392,,
200303280,D000392,,
200308551,D000392,2.0,mg
200308841,D000392,,
200400063,D000392,2.0,mg
200400122,D000392,1.0,mg
200400124,D000392,2.0,mg
200400166,D000392,1.0,mg
200400194,D000392,2.0,mg
200400276,D000392,,
200400570,D000392,,
200400660,D000392,,
200400686,D000392,,
200400777,D000392,,
200400801,D000392,,
200400894,D000392,,
200401108,D000392,,
200401285,D000392,2.0,mg
200401323,D000392,2.0,mg
200401371,D000392,,
200401494,D000392,,
200401535,D000392,,
200401699,D000392,2.0,mg
200401743,D000392,,
200401747,D000392,,
200402485,D000392,2.0,mg
200402490,D000392,,
200402602,D000392,,
200402623,D000392,1.0,mg
200402823,D000392,2.0,mg
200402913,D000392,,
200402949,D000392,,
200403237,D000392,,
200403269,D000392,2.0,mg
200403462,D000392,2.0,mg
200403680,D000392,,
200404038,D000392,,
200404217,D000392,2.0,mg
200404740,D000392,2.0,mg
200404852,D000392,,
200410897,D000392,,
200410907,D000392,,
200410943,D000392,,
200411065,D000392,,
200500559,D000392,1.0,mg
200500561,D000392,4.0,mg
200501372,D000392,3.0,mg
200502693,D000392,,
200512325,D000392,,
200605448,D000392,4.0,mg
200606835,D000392,,
200612743,D000392,4.0,mg
200703797,D000392,,
200704611,D000392,4.0,mg
200704612,D000392,4.0,mg
200704613,D000392,4.0,mg
200704614,D000392,4.0,mg
200704615,D000392,4.0,mg
200705107,D000392,2.0,mg
200706320,D000392,4.0,mg
200709818,D000392,4.0,mg
200801332,D000392,3.0,mg
200801333,D000392,4.0,mg
200801495,D000392,,
200802788,D000392,4.0,mg
200803973,D000392,2.0,mg
200805496,D000392,2.0,mg
201203608,D000392,4.0,mg
201301370,D000392,,
201306343,D000392,2.0,mg
201306526,D000392,2.0,mg
201306527,D000392,4.0,mg
201307042,D000392,,
201307473,D000392,2.0,mg
201307853,D000392,2.0,mg
201308597,D000392,,
201309458,D000392,,
201402185,D000392,2.0,mg
201403417,D000392,2.0,mg
201403458,D000392,2.0,mg
201403732,D000392,,
201403961,D000392,2.0,mg
201404009,D000392,4.0,mg
201404010,D000392,2.0,mg
201404267,D000392,,
201501001,D000392,,
201503191,D000392,,
201504970,D000392,4.0,mg
201508304,D000392,2.0,mg
201600980,D000392,,
201603555,D000392,2.0,mg
201603556,D000392,4.0,mg
201604202,D000392,4.0,mg
201702259,D000392,4.0,mg
201801002,D000392,4.0,mg
201801110,D000392,2.0,mg
201801327,D000392,2.0,mg
201802132,D000392,,
201901114,D000392,4.0,mg
201901300,D000392,,
201901767,D000392,,
201902153,D000392,2.0,mg
201903381,D000392,4.0,mg
201903394,D000392,1.0,mg
201904175,D000392,4.0,mg
201904477,D000392,,
201906153,D000392,,
201906350,D000392,4.0,mg
201906365,D000392,2.0,mg
201906464,D000392,2.0,mg
201906632,D000392,4.0,mg
201907571,D000392,,
202000324,D000392,4.0,mg
202000415,D000392,4.0,mg
202000688,D000392,,
202001769,D000392,2.0,mg
202002116,D000392,,
202002784,D000392,4.0,mg
197700114,D000079,,
200600049,D000130,10.0,mg
199907080,D000418,,
199907081,D000418,,
201102762,D000418,,
201103607,D000418,1.0,mg
201112299,D000418,0.5,mg
199900924,D000149,,
199900925,D000149,,
201306313,D001333,,
202501687,D001333,,
202501906,D001333,,
202501983,D001333,,
202501984,D001333,,
202502113,D001333,,
202503191,D001333,50.0,mg
202600199,D001333,,
202601664,D001333,,
202601739,D001333,,
202601787,D001333,,
202602375,D001333,,
199501072,D000442,0.2,mg
199501073,D000442,0.3,mg
200500230,D000442,,
200500400,D000442,,
200500545,D000442,0.3,mg
200706569,D000442,0.3,mg
200708426,D000442,,
200806455,D000442,0.3,mg
201402972,D000442,0.3,mg
201507617,D000442,0.2,mg
201507618,D000442,0.3,mg
201603248,D000442,,
200108671,D000109,15.0,mg
200108672,D000109,30.0,mg
200700868,D000109,,
200701042,D000109,,
200701043,D000109,,
200701045,D000109,,
200702367,D000109,,
200702692,D000109,15.0,mg
200702694,D000109,15.0,mg
200702697,D000109,,
200702710,D000109,15.0,mg
200703201,D000109,,
200703202,D000109,,
200703205,D000109,,
200703229,D000109,,
200703230,D000109,,
200703236,D000109,15.0,mg
200703261,D000109,,
200703452,D000109,15.0,mg
200703458,D000109,,
200703459,D000109,,
200703460,D000109,,
200703462,D000109,,
200703463,D000109,,
200703464,D000109,,
200703601,D000109,,
200703870,D000109,,
200703873,D000109,15.0,mg
200703876,D000109,15.0,mg
200703877,D000109,15.0,mg
200704284,D000109,15.0,mg
200704285,D000109,,
200704286,D000109,,
200704287,D000109,15.0,mg
200704290,D000109,15.0,mg
200704291,D000109,15.0,mg
200704316,D000109,,
200704317,D000109,15.0,mg
200704321,D000109,15.0,mg
200704534,D000109,15.0,mg
200704769,D000109,,
200704960,D000109,,
200705479,D000109,15.0,mg
200706313,D000109,15.0,mg
200706386,D000109,,
200706891,D000109,15.0,mg
200706892,D000109,15.0,mg
200707250,D000109,15.0,mg
200707542,D000109,15.0,mg
200708367,D000109,,
200708368,D000109,,
200708369,D000109,,
200708372,D000109,,
200708428,D000109,15.0,mg
200710496,D000109,15.0,mg
200711148,D000109,,
200711538,D000109,,
200806488,D000109,30.0,mg
200906578,D000109,,
201309032,D000109,,
201404064,D000109,,
201502986,D000109,,
201507941,D000109,15.0,mg
201601149,D000109,,
201708069,D000109,30.0,mg
201708138,D000109,30.0,mg
201801324,D000109,30.0,mg
201802670,D000109,,
201802982,D000109,15.0,mg
201901271,D000109,,
201901673,D000109,15.0,mg
201901765,D000109,30.0,mg
201903743,D000109,30.0,mg
201904309,D000109,30.0,mg
201904418,D000109,15.0,mg
201905085,D000109,30.0,mg
201907026,D000109,30.0,mg
201908131,D000109,15.0,mg
202000624,D000109,30.0,mg
202001690,D000109,30.0,mg
202001748,D000109,,
202001909,D000109,15.0,mg
202002025,D000109,15.0,mg
202002026,D000109,30.0,mg
202002149,D000109,15.0,mg
202003311,D000109,,
202003843,D000109,15.0,mg
202003844,D000109,30.0,mg
202003902,D000109,15.0,mg
202300408,D000109,30.0,mg
202200034,D000692,10.0,mg
202200237,D000692,10.0,mg
202200328,D000692,10.0,mg
202200432,D000692,10.0,mg
202200440,D000692,10.0,mg
202200564,D000692,10.0,mg
202200812,D000692,5.0,mg
202200836,D000692,5.0,mg
202200898,D000692,5.0,mg
202200913,D000692,10.0,mg
202200919,D000692,5.0,mg
202200929,D000692,5.0,mg
202200944,D000692,5.0,mg
202200945,D000692,10.0,mg
202200946,D000692,10.0,mg
202200991,D000692,10.0,mg
202201013,D000692,10.0,mg
202201016,D000692,10.0,mg
202201026,D000692,5.0,mg
202201028,D000692,10.0,mg
202201074,D000692,5.0,mg
202201075,D000692,10.0,mg
202201082,D000692,10.0,mg
202201843,D000692,10.0,mg
202202088,D000692,10.0,mg
202202177,D000692,10.0,mg
202202179,D000692,10.0,mg
202202180,D000692,10.0,mg
202202198,D000692,10.0,mg
202202227,D000692,10.0,mg
202202237,D000692,10.0,mg
202202246,D000692,10.0,mg
202202271,D000692,10.0,mg
202202288,D000692,10.0,mg
202202299,D000692,10.0,mg
202202457,D000692,10.0,mg
202202918,D000692,10.0,mg
202203125,D000692,5.0,mg
202203132,D000692,10.0,mg
202203322,D000692,,
202203469,D000692,10.0,mg
202203475,D000692,10.0,mg
202203754,D000692,10.0,mg
202203843,D000692,5.0,mg
202203948,D000692,10.0,mg
202204016,D000692,10.0,mg
202204126,D000692,10.0,mg
202204210,D000692,5.0,mg
202204294,D000692,5.0,mg
202204301,D000692,5.0,mg
202204312,D000692,5.0,mg
202204313,D000692,10.0,mg
202204325,D000692,5.0,mg
202204329,D000692,5.0,mg
202204351,D000692,5.0,mg
202204364,D000692,5.0,mg
202204370,D000692,5.0,mg
202204416,D000692,5.0,mg
202204478,D000692,10.0,mg
202204518,D000692,5.0,mg
202204688,D000692,5.0,mg
202204690,D000692,5.0,mg
202204699,D000692,10.0,mg
202300026,D000692,10.0,mg
202300038,D000692,10.0,mg
202300205,D000692,,
202300256,D000692,10.0,mg
202300285,D000692,10.0,mg
202300304,D000692,10.0,mg
202300305,D000692,5.0,mg
202300330,D000692,10.0,mg
202300336,D000692,5.0,mg
202300340,D000692,10.0,mg
202300341,D000692,10.0,mg
202300370,D000692,10.0,mg
202300371,D000692,5.0,mg
202300379,D000692,10.0,mg
202300385,D000692,5.0,mg
202300388,D000692,10.0,mg
202300390,D000692,10.0,mg
202300403,D000692,10.0,mg
202300404,D000692,5.0,mg
202300407,D000692,5.0,mg
202300410,D000692,10.0,mg
202300411,D000692,10.0,mg
202300414,D000692,10.0,mg
202300420,D000692,10.0,mg
202300421,D000692,5.0,mg
202300422,D000692,10.0,mg
202300425,D000692,10.0,mg
202301304,D000692,10.0,mg
202302482,D000692,5.0,mg
201403744,D000157,10.0,mg
201403745,D000157,25.0,mg
202101834,D000157,25.0,mg
202101835,D000157,10.0,mg
202101970,D000157,25.0,mg
202101971,D000157,10.0,mg
202102033,D000157,25.0,mg
202102045,D000157,10.0,mg
202102046,D000157,25.0,mg
202102076,D000157,25.0,mg
202102077,D000157,10.0,mg
202102080,D000157,25.0,mg
202102081,D000157,10.0,mg
202102089,D000157,25.0,mg
202102090,D000157,10.0,mg
202102097,D000157,10.0,mg
202102099,D000157,10.0,mg
202102100,D000157,25.0,mg
202102103,D000157,25.0,mg
202102104,D000157,10.0,mg
202102107,D000157,10.0,mg
202102108,D000157,25.0,mg
202102109,D000157,25.0,mg
202102110,D000157,10.0,mg
202102113,D000157,25.0,mg
202102114,D000157,10.0,mg
202102269,D000157,25.0,mg
202102270,D000157,10.0,mg
202102282,D000157,25.0,mg
202102283,D000157,10.0,mg
202102363,D000157,25.0,mg
202102364,D000157,10.0,mg
202102373,D000157,10.0,mg
202102374,D000157,25.0,mg
202102580,D000157,10.0,mg
202102824,D000157,25.0,mg
202102825,D000157,10.0,mg
202104995,D000157,25.0,mg
202105424,D000157,25.0,mg
202105425,D000157,10.0,mg
202105444,D000157,10.0,mg
202105449,D000157,10.0,mg
202105450,D000157,25.0,mg
202105532,D000157,25.0,mg
202105533,D000157,10.0,mg
202105536,D000157,25.0,mg
202105537,D000157,10.0,mg
202105545,D000157,25.0,mg
202105546,D000157,10.0,mg
202105609,D000157,10.0,mg
202105610,D000157,25.0,mg
202105611,D000157,25.0,mg
202105612,D000157,10.0,mg
202105613,D000157,25.0,mg
202105614,D000157,10.0,mg
202105615,D000157,10.0,mg
202105616,D000157,25.0,mg
202105848,D000157,25.0,mg
202105849,D000157,10.0,mg
202105907,D000157,25.0,mg
202105908,D000157,10.0,mg
202501913,D000157,750.0,mg
202601734,D000157,10.0,mg
202601735,D000157,25.0,mg
202303030,D000744,12.5,mg
202303031,D000744,25.0,mg
201502790,D001066,100.0,mg
201507014,D001008,5.0,mg
201205933,D000670,50.0,mg
201106367,D000117,,
201801784,D000117,5.0,mg
201801836,D000117,5.0,mg
201801837,D000117,5.0,mg
201801842,D000117,5.0,mg
201801878,D000117,5.0,mg
201803133,D000117,,
201803154,D000117,,
201803845,D000117,,
201804141,D000117,5.0,mg
201805130,D000117,5.0,mg
201805437,D000117,,
201900150,D000117,,
201900179,D000117,5.0,mg
201900193,D000117,,
201900194,D000117,,
201900708,D000117,,
201901206,D000117,5.0,mg
201901237,D000117,,
201901817,D000117,5.0,mg
201902174,D000117,5.0,mg
201902440,D000117,,
201903081,D000117,5.0,mg
201903547,D000117,,
201903610,D000117,,
201904712,D000117,5.0,mg
201906128,D000117,,
201908011,D000117,5.0,mg
202000322,D000117,5.0,mg
202000323,D000117,5.0,mg
202000382,D000117,,
202002013,D000117,5.0,mg
202003187,D000117,5.0,mg
202004750,D000117,5.0,mg
202100814,D000117,5.0,mg
202200756,D000117,5.0,mg
202401209,D000117,5.0,mg
201100373,D000335,5.0,mg
201100374,D000335,2.5,mg
200710758,D000244,50.0,mg
200710759,D000244,100.0,mg
200710760,D000244,25.0,mg
201503179,D000244,50.0,mg
201503180,D000244,100.0,mg
201503213,D000244,50.0,mg
201503214,D000244,100.0,mg
201503223,D000244,100.0,mg
201503224,D000244,50.0,mg
201503228,D000244,50.0,mg
201503232,D000244,100.0,mg
201503476,D000244,100.0,mg
201503507,D000244,25.0,mg
201503508,D000244,50.0,mg
201504251,D000244,100.0,mg
201504252,D000244,50.0,mg
201907995,D000244,100.0,mg
202000060,D000244,100.0,mg
202002248,D000244,25.0,mg
202002249,D000244,50.0,mg
202004025,D000244,25.0,mg
202004026,D000244,50.0,mg
202004027,D000244,100.0,mg
202004028,D000244,100.0,mg
202004029,D000244,50.0,mg
202004030,D000244,25.0,mg
202004039,D000244,25.0,mg
202004040,D000244,50.0,mg
202004041,D000244,100.0,mg
202004043,D000244,25.0,mg
202004044,D000244,50.0,mg
202004045,D000244,100.0,mg
202004046,D000244,25.0,mg
202004047,D000244,50.0,mg
202004048,D000244,100.0,mg
202004051,D000244,25.0,mg
202004052,D000244,50.0,mg
202004053,D000244,100.0,mg
202004061,D000244,50.0,mg
202004062,D000244,100.0,mg
202004063,D000244,25.0,mg
202004065,D000244,50.0,mg
202004066,D000244,100.0,mg
202004067,D000244,100.0,mg
202004068,D000244,50.0,mg
202005113,D000244,100.0,mg
202005195,D000244,50.0,mg
202005196,D000244,100.0,mg
202005197,D000244,25.0,mg
202005307,D000244,100.0,mg
202005308,D000244,50.0,mg
202005485,D000244,100.0,mg
202005486,D000244,25.0,mg
202005487,D000244,50.0,mg
202005610,D000244,100.0,mg
202005611,D000244,50.0,mg
202005612,D000244,25.0,mg
202005701,D000244,25.0,mg
202005702,D000244,50.0,mg
202005703,D000244,100.0,mg
202005816,D000244,50.0,mg
202005818,D000244,100.0,mg
202005910,D000244,25.0,mg
202005911,D000244,50.0,mg
202005912,D000244,100.0,mg
202007523,D000244,50.0,mg
202007734,D000244,100.0,mg
202100007,D000244,100.0,mg
202100076,D000244,50.0,mg
202100078,D000244,100.0,mg
202100085,D000244,25.0,mg
202100086,D000244,50.0,mg
202100087,D000244,100.0,mg
202100091,D000244,100.0,mg
202100172,D000244,50.0,mg
202100851,D000244,100.0,mg
202100852,D000244,50.0,mg
202100853,D000244,25.0,mg
202101000,D000244,50.0,mg
202101003,D000244,100.0,mg
202101174,D000244,50.0,mg
202101175,D000244,25.0,mg
202101176,D000244,100.0,mg
202101255,D000244,25.0,mg
202101256,D000244,50.0,mg
202101257,D000244,100.0,mg
202101298,D000244,25.0,mg
202101299,D000244,50.0,mg
202101300,D000244,100.0,mg
202101303,D000244,50.0,mg
202101304,D000244,25.0,mg
202101305,D000244,100.0,mg
202101320,D000244,50.0,mg
202101321,D000244,100.0,mg
202101369,D000244,100.0,mg
202101370,D000244,25.0,mg
202101371,D000244,50.0,mg
202101404,D000244,50.0,mg
202101405,D000244,100.0,mg
202101406,D000244,25.0,mg
202101746,D000244,50.0,mg
202101748,D000244,100.0,mg
202101812,D000244,25.0,mg
202101813,D000244,50.0,mg
202101814,D000244,100.0,mg
202101846,D000244,50.0,mg
202101847,D000244,25.0,mg
202101848,D000244,100.0,mg
202101851,D000244,100.0,mg
202101859,D000244,50.0,mg
202101860,D000244,25.0,mg
202101861,D000244,100.0,mg
202101984,D000244,50.0,mg
202101985,D000244,100.0,mg
202102015,D000244,50.0,mg
202102016,D000244,25.0,mg
202102017,D000244,100.0,mg
202102395,D000244,50.0,mg
202102396,D000244,25.0,mg
202102397,D000244,100.0,mg
202102407,D000244,50.0,mg
202102408,D000244,25.0,mg
202102409,D000244,100.0,mg
202102456,D000244,100.0,mg
202102457,D000244,50.0,mg
202102463,D000244,50.0,mg
202102464,D000244,25.0,mg
202102465,D000244,100.0,mg
202102483,D000244,50.0,mg
202102484,D000244,25.0,mg
202102485,D000244,100.0,mg
202102608,D000244,50.0,mg
202102609,D000244,25.0,mg
202102610,D000244,100.0,mg
202102660,D000244,50.0,mg
202102661,D000244,100.0,mg
202102662,D000244,25.0,mg
202102719,D000244,50.0,mg
202102720,D000244,25.0,mg
202102721,D000244,100.0,mg
202102830,D000244,25.0,mg
202102831,D000244,50.0,mg
202102832,D000244,100.0,mg
202102956,D000244,100.0,mg
202102957,D000244,25.0,mg
202102958,D000244,50.0,mg
202103504,D000244,50.0,mg
202103505,D000244,100.0,mg
202107871,D000244,100.0,mg
202108141,D000244,25.0,mg
202108142,D000244,50.0,mg
202108143,D000244,100.0,mg
202301821,D000244,100.0,mg
202301822,D000244,50.0,mg
202301823,D000244,25.0,mg
202301860,D000244,25.0,mg
202301923,D000244,50.0,mg
202301924,D000244,100.0,mg
202301940,D000244,100.0,mg
202301941,D000244,50.0,mg
202301944,D000244,100.0,mg
202301961,D000244,50.0,mg
202301962,D000244,100.0,mg
202301972,D000244,50.0,mg
202302013,D000244,100.0,mg
202302014,D000244,50.0,mg
202400102,D000244,50.0,mg
202400103,D000244,25.0,mg
202400181,D000244,25.0,mg
202400182,D000244,50.0,mg
201402038,D000680,20.0,mg
201908042,D000445,50.0,mg
201908043,D000445,50.0,mg
202101878,D000445,50.0,mg
202102037,D000445,50.0,mg
202102182,D000445,50.0,mg
202102255,D000445,50.0,mg
202102288,D000445,50.0,mg
202103149,D000445,50.0,mg
202200077,D000445,50.0,mg
202200087,D000445,50.0,mg
202200168,D000445,,
202200347,D000445,,
202200365,D000445,50.0,mg
201503164,D001007,0.75,mg
201503166,D001007,1.5,mg
202203968,D001007,3.0,mg
202203969,D001007,4.5,mg
200210110,D001351,,
200210111,D001351,,
200307983,D001351,,
200806023,D001351,,
201802919,D001351,,
201802922,D001351,,
201401272,D001330,,
201507921,D001349,,
201902863,D001544,1.0,mg
201902864,D001544,2.0,mg
201902865,D001544,3.0,mg
202002178,D001544,1.0,mg
202002179,D001544,3.0,mg
202002180,D001544,2.0,mg
202008746,D001544,1.0,mg
202008747,D001544,2.0,mg
202008748,D001544,3.0,mg
197800055,D000140,200.0,mg
197800085,D000140,,
197800134,D000140,,
197800165,D000140,,
197800307,D000140,,
197900284,D000140,,
198401252,D000140,400.0,mg
198401253,D000140,200.0,mg
198902026,D000140,,
199501948,D000140,,
199703352,D000140,,
200200521,D000140,300.0,mg
200302205,D000140,400.0,mg
200400584,D000140,200.0,mg
200402420,D000140,,
200403137,D000140,200.0,mg
200501464,D000140,,
200503802,D000140,,
200700560,D000140,400.0,mg
200705143,D000140,,
200801546,D000140,,
201307160,D000140,200.0,mg
201307639,D000140,,
201307937,D000140,,
201309545,D000140,200.0,mg
201401937,D000140,,
201402013,D000140,,
201402848,D000140,200.0,mg
201403734,D000140,,
201403952,D000140,200.0,mg
201500315,D000140,200.0,mg
198600114,D001615,20.0,mg
198600161,D001615,20.0,mg
198700019,D001615,,
198700535,D001615,,
198701520,D001615,,
198800679,D001615,20.0,mg
198800805,D001615,,
198801655,D001615,,
198802273,D001615,20.0,mg
198802643,D001615,20.0,mg
198900881,D001615,20.0,mg
199002111,D001615,20.0,mg
199100628,D001615,,
199200163,D001615,,
199501743,D001615,20.0,mg
199501906,D001615,,
199502833,D001615,,
199701481,D001615,,
199701610,D001615,,
199801441,D001615,40.0,mg
199902683,D001615,20.0,mg
200109233,D001615,20.0,mg
200300306,D001615,,
200301098,D001615,20.0,mg
200401211,D001615,,
200401857,D001615,20.0,mg
200402057,D001615,,
200403434,D001615,,
200404690,D001615,20.0,mg
200404747,D001615,20.0,mg
200404863,D001615,,
200501506,D001615,40.0,mg
200606623,D001615,20.0,mg
200702184,D001615,40.0,mg
200702185,D001615,20.0,mg
201306176,D001615,,
201309037,D001615,40.0,mg
201309054,D001615,,
201401404,D001615,20.0,mg
201405795,D001615,20.0,mg
201500041,D001615,10.0,mg
201500465,D001615,20.0,mg
201502448,D001615,20.0,mg
201600426,D001615,,
201601090,D001615,,
201603733,D001615,,
201707053,D001615,20.0,mg
201902956,D001615,20.0,mg
201905898,D001615,20.0,mg
201907237,D001615,20.0,mg
201907803,D001615,20.0,mg
201908163,D001615,20.0,mg
201908164,D001615,,
201908167,D001615,20.0,mg
201908381,D001615,20.0,mg
201908382,D001615,,
201908518,D001615,10.0,mg
201908634,D001615,20.0,mg
201908709,D001615,20.0,mg
202000058,D001615,20.0,mg
202000261,D001615,,
202000319,D001615,20.0,mg
202000321,D001615,20.0,mg
202000327,D001615,20.0,mg
202000421,D001615,,
202000472,D001615,10.0,mg
202000476,D001615,20.0,mg
202000477,D001615,20.0,mg
202000535,D001615,20.0,mg
202000553,D001615,20.0,mg
202000561,D001615,20.0,mg
202000577,D001615,10.0,mg
202000592,D001615,20.0,mg
202000598,D001615,10.0,mg
202000621,D001615,,
202000647,D001615,10.0,mg
202000704,D001615,10.0,mg
202000831,D001615,10.0,mg
202001046,D001615,20.0,mg
202001195,D001615,10.0,mg
202001328,D001615,,
202001463,D001615,20.0,mg
202001664,D001615,20.0,mg
202001730,D001615,,
202001760,D001615,10.0,mg
202001905,D001615,20.0,mg
202001943,D001615,,
202002034,D001615,,
202002156,D001615,,
202002215,D001615,20.0,mg
202002369,D001615,20.0,mg
202002646,D001615,,
202002820,D001615,20.0,mg
202002906,D001615,,
202002958,D001615,20.0,mg
202003064,D001615,20.0,mg
202003177,D001615,,
202003282,D001615,20.0,mg
202003288,D001615,10.0,mg
202003411,D001615,,
202003528,D001615,,
202003572,D001615,20.0,mg
202003699,D001615,10.0,mg
202004089,D001615,20.0,mg
202005998,D001615,,
202006820,D001615,10.0,mg
202007434,D001615,10.0,mg
202106054,D001615,10.0,mg
202200835,D001615,20.0,mg
202201153,D001615,10.0,mg
202202238,D001615,20.0,mg
202202398,D001615,10.0,mg
202202399,D001615,10.0,mg
202203264,D001615,20.0,mg
202300724,D001615,40.0,mg
202501470,D001615,10.0,mg
202502157,D001615,,
202601220,D001615,,
202601351,D001615,,
200607849,D001488,10.0,mg
201302934,D001488,,
201302935,D001488,,
201302936,D001488,10.0,mg
201302942,D001488,,
201302948,D001488,10.0,mg
201304804,D001488,10.0,mg
201306454,D001488,10.0,mg
201309360,D001488,,
201309776,D001488,10.0,mg
201310399,D001488,10.0,mg
201310782,D001488,,
201401316,D001488,10.0,mg
201402022,D001488,,
201402431,D001488,10.0,mg
201405104,D001488,10.0,mg
201507415,D001488,10.0,mg
201601643,D001488,10.0,mg
201603129,D001488,,
201603257,D001488,10.0,mg
201802817,D001488,10.0,mg
201804019,D001488,10.0,mg
201901881,D001488,,
201901970,D001488,10.0,mg
201902331,D001488,10.0,mg
201902683,D001488,10.0,mg
201903334,D001488,10.0,mg
201904176,D001488,10.0,mg
201904378,D001488,,
201905660,D001488,10.0,mg
201908447,D001488,10.0,mg
201908602,D001488,,
201908603,D001488,10.0,mg
202000478,D001488,10.0,mg
202000494,D001488,,
202000822,D001488,,
202001488,D001488,10.0,mg
202001816,D001488,10.0,mg
202001820,D001488,10.0,mg
202001934,D001488,10.0,mg
202001978,D001488,10.0,mg
202002207,D001488,10.0,mg
202002220,D001488,10.0,mg
202002641,D001488,10.0,mg
202002962,D001488,10.0,mg
202003598,D001488,10.0,mg
202003718,D001488,,
199900052,D001489,,
200000919,D001489,,
200404671,D001489,150.0,mg
200600495,D001489,,
201307601,D001489,,
201403769,D001489,,
201600879,D001489,150.0,mg
201603493,D001489,150.0,mg
201707669,D001489,150.0,mg
201708633,D001489,,
201804718,D001489,,
201902410,D001489,150.0,mg
201905282,D001489,150.0,mg
201907139,D001489,150.0,mg
201907278,D001489,150.0,mg
201907346,D001489,150.0,mg
200705252,D001616,,
200802960,D001616,,
201403003,D001616,,
201403286,D001616,,
201607339,D001616,,
200100602,D001490,,
200202753,D001490,75.0,mg
200300026,D001490,,
200300431,D001490,37.5,mg
200301683,D001490,75.0,mg
200501198,D001490,75.0,mg
200503334,D001490,,
200809389,D001490,37.5,mg
202300452,D001490,,
202301663,D001490,75.0,mg
202301664,D001490,,
202302536,D001490,75.0,mg
202400970,D001490,37.5,mg
201604386,D000168,20.0,mg
201701111,D000168,10.0,mg
199701916,D000699,30.0,mg
200301047,D000699,,
200301515,D000699,15.0,mg
200301899,D000699,,
200400195,D000699,,
200401591,D000699,,
200402350,D000699,,
200402541,D000699,,
200403236,D000699,,
200403850,D000699,,
200404855,D000699,,
200500377,D000699,,
200502721,D000699,,
200510973,D000699,15.0,mg
200510974,D000699,30.0,mg
200608262,D000699,,
200702917,D000699,15.0,mg
201110631,D000699,30.0,mg
201208079,D000699,15.0,mg
201402846,D000699,15.0,mg
201404060,D000699,30.0,mg
201405516,D000699,30.0,mg
201405523,D000699,15.0,mg
201501764,D000699,15.0,mg
201207343,D000695,30.0,mg
201207344,D000695,60.0,mg
201802449,D000695,60.0,mg
201802450,D000695,30.0,mg
199200236,D000469,20.0,mg
199302187,D000469,20.0,mg
199900120,D000469,40.0,mg
199902308,D000469,10.0,mg
200301653,D000469,40.0,mg
200009026,D000153,40.0,mg
200009027,D000153,20.0,mg
200711655,D000153,40.0,mg
200713519,D000153,20.0,mg
201101857,D000153,20.0,mg
201402463,D000153,20.0,mg
201402464,D000153,40.0,mg
201402912,D000153,40.0,mg
201402913,D000153,20.0,mg
201403414,D000153,20.0,mg
201403418,D000153,40.0,mg
201403448,D000153,20.0,mg
201403449,D000153,40.0,mg
201403489,D000153,20.0,mg
201403490,D000153,40.0,mg
201403553,D000153,40.0,mg
201403554,D000153,20.0,mg
201403572,D000153,20.0,mg
201403573,D000153,40.0,mg
201403797,D000153,40.0,mg
201403798,D000153,20.0,mg
201403819,D000153,20.0,mg
201403820,D000153,40.0,mg
201403996,D000153,40.0,mg
201403997,D000153,20.0,mg
201404031,D000153,40.0,mg
201404418,D000153,20.0,mg
201404419,D000153,40.0,mg
201404587,D000153,20.0,mg
201404588,D000153,40.0,mg
201404633,D000153,40.0,mg
201404634,D000153,20.0,mg
201404651,D000153,20.0,mg
201404652,D000153,40.0,mg
201404654,D000153,20.0,mg
201404655,D000153,40.0,mg
201404800,D000153,40.0,mg
201404801,D000153,20.0,mg
201404824,D000153,20.0,mg
201404825,D000153,40.0,mg
201405108,D000153,20.0,mg
201405109,D000153,40.0,mg
201500107,D000153,20.0,mg
201500108,D000153,40.0,mg
201501774,D000153,20.0,mg
201504200,D000153,20.0,mg
201504201,D000153,40.0,mg
201504250,D000153,40.0,mg
201505853,D000153,40.0,mg
201506190,D000153,20.0,mg
201506635,D000153,20.0,mg
201506636,D000153,40.0,mg
201506665,D000153,20.0,mg
201506666,D000153,40.0,mg
201506736,D000153,20.0,mg
201506737,D000153,40.0,mg
201506743,D000153,20.0,mg
201506744,D000153,40.0,mg
201506832,D000153,40.0,mg
201506833,D000153,20.0,mg
201507071,D000153,20.0,mg
201507072,D000153,40.0,mg
201507270,D000153,40.0,mg
201507272,D000153,20.0,mg
201507290,D000153,40.0,mg
201507370,D000153,40.0,mg
201507371,D000153,20.0,mg
201507477,D000153,20.0,mg
201507478,D000153,40.0,mg
201507644,D000153,20.0,mg
201507645,D000153,40.0,mg
201507736,D000153,40.0,mg
201507741,D000153,40.0,mg
201507775,D000153,40.0,mg
201507785,D000153,40.0,mg
201507786,D000153,20.0,mg
201507831,D000153,40.0,mg
201507947,D000153,20.0,mg
201507948,D000153,40.0,mg
201508280,D000153,20.0,mg
201508308,D000153,20.0,mg
201508404,D000153,20.0,mg
201508405,D000153,40.0,mg
201508409,D000153,40.0,mg
201508410,D000153,20.0,mg
201508461,D000153,40.0,mg
201508476,D000153,20.0,mg
201508477,D000153,40.0,mg
201508509,D000153,20.0,mg
201508511,D000153,40.0,mg
201508512,D000153,20.0,mg
201600191,D000153,20.0,mg
201600209,D000153,20.0,mg
201600210,D000153,40.0,mg
201600320,D000153,40.0,mg
201600519,D000153,20.0,mg
201600679,D000153,40.0,mg
201600759,D000153,40.0,mg
201600760,D000153,20.0,mg
201600875,D000153,20.0,mg
201600986,D000153,20.0,mg
201601492,D000153,20.0,mg
201601493,D000153,40.0,mg
201601692,D000153,40.0,mg
201601693,D000153,20.0,mg
201601785,D000153,40.0,mg
201601786,D000153,20.0,mg
201602142,D000153,20.0,mg
201602266,D000153,20.0,mg
201602287,D000153,40.0,mg
201602904,D000153,40.0,mg
201602905,D000153,20.0,mg
201603062,D000153,40.0,mg
201603063,D000153,20.0,mg
201603584,D000153,20.0,mg
201603652,D000153,20.0,mg
201603653,D000153,40.0,mg
201603677,D000153,40.0,mg
201603678,D000153,20.0,mg
201604089,D000153,40.0,mg
201604106,D000153,20.0,mg
201604269,D000153,40.0,mg
201604270,D000153,20.0,mg
201604346,D000153,20.0,mg
201604744,D000153,40.0,mg
201604866,D000153,20.0,mg
201604867,D000153,40.0,mg
201605615,D000153,20.0,mg
201605617,D000153,40.0,mg
201606894,D000153,40.0,mg
201700258,D000153,40.0,mg
201700280,D000153,20.0,mg
201700947,D000153,20.0,mg
201701081,D000153,40.0,mg
201701082,D000153,20.0,mg
201707157,D000153,20.0,mg
201707158,D000153,40.0,mg
201801462,D000153,40.0,mg
201801463,D000153,20.0,mg
201801827,D000153,20.0,mg
201801828,D000153,40.0,mg
201803139,D000153,40.0,mg
201803140,D000153,20.0,mg
201803141,D000153,20.0,mg
201803826,D000153,20.0,mg
201803827,D000153,40.0,mg
201804136,D000153,40.0,mg
201804137,D000153,20.0,mg
201804329,D000153,20.0,mg
201900295,D000153,40.0,mg
201900296,D000153,20.0,mg
201900623,D000153,40.0,mg
201900627,D000153,40.0,mg
201900628,D000153,20.0,mg
201901521,D000153,20.0,mg
201901523,D000153,40.0,mg
201901885,D000153,40.0,mg
201902217,D000153,20.0,mg
201902733,D000153,40.0,mg
201902734,D000153,20.0,mg
201903113,D000153,20.0,mg
201903269,D000153,40.0,mg
201903605,D000153,40.0,mg
201903752,D000153,20.0,mg
201903753,D000153,40.0,mg
201904443,D000153,20.0,mg
201904444,D000153,40.0,mg
201905067,D000153,20.0,mg
201905236,D000153,40.0,mg
201905243,D000153,20.0,mg
201905244,D000153,40.0,mg
201905342,D000153,40.0,mg
201905343,D000153,20.0,mg
201905654,D000153,40.0,mg
201905655,D000153,20.0,mg
201906198,D000153,40.0,mg
201906199,D000153,20.0,mg
201906201,D000153,40.0,mg
201906202,D000153,20.0,mg
201906447,D000153,40.0,mg
201906448,D000153,20.0,mg
201906565,D000153,40.0,mg
201906566,D000153,20.0,mg
201906609,D000153,20.0,mg
201906610,D000153,40.0,mg
201906673,D000153,40.0,mg
201906915,D000153,20.0,mg
201907046,D000153,20.0,mg
201907047,D000153,40.0,mg
201907091,D000153,20.0,mg
201907454,D000153,40.0,mg
201907455,D000153,20.0,mg
201907479,D000153,20.0,mg
201907480,D000153,40.0,mg
201907879,D000153,20.0,mg
201907881,D000153,40.0,mg
201908379,D000153,40.0,mg
201908380,D000153,20.0,mg
202000181,D000153,20.0,mg
202000182,D000153,40.0,mg
202000225,D000153,20.0,mg
202000226,D000153,40.0,mg
202001244,D000153,40.0,mg
202002267,D000153,,
202002942,D000153,20.0,mg
202003556,D000153,40.0,mg
202003557,D000153,20.0,mg
202003714,D000153,20.0,mg
202006602,D000153,20.0,mg
202006759,D000153,40.0,mg
202006760,D000153,20.0,mg
202007779,D000153,20.0,mg
202007780,D000153,40.0,mg
202101869,D000153,40.0,mg
202101870,D000153,20.0,mg
202101871,D000153,40.0,mg
202101872,D000153,20.0,mg
202105725,D000153,40.0,mg
202105726,D000153,20.0,mg
202106814,D000153,40.0,mg
202106815,D000153,20.0,mg
202107680,D000153,,
202107681,D000153,10.0,mg
202203716,D000153,10.0,mg
199906907,D000386,,
200400173,D000386,,
200400910,D000386,40.0,mg
200410942,D000386,40.0,mg
200500665,D000386,,
200502598,D000386,40.0,mg
200502900,D000386,40.0,mg
200512238,D000386,20.0,mg
200604184,D000386,,
200605482,D000386,20.0,mg
200608319,D000386,,
200701739,D000386,,
200702319,D000386,,
200702870,D000386,40.0,mg
200702970,D000386,20.0,mg
200703733,D000386,20.0,mg
200704994,D000386,40.0,mg
200705176,D000386,20.0,mg
200705215,D000386,20.0,mg
200709335,D000386,,
200810340,D000386,20.0,mg
201006491,D000386,40.0,mg
201006492,D000386,20.0,mg
201006905,D000386,20.0,mg
201006906,D000386,40.0,mg
201200590,D000386,20.0,mg
201200647,D000386,,
201200648,D000386,,
201206431,D000386,40.0,mg
201400351,D000386,40.0,mg
201401483,D000386,,
201404539,D000386,20.0,mg
201502493,D000386,20.0,mg
201502710,D000386,40.0,mg
201504694,D000386,,
201605861,D000386,20.0,mg
201706571,D000386,40.0,mg
201706572,D000386,20.0,mg
201803785,D000386,40.0,mg
201906797,D000386,40.0,mg
201906798,D000386,20.0,mg
201908675,D000386,40.0,mg
201908676,D000386,20.0,mg
202000437,D000386,40.0,mg
202000438,D000386,20.0,mg
202002803,D000386,40.0,mg
202002804,D000386,20.0,mg
202107096,D000386,,
200004370,D000204,,
200004371,D000204,,
200607667,D000204,20.0,mg
200610952,D000204,,
200610958,D000204,,
200610960,D000204,20.0,mg
200610961,D000204,10.0,mg
200610979,D000204,10.0,mg
200610980,D000204,20.0,mg
200610993,D000204,10.0,mg
200611006,D000204,,
200611007,D000204,,
200611010,D000204,,
200611016,D000204,10.0,mg
200611017,D000204,20.0,mg
200611052,D000204,10.0,mg
200611053,D000204,20.0,mg
200611090,D000204,10.0,mg
200611091,D000204,20.0,mg
200611119,D000204,10.0,mg
200611303,D000204,10.0,mg
200611304,D000204,20.0,mg
200611324,D000204,10.0,mg
200611325,D000204,20.0,mg
200611332,D000204,10.0,mg
200611386,D000204,20.0,mg
200701491,D000204,20.0,mg
200702523,D000204,10.0,mg
200702532,D000204,10.0,mg
200702534,D000204,10.0,mg
200702536,D000204,10.0,mg
200702538,D000204,10.0,mg
200702540,D000204,10.0,mg
200702543,D000204,20.0,mg
200702545,D000204,20.0,mg
200702549,D000204,20.0,mg
200702551,D000204,20.0,mg
200703132,D000204,20.0,mg
200703171,D000204,10.0,mg
200703173,D000204,20.0,mg
200703180,D000204,20.0,mg
200703181,D000204,20.0,mg
200703184,D000204,20.0,mg
200703185,D000204,20.0,mg
200703453,D000204,10.0,mg
200704319,D000204,10.0,mg
200704320,D000204,10.0,mg
200704322,D000204,10.0,mg
200708356,D000204,20.0,mg
200708357,D000204,10.0,mg
200708376,D000204,20.0,mg
200800405,D000204,10.0,mg
200807539,D000204,10.0,mg
201106390,D000204,20.0,mg
201206679,D000204,10.0,mg
201206680,D000204,20.0,mg
201206682,D000204,10.0,mg
201206683,D000204,20.0,mg
201208080,D000204,20.0,mg
201208286,D000204,10.0,mg
201210241,D000204,10.0,mg
201210242,D000204,20.0,mg
201304287,D000204,10.0,mg
201304288,D000204,20.0,mg
201305968,D000204,10.0,mg
201305969,D000204,20.0,mg
201307416,D000204,20.0,mg
201308595,D000204,10.0,mg
201308596,D000204,20.0,mg
201308942,D000204,20.0,mg
201310148,D000204,10.0,mg
201310149,D000204,20.0,mg
201310251,D000204,10.0,mg
201310252,D000204,20.0,mg
201310313,D000204,10.0,mg
201310362,D000204,10.0,mg
201310387,D000204,20.0,mg
201310720,D000204,20.0,mg
201310766,D000204,,
201310780,D000204,10.0,mg
201310781,D000204,20.0,mg
201310824,D000204,10.0,mg
201310825,D000204,20.0,mg
201310977,D000204,20.0,mg
201310978,D000204,10.0,mg
201400156,D000204,10.0,mg
201400354,D000204,20.0,mg
201400372,D000204,10.0,mg
201400422,D000204,20.0,mg
201400957,D000204,10.0,mg
201401471,D000204,10.0,mg
201401472,D000204,20.0,mg
201403050,D000204,20.0,mg
201403199,D000204,20.0,mg
201403217,D000204,10.0,mg
201403528,D000204,10.0,mg
201403529,D000204,20.0,mg
201403617,D000204,20.0,mg
201403698,D000204,10.0,mg
201403759,D000204,10.0,mg
201403760,D000204,20.0,mg
201404093,D000204,20.0,mg
201404198,D000204,10.0,mg
201404295,D000204,10.0,mg
201404296,D000204,20.0,mg
201405073,D000204,20.0,mg
201405079,D000204,20.0,mg
201405080,D000204,10.0,mg
201405519,D000204,20.0,mg
201405520,D000204,10.0,mg
201405854,D000204,10.0,mg
201500023,D000204,20.0,mg
201500025,D000204,10.0,mg
201500211,D000204,20.0,mg
201500212,D000204,10.0,mg
201500901,D000204,10.0,mg
201502866,D000204,20.0,mg
201504259,D000204,10.0,mg
201504260,D000204,20.0,mg
201505133,D000204,10.0,mg
201505134,D000204,20.0,mg
201506571,D000204,10.0,mg
201506640,D000204,20.0,mg
201506842,D000204,10.0,mg
201506843,D000204,20.0,mg
201507195,D000204,10.0,mg
201507196,D000204,20.0,mg
201507453,D000204,10.0,mg
201507454,D000204,20.0,mg
201508478,D000204,20.0,mg
201601059,D000204,10.0,mg
201601060,D000204,20.0,mg
201603105,D000204,10.0,mg
201603443,D000204,10.0,mg
201603444,D000204,20.0,mg
201603478,D000204,10.0,mg
201603479,D000204,20.0,mg
201603580,D000204,20.0,mg
201603749,D000204,20.0,mg
201603763,D000204,20.0,mg
201603764,D000204,10.0,mg
201603795,D000204,10.0,mg
201603796,D000204,20.0,mg
201603803,D000204,20.0,mg
201603804,D000204,10.0,mg
201603907,D000204,20.0,mg
201603908,D000204,10.0,mg
201603958,D000204,10.0,mg
201801440,D000204,10.0,mg
201802722,D000204,10.0,mg
201802723,D000204,20.0,mg
201804686,D000204,20.0,mg
201805144,D000204,10.0,mg
201805355,D000204,10.0,mg
201805356,D000204,20.0,mg
201900076,D000204,10.0,mg
201900077,D000204,20.0,mg
201900772,D000204,20.0,mg
201900778,D000204,10.0,mg
201900826,D000204,20.0,mg
201900849,D000204,20.0,mg
201901175,D000204,10.0,mg
201901255,D000204,5.0,mg
201901301,D000204,10.0,mg
201901302,D000204,20.0,mg
201901393,D000204,10.0,mg
201901579,D000204,10.0,mg
201901690,D000204,20.0,mg
201901691,D000204,10.0,mg
201901743,D000204,20.0,mg
201901828,D000204,10.0,mg
201901829,D000204,20.0,mg
201901830,D000204,10.0,mg
201901920,D000204,10.0,mg
201902109,D000204,20.0,mg
201902161,D000204,20.0,mg
201902206,D000204,10.0,mg
201902208,D000204,10.0,mg
201902327,D000204,10.0,mg
201902335,D000204,10.0,mg
201902815,D000204,10.0,mg
201902816,D000204,20.0,mg
201903125,D000204,10.0,mg
201903126,D000204,20.0,mg
201903193,D000204,10.0,mg
201903282,D000204,20.0,mg
201903332,D000204,20.0,mg
201903357,D000204,10.0,mg
201903700,D000204,20.0,mg
201903722,D000204,10.0,mg
201903801,D000204,20.0,mg
201904371,D000204,10.0,mg
201904372,D000204,20.0,mg
201904442,D000204,20.0,mg
201904754,D000204,20.0,mg
201905355,D000204,10.0,mg
201905356,D000204,20.0,mg
201905829,D000204,10.0,mg
201906769,D000204,10.0,mg
201906770,D000204,20.0,mg
201906996,D000204,10.0,mg
201907138,D000204,20.0,mg
201907782,D000204,10.0,mg
201907783,D000204,20.0,mg
201908081,D000204,20.0,mg
201908287,D000204,10.0,mg
201908288,D000204,20.0,mg
202000031,D000204,10.0,mg
202000215,D000204,10.0,mg
202000217,D000204,20.0,mg
202001721,D000204,10.0,mg
202001722,D000204,20.0,mg
202002384,D000204,10.0,mg
202002385,D000204,20.0,mg
202303014,D000204,5.0,mg
200500564,D000301,200.0,mg
201802815,D001367,50.0,mg
202200635,D001367,50.0,mg
202203018,D001367,25.0,mg
202300722,D001367,25.0,mg
202500754,D001367,50.0,mg
202500755,D001367,25.0,mg
202501770,D001367,50.0,mg
202502530,D001367,50.0,mg
202502750,D001367,50.0,mg
202503027,D001367,50.0,mg
202503031,D001367,50.0,mg
202503032,D001367,25.0,mg
202503034,D001367,50.0,mg
202503035,D001367,25.0,mg
202600880,D001367,25.0,mg
202600881,D001367,50.0,mg
202600882,D001367,,
202601005,D001367,50.0,mg
202601040,D001367,50.0,mg
202601041,D001367,25.0,mg
202601067,D001367,25.0,mg
202601068,D001367,50.0,mg
202601069,D001367,50.0,mg
202601070,D001367,25.0,mg
202601071,D001367,25.0,mg
202601072,D001367,50.0,mg
202601117,D001367,25.0,mg
202601118,D001367,50.0,mg
202601124,D001367,25.0,mg
202601125,D001367,50.0,mg
202601289,D001367,50.0,mg
202601291,D001367,25.0,mg
202601297,D001367,50.0,mg
202601298,D001367,25.0,mg
202601817,D001367,25.0,mg
202601818,D001367,50.0,mg
202602025,D001367,25.0,mg
202602026,D001367,50.0,mg
202602079,D001367,50.0,mg
202602080,D001367,25.0,mg
202602331,D001367,50.0,mg
202602332,D001367,25.0,mg
202602336,D001367,50.0,mg
202602337,D001367,25.0,mg
202602338,D001367,25.0,mg
202602339,D001367,50.0,mg
202602462,D001367,50.0,mg
202602463,D001367,25.0,mg
202602464,D001367,50.0,mg
202602465,D001367,25.0,mg
202503224,D001410,20.0,mg
202503225,D001410,10.0,mg
202503333,D001410,10.0,mg
202503334,D001410,20.0,mg
202600222,D001410,20.0,mg
202600223,D001410,10.0,mg
202600507,D001410,20.0,mg
202600581,D001410,20.0,mg
202600582,D001410,10.0,mg
202600657,D001410,20.0,mg
202600668,D001410,10.0,mg
202600669,D001410,20.0,mg
202600710,D001410,10.0,mg
202600711,D001410,20.0,mg
202600717,D001410,10.0,mg
202600718,D001410,20.0,mg
202600719,D001410,20.0,mg
202600720,D001410,10.0,mg
202601151,D001410,10.0,mg
202601152,D001410,20.0,mg
202601186,D001410,10.0,mg
202601187,D001410,20.0,mg
202601194,D001410,20.0,mg
202601195,D001410,10.0,mg
202601196,D001410,10.0,mg
202601197,D001410,20.0,mg
202601198,D001410,10.0,mg
202601199,D001410,20.0,mg
202601200,D001410,20.0,mg
202601201,D001410,10.0,mg
202601202,D001410,20.0,mg
202601203,D001410,10.0,mg
202601373,D001410,20.0,mg
202601374,D001410,10.0,mg
202601378,D001410,20.0,mg
202601379,D001410,10.0,mg
202601445,D001410,20.0,mg
202601446,D001410,10.0,mg
202601508,D001410,10.0,mg
202601509,D001410,20.0,mg
202601511,D001410,20.0,mg
202601512,D001410,10.0,mg
202601513,D001410,20.0,mg
202601514,D001410,10.0,mg
202601515,D001410,10.0,mg
202601516,D001410,20.0,mg
202601975,D001410,20.0,mg
202601976,D001410,10.0,mg
202601982,D001410,10.0,mg
202601983,D001410,20.0,mg
202601984,D001410,20.0,mg
202601985,D001410,10.0,mg
202601988,D001410,10.0,mg
202601989,D001410,20.0,mg
202602348,D001410,10.0,mg
202602349,D001410,20.0,mg
202602451,D001410,10.0,mg
202602452,D001410,20.0,mg
202602453,D001410,10.0,mg
202602454,D001410,20.0,mg
202602455,D001410,10.0,mg
202602456,D001410,20.0,mg
202602492,D001410,20.0,mg
202108192,D001648,40.0,mg
202200179,D001648,40.0,mg
202200180,D001648,40.0,mg
202200229,D001648,40.0,mg
202203319,D001648,10.0,mg
202203384,D001648,10.0,mg
202203385,D001648,10.0,mg
202203386,D001648,10.0,mg
202501159,D001648,20.0,mg
202501242,D001648,20.0,mg
202501243,D001648,20.0,mg
202501244,D001648,20.0,mg
202201902,D001743,20.0,mg
202201903,D001743,10.0,mg
202601915,D001743,40.0,mg
202204314,D001745,0.3,mg
202204353,D001745,0.3,mg
202204355,D001745,0.3,mg
202201945,D001746,50.0,mg
202201946,D001746,100.0,mg
202301981,D001765,10.0,mg
202301982,D001765,12.5,mg
202301983,D001765,2.5,mg
202301984,D001765,5.0,mg
202301985,D001765,7.5,mg
202301986,D001765,15.0,mg
202502333,D001765,2.5,mg
202502334,D001765,5.0,mg
202502335,D001765,7.5,mg
202502336,D001765,10.0,mg
202502337,D001765,12.5,mg
202502338,D001765,15.0,mg
202503259,D001765,5.0,mg
202503260,D001765,7.5,mg
202503261,D001765,10.0,mg
202503262,D001765,12.5,mg
202503263,D001765,15.0,mg
202503264,D001765,2.5,mg
202400960,D001824,20.0,mg
202400968,D001824,20.0,mg
202400969,D001824,20.0,mg
202502813,D001824,20.0,mg
202502823,D001824,20.0,mg
197000102,D000145,,
197100030,D000145,,
197500144,D000145,,
198100103,D000159,,
198200255,D000550,250.0,mg
198300755,D000454,,
198600613,D000454,,
198701888,D000254,400.0,mg
198900053,D000254,400.0,mg
198900066,D000550,250.0,mg
198900080,D000550,500.0,mg
199200930,D000550,250.0,mg
199202915,D000550,250.0,mg
199202953,D000550,500.0,mg
199300217,D000254,,
199301170,D000550,250.0,mg
199301171,D000550,500.0,mg
199400631,D000550,,
199400632,D000550,,
199401101,D000550,250.0,mg
199502401,D000254,,
199502402,D000254,,
199700241,D000345,,
199701927,D000249,,
199800180,D000658,,
199802243,D000345,,
199903371,D000550,,
200001781,D000145,,
200001785,D000145,,
200009061,D000658,70.0,mg
200100635,D000550,250.0,mg
200101387,D000550,250.0,mg
200102995,D000145,,
200200520,D000550,125.0,mg
200200858,D000254,400.0,mg
200201554,D000254,,
200300623,D000254,400.0,mg
200300737,D000254,,
200302008,D000254,,
200302530,D000550,500.0,mg
200308626,D000550,,
200402671,D000658,70.0,mg
200403164,D000550,,
200403777,D000254,,
200500070,D000658,70.0,mg
200500125,D000658,,
200500211,D000658,70.0,mg
200500488,D000658,70.0,mg
200501241,D000033,,
200501339,D000658,70.0,mg
200501531,D000658,,
200501583,D000658,70.0,mg
200501687,D000658,,
200501875,D000254,,
200502154,D000658,,
200502661,D000254,,
200502717,D000658,,
200502771,D000658,,
200502838,D000658,70.0,mg
200512196,D000658,70.0,mg
200512324,D000658,,
200600297,D000550,500.0,mg
200603987,D000741,100.0,mg
200604294,D000658,70.0,mg
200605491,D000658,,
200607863,D000254,,
200610975,D000254,,
200705481,D000345,,
200705483,D000345,,
200801080,D000254,,
200803184,D000658,70.0,mg
200804449,D000597,,
200805193,D000145,,
200805219,D000550,500.0,mg
200805740,D000658,70.0,mg
200805814,D000550,250.0,mg
200806020,D000736,100.0,mg
200806769,D000019,10.0,mg
200807058,D000254,,
200807819,D000454,,
200900606,D000254,,
200901319,D000254,,
200902190,D000550,500.0,mg
200902796,D000458,5.0,mg
200902797,D000458,10.0,mg
200904073,D000254,,
200904615,D000254,,
200904846,D000254,,
200905943,D000254,400.0,mg
200908752,D000345,,
201002332,D000738,250.0,mg
201002333,D000550,500.0,mg
201002981,D000254,,
201003860,D000654,300.0,mg
201004242,D000643,,
201006534,D000254,,
201006816,D000687,,
201007787,D000550,250.0,mg
201203530,D000254,400.0,mg
201206552,D000258,1.0,mg
201206553,D000258,5.0,mg
201209714,D000550,,
201307568,D000738,125.0,mg
201310002,D000346,25.0,mg
201401943,D000550,500.0,mg
201403206,D000254,400.0,mg
201403256,D000550,,
201403403,D000249,,
201404799,D000253,,
201405083,D000658,,
201501814,D000254,,
201502807,D000550,250.0,mg
201507055,D000643,,
201507146,D000658,,
201507495,D000254,,
201508437,D000254,,
201603153,D000658,70.0,mg
201606681,D000254,,
201706992,D000146,500.0,mg
201800590,D000741,,
201801386,D000658,70.0,mg
201801497,D000254,,
201802283,D000741,150.0,mg
201803358,D000741,100.0,mg
201803766,D000254,,
201805378,D000100,25.0,mg
201901314,D000254,,
201901596,D000658,,
201904313,D000658,,
201906584,D000658,70.0,mg
202000878,D000254,400.0,mg
202001209,D000254,,
202002272,D000658,,
202400392,D000346,40.0,mg
202400753,D000346,8.0,mg
202401326,D000346,,
202401327,D000346,,
202500560,D000346,,
202502246,D000346,8.0,mg
200706721,D000100,,
202600485,D000100,25.0,mg
202600902,D000100,25.0,mg
202301839,D000146,500.0,mg
202401566,D000146,500.0,mg
201900645,D000033,333.0,mg
202601428,D000346,,
202001899,D000254,,
202002084,D000254,,
202003237,D000254,,
202004224,D000254,400.0,mg
202004247,D000254,,
202203561,D000643,,
202302004,D000643,2.0,mg
197900378,D000132,,
198400078,D000340,10.0,mg
198400082,D000340,50.0,mg
198901139,D000053,,
199001306,D000148,,
199101108,D000371,,
199200651,D000132,,
199201558,D000340,0.5,mg
199201559,D000340,1.0,mg
199201568,D000371,,
199203393,D000563,,
199300288,D000581,,
199400239,D000581,,
199500386,D000581,,
199500573,D000581,,
199501715,D000581,,
199502341,D000132,,
199600973,D000581,,
199602290,D000581,,
199604709,D000563,,
199700041,D000581,,
199702174,D000581,,
199703046,D000581,,
199704348,D000054,,
199801134,D000581,,
199801568,D000542,,
199802710,D000581,,
199803886,D000581,,
199901323,D000132,,
199903160,D000581,,
200000365,D000581,,
200004631,D000174,,
200004907,D000371,,
200101516,D000581,,
200101767,D000581,,
200102752,D000581,,
200200213,D000581,,
200300087,D000441,,
200401519,D000174,,
200401526,D000174,,
200401770,D000581,,
200410069,D000533,,
200500961,D000152,5.0,mg
200500962,D000152,10.0,mg
200501032,D000152,,
200501363,D000174,,
200600024,D000441,,
200600025,D000441,,
200600326,D000581,,
200603876,D000330,,
200700906,D000030,200.0,mg
200701022,D000030,400.0,mg
200701030,D000030,100.0,mg
200702164,D000030,400.0,mg
200707965,D000581,,
200710438,D000537,,
200711764,D000337,0.25,mg
200905066,D000340,0.5,mg
200905067,D000371,,
201006784,D000637,5.0,mg
201100731,D000340,1.0,mg
201101859,D000372,,
201109313,D000030,100.0,mg
201110095,D000009,20.0,mg
201110472,D000030,400.0,mg
201201837,D000053,,
201301615,D000030,100.0,mg
201301616,D000030,200.0,mg
201307773,D000539,400.0,mg
201307774,D000539,120.0,mg
201405621,D000053,200.0,mg
201406166,D000053,100.0,mg
201501056,D000330,,
201503279,D000030,100.0,mg
201503280,D000030,400.0,mg
201505122,D000337,0.25,mg
201506668,D000330,,
201507252,D000640,,
201507716,D000330,3.5,mg
201600453,D000330,3.5,mg
201600801,D000330,3.5,mg
201601127,D000330,2.5,mg
201606081,D000339,25.0,mg
201606401,D000339,25.0,mg
201606563,D000339,,
201606564,D000339,25.0,mg
201702641,D000330,2.5,mg
201704494,D000330,2.5,mg
201803170,D000339,,
201803384,D000339,,
201803406,D000339,25.0,mg
201803834,D000009,20.0,mg
201803853,D000009,20.0,mg
201803861,D000009,20.0,mg
201907353,D000640,,
201908685,D000640,,
202000331,D000009,,
202001432,D000640,,
202003560,D000339,25.0,mg
202005828,D000339,25.0,mg
202007749,D000437,25.0,mg
202008029,D000339,25.0,mg
202009132,D000437,100.0,mg
202009133,D000437,25.0,mg
202102237,D000537,,
202103852,D000563,200.0,mg
202104353,D000563,100.0,mg
202200294,D000537,,
202301581,D000563,50.0,mg
202303028,D000640,,
202303091,D000640,,
202502527,D000563,50.0,mg
202502528,D000563,100.0,mg
202502529,D000563,200.0,mg
201804106,D000009,20.0,mg
202002843,D000009,20.0,mg
202104240,D000640,,
202200106,D000640,,
202203503,D000640,,
202203617,D000640,,
202303057,D000640,,
202402538,D000640,,
202402584,D000640,,
202402621,D000640,,
202402702,D000640,,
202500427,D000640,,
202600427,D000640,,
202601729,D000640,,
201105752,D000581,,
201600261,D000053,,
198300389,D000538,,
198902563,D000052,,
199000352,D000234,,
199100118,D000722,,
199102609,D000476,,
199203272,D000250,,
199300319,D000534,100.0,mg
199301180,D000476,300.0,mg
199400456,D000235,,
199500892,D000439,50.0,mg
199502668,D000439,,
199702003,D000538,,
199703010,D000452,100.0,mg
199802170,D000538,,
200001887,D000250,50.0,mg
200003092,D000452,100.0,mg
200008796,D000768,150.0,mg
200008797,D000768,500.0,mg
200009634,D000013,25.0,mg
200108429,D000452,,
200109103,D000724,,
200201335,D000013,,
200202888,D000451,5.0,mg
200202889,D000451,10.0,mg
200202890,D000451,15.0,mg
200210575,D000538,,
200300956,D000013,,
200302216,D000235,,
200401289,D000013,10.0,mg
200402422,D000237,2.0,mg
200403216,D000435,,
200410909,D000235,,
200600007,D000235,,
200702738,D000724,,
200702739,D000724,,
200702749,D000724,,
200703389,D000724,,
200703394,D000724,50.0,mg
200703421,D000724,,
200704019,D000724,50.0,mg
200706894,D000015,62.5,mg
200808451,D000451,2.0,mg
200903782,D000724,150.0,mg
200906540,D000020,2.0,mg
200908471,D000724,150.0,mg
200908906,D000237,,
201001744,D000370,64.0,mg
201003710,D000451,10.0,mg
201005133,D000451,5.0,mg
201005134,D000451,15.0,mg
201006796,D000451,15.0,mg
201006797,D000451,5.0,mg
201006798,D000451,10.0,mg
201007762,D000237,,
201102476,D000451,15.0,mg
201102477,D000451,10.0,mg
201103996,D000451,15.0,mg
201106954,D000451,10.0,mg
201108885,D000451,5.0,mg
201205266,D000451,5.0,mg
201206625,D000452,100.0,mg
201206934,D000370,8.0,mg
201206935,D000370,16.0,mg
201206936,D000370,32.0,mg
201206820,D000452,,
201207417,D000452,100.0,mg
201208281,D000452,,
201210591,D000452,100.0,mg
201211564,D000452,,
201309043,D000768,500.0,mg
201309520,D000451,10.0,mg
201309521,D000451,15.0,mg
201309978,D000768,150.0,mg
201310577,D000451,,
201300051,D000452,,
201301377,D000452,,
201301656,D000452,100.0,mg
201306112,D000452,,
201306277,D000452,,
201307061,D000452,,
201310914,D000451,10.0,mg
201310915,D000451,15.0,mg
201310937,D000451,10.0,mg
201310992,D000451,15.0,mg
201307928,D000452,,
201308448,D000452,,
201308924,D000452,100.0,mg
201309112,D000452,,
201310133,D000452,100.0,mg
201310207,D000452,100.0,mg
201310349,D000452,100.0,mg
201310592,D000452,,
201400318,D000452,,
201400493,D000452,100.0,mg
201401484,D000452,100.0,mg
201402678,D000452,,
201500852,D000235,0.04,mg
201502454,D000451,2.0,mg
201504175,D000020,8.0,mg
201402959,D000452,100.0,mg
201404364,D000452,,
201404696,D000452,,
201405003,D000452,100.0,mg
201505192,D000451,30.0,mg
201507291,D000768,500.0,mg
201507324,D000724,50.0,mg
201508422,D000451,300.0,mg
201508423,D000451,400.0,mg
201600396,D000452,100.0,mg
201602786,D000768,150.0,mg
201603078,D000451,10.0,mg
201603104,D000724,,
201604198,D000451,30.0,mg
201702015,D000452,100.0,mg
201702557,D000250,,
201706882,D000452,,
201707313,D000020,8.0,mg
201707631,D000250,50.0,mg
201707668,D000250,25.0,mg
201708459,D000250,25.0,mg
201708490,D000452,100.0,mg
201708581,D000020,2.0,mg
201708582,D000020,4.0,mg
201800684,D000015,62.5,mg
201900776,D000020,8.0,mg
201901253,D000020,4.0,mg
201901254,D000020,2.0,mg
201801356,D000452,100.0,mg
201802534,D000452,100.0,mg
201803126,D000452,100.0,mg
201803431,D000452,100.0,mg
201900178,D000452,,
201900221,D000452,,
201901869,D000452,100.0,mg
201903597,D000013,,
201903639,D000013,,
201906852,D000250,50.0,mg
201908303,D000452,100.0,mg
202003657,D000015,62.5,mg
202004778,D000015,125.0,mg
202005873,D000250,25.0,mg
202001489,D000452,100.0,mg
202100575,D000250,,
202107173,D000538,,
202107807,D000451,1.0,mg
202203419,D000451,2.0,mg
202203420,D000451,1.0,mg
202203676,D000538,,
202204039,D000451,1.0,mg
202204551,D000250,12.5,mg
202301532,D000237,,
202500429,D000451,960.0,mg
202500430,D000451,720.0,mg
202600202,D000451,20.0,mg
202600436,D000250,12.5,mg
202400040,D000451,1.0,mg
202400041,D000451,2.0,mg
202300475,D000452,,
201206423,D000538,,
201705165,D000538,,
201802384,D000538,,
202000845,D000538,,
202104954,D000538,,
202107192,D000538,,
202500139,D000538,,
201500906,D000724,80.0,mg
201200727,D000768,,
199002440,D000247,50.0,mg
199002441,D000247,100.0,mg
199703373,D000584,,
199802095,D000247,50.0,mg
200001858,D000247,,
200002760,D000247,100.0,mg
200003114,D000247,50.0,mg
200008737,D000376,,
200300037,D000247,100.0,mg
200300802,D000247,,
200302051,D000247,,
200400480,D000247,50.0,mg
200401578,D000247,,
200402092,D000247,,
200402319,D000247,,
200403040,D000247,,
200403743,D000247,,
200404043,D000247,,
200404724,D000247,,
201102394,D000247,100.0,mg
201301369,D000247,100.0,mg
201305957,D000247,200.0,mg
201309577,D000247,,
201310619,D000247,100.0,mg
201601537,D000247,200.0,mg
201607419,D000247,100.0,mg
201607420,D000247,100.0,mg
201707601,D000247,50.0,mg
201800110,D000247,,
201901223,D000247,50.0,mg
201903645,D000247,200.0,mg
201903646,D000247,100.0,mg
201903647,D000247,200.0,mg
201903648,D000247,100.0,mg
201903649,D000247,100.0,mg
201903650,D000247,200.0,mg
201903653,D000247,200.0,mg
201903654,D000247,100.0,mg
201903655,D000247,200.0,mg
201903657,D000247,100.0,mg
201903658,D000247,200.0,mg
201903659,D000247,100.0,mg
201903660,D000247,200.0,mg
201903661,D000247,100.0,mg
201903662,D000247,200.0,mg
201903663,D000247,100.0,mg
201903664,D000247,200.0,mg
201903665,D000247,100.0,mg
201903666,D000247,200.0,mg
201903667,D000247,200.0,mg
201903668,D000247,100.0,mg
201903669,D000247,100.0,mg
201903670,D000247,200.0,mg
201903671,D000247,100.0,mg
201903672,D000247,200.0,mg
201903673,D000247,200.0,mg
201903674,D000247,100.0,mg
201903675,D000247,100.0,mg
201903676,D000247,200.0,mg
201903677,D000247,100.0,mg
201903678,D000247,200.0,mg
201903679,D000247,200.0,mg
201903680,D000247,100.0,mg
201903681,D000247,200.0,mg
201903682,D000247,100.0,mg
201903683,D000247,100.0,mg
201903684,D000247,200.0,mg
201903686,D000247,200.0,mg
201903687,D000247,100.0,mg
201903688,D000247,200.0,mg
201903689,D000247,100.0,mg
201903690,D000247,200.0,mg
201903691,D000247,100.0,mg
201903692,D000247,200.0,mg
201903693,D000247,100.0,mg
201903694,D000247,200.0,mg
201903695,D000247,100.0,mg
201903696,D000247,200.0,mg
201903697,D000247,200.0,mg
201903698,D000247,100.0,mg
201904623,D000247,200.0,mg
201904624,D000247,100.0,mg
201907297,D000247,100.0,mg
201907298,D000247,200.0,mg
201907299,D000247,100.0,mg
201907300,D000247,200.0,mg
201907303,D000247,100.0,mg
201907304,D000247,200.0,mg
201907420,D000247,200.0,mg
201907717,D000247,200.0,mg
201907718,D000247,100.0,mg
202000469,D000247,200.0,mg
202001141,D000247,200.0,mg
202001142,D000247,100.0,mg
202001522,D000247,200.0,mg
202001523,D000247,100.0,mg
202001524,D000247,100.0,mg
202001525,D000247,200.0,mg
202002673,D000370,8.0,mg
202002674,D000370,16.0,mg
202002902,D000247,200.0,mg
202002903,D000247,100.0,mg
202003437,D000247,200.0,mg
202003438,D000247,100.0,mg
202003439,D000247,100.0,mg
202003440,D000247,200.0,mg
201007562,D000376,,
201903723,D000247,50.0,mg
202002587,D000247,50.0,mg
196300064,D000199,,
197500145,D000199,,
197600065,D000732,,
197800388,D000199,,
198400277,D000199,,
198401028,D000394,,
198401033,D000394,200.0,mg
198800901,D000675,250.0,mg
198801219,D000582,,
198900253,D000449,100.0,mg
199000441,D000788,,
199100708,D000675,,
199101970,D000675,,
199201598,D000293,,
199401023,D000199,,
199501039,D000243,,
199501954,D000675,,
199502153,D000478,,
199504135,D000732,500.0,mg
199601509,D000691,100.0,mg
199601511,D000691,,
199602099,D000199,,
199602981,D000199,,
199701147,D000788,,
199702485,D000675,,
199801567,D000198,,
200000930,D000086,,
200002385,D000675,,
200100417,D000086,,
200100915,D000086,150.0,mg
200100960,D000086,,
200101425,D000199,,
200101683,D000086,,
200103343,D000086,,
200108881,D000449,100.0,mg
200110136,D000449,,
200200232,D000449,,
200200559,D000199,,
200202148,D000086,,
200202755,D000086,,
200204384,D000675,125.0,mg
200300467,D000199,4.37,mg
200302371,D000086,,
200400135,D000086,,
200403983,D000675,,
200502035,D000086,400.0,mg
200502873,D000788,,
200608160,D000086,,
200700876,D000086,,
200701086,D000292,50.0,mg
200701087,D000292,20.0,mg
200701272,D000199,4.0,mg
200706775,D000788,,
200708961,D000086,,
200709256,D000675,,
200709527,D000086,,
200710607,D000664,0.3,mg
200710608,D000664,0.625,mg
200800691,D000733,,
200801836,D000675,,
200900041,D000086,,
200900682,D000086,,
200901146,D000675,,
200902364,D000086,,
200902585,D000199,,
200903081,D000675,,
200904441,D000086,,
200904632,D000086,,
200904881,D000086,,
200905055,D000086,,
200906541,D000609,,
200906637,D000732,500.0,mg
200906638,D000732,200.0,mg
200906639,D000732,,
201001929,D000199,,
201100747,D000396,150.0,mg
201100749,D000396,110.0,mg
201102229,D000292,100.0,mg
201102595,D000057,,
201111067,D000199,,
201112194,D000674,200.0,mg
201112195,D000674,250.0,mg
201302802,D000055,0.1,mg
201306326,D000277,,
201306327,D000277,15.0,mg
201306329,D000277,15.0,mg
201306956,D000693,80.0,mg
201306959,D000693,120.0,mg
201309135,D000198,20.0,mg
201401482,D000199,,
201606317,D000292,80.0,mg
201606824,D000582,,
201707893,D000199,,
201708127,D000609,,
201803088,D000609,40.0,mg
202005256,D000293,,
202202321,D000199,,
202400632,D000198,20.0,mg
202401576,D000664,,
200610884,D000375,,
201400403,D000375,0.5,mg
201901158,D000375,0.5,mg
202600609,D000292,100.0,mg
202600610,D000292,80.0,mg
202600611,D000292,70.0,mg
202600612,D000292,50.0,mg
202600613,D000292,20.0,mg
200905162,D000086,,
200905351,D000086,,
201000953,D000086,,
201003887,D000085,,
201005606,D000086,,
201005795,D000086,,
201005800,D000086,,
201006494,D000086,,
199900298,D000506,,
199904095,D000506,,
201100502,D000086,,
200004251,D000506,,
200004637,D000506,,
201110646,D000086,,
201206383,D000086,,
200102280,D000506,2.0,mL
201305834,D000086,,
200108778,D000506,,
200501177,D000506,,
201401248,D000086,,
200600735,D000506,,
200705800,D000506,,
201406120,D000086,,
200906982,D000506,,
201500245,D000086,,
201307879,D000506,,
201500494,D000506,,
201501112,D000506,,
201503809,D000086,,
201507100,D000086,,
201501386,D000506,,
201503763,D000506,,
201505730,D000506,,
201606213,D000085,,
201606708,D000085,,
201606850,D000085,,
201700160,D000085,,
201604278,D000506,,
201700290,D000085,,
201700498,D000085,,
201701047,D000085,,
201708500,D000506,,
201800106,D000506,,
201800891,D000506,,
201801390,D000506,,
201802469,D000506,,
201802608,D000506,,
201803842,D000506,,
201902572,D000506,,
201905649,D000506,,
201908027,D000506,,
202000733,D000506,,
202002110,D000506,,
202002817,D000506,,
202007831,D000085,,
202100799,D000085,,
202100875,D000085,,
202108191,D000085,,
202200137,D000085,,
202008404,D000506,,
202008458,D000506,,
202008503,D000506,,
202101198,D000506,,
202103144,D000506,,
202303019,D000085,,
202303036,D000085,,
202202254,D000506,,
202301761,D000506,,
202302480,D000506,,
202401765,D000086,,
202302836,D000506,,
202400559,D000506,,
202401785,D000506,,
202501065,D000506,,
202501608,D000506,,
202503128,D000506,,
198000105,D000503,100.0,mg
198300718,D000503,,
198900220,D000502,,
198900221,D000502,,
199000353,D000502,10.0,mg
199000354,D000502,50.0,mg
199000999,D000154,,
199001007,D000502,,
199100558,D000349,100.0,mg
199101245,D000503,100.0,mg
199101473,D000154,,
199201594,D000502,50.0,mg
199201595,D000502,10.0,mg
199203366,D000502,,
199500012,D000503,,
199502147,D000503,100.0,mg
199602155,D000503,,
199605129,D000503,,
199702954,D000503,100.0,mg
199703391,D000503,,
199703561,D000554,,
199802572,D000504,200.0,mg
199803110,D000555,0.625,mg
199803111,D000555,,
199803677,D000554,20.0,mg
199806329,D000748,,
199806569,D000502,,
199901634,D000464,10.0,mg
199901635,D000464,50.0,mg
199903253,D000555,,
199906840,D000462,140.0,mg
200002882,D000503,,
200003750,D000154,100.0,mg
200101715,D000502,,
200109171,D000748,10.0,mg
200200771,D000559,600.0,mg
200200948,D000464,,
200409982,D000610,0.5,mg
200501463,D000503,,
200511047,D000465,100.0,mg
200511049,D000465,150.0,mg
200603862,D000461,0.25,mg
200603863,D000461,0.5,mg
200603864,D000461,0.75,mg
200603865,D000461,1.0,mg
200606688,D000554,5.0,mg
200608250,D000349,,
200610651,D000465,25.0,mg
200610667,D000611,,
200612058,D000554,20.0,mg
200612350,D000748,2.0,mg
200612351,D000748,1.0,mg
200701834,D000554,,
200702080,D000554,5.0,mg
200800965,D000748,2.0,mg
200800966,D000748,1.0,mg
200809495,D000503,,
200906640,D000502,10.0,mg
200906641,D000502,50.0,mg
200906807,D000154,,
200907781,D000295,,
201000987,D000295,,
201001267,D000295,,
201003586,D000154,,
201003669,D000295,,
201004765,D000295,,
201007777,D000610,,
201007779,D000610,0.5,mg
201007780,D000610,0.5,mg
201007781,D000610,0.5,mg
201007782,D000610,0.5,mg
201007783,D000610,0.5,mg
201007784,D000610,0.5,mg
201101581,D000610,0.5,mg
201110777,D000295,,
201200246,D000257,,
201201790,D000154,,
201204686,D000503,100.0,mg
201205829,D000610,0.5,mg
201206498,D000034,,
201210747,D000295,20.0,mg
201210748,D000295,80.0,mg
201300021,D000295,,
201304376,D000295,,
201308943,D000465,100.0,mg
201309044,D000465,150.0,mg
201309177,D000465,100.0,mg
201309179,D000465,150.0,mg
201401303,D000465,150.0,mg
201403031,D000503,,
201405883,D000610,0.5,mg
201406136,D000465,100.0,mg
201406196,D000503,100.0,mg
201500515,D000610,0.5,mg
201501741,D000610,0.5,mg
201501878,D000610,0.5,mg
201501923,D000295,,
201501965,D000610,0.5,mg
201502261,D000610,,
201502460,D000610,0.5,mg
201503148,D000610,0.5,mg
201505703,D000610,0.5,mg
201505795,D000610,0.5,mg
201506123,D000503,,
201506221,D000610,0.5,mg
201506569,D000610,0.5,mg
201507299,D000610,0.5,mg
201507363,D000610,0.5,mg
201507419,D000610,0.5,mg
201507460,D000503,,
201507472,D000610,0.5,mg
201507518,D000610,0.5,mg
201601191,D000610,0.5,mg
201601737,D000610,0.5,mg
201602903,D000610,0.5,mg
201603673,D000610,0.5,mg
201606331,D000465,100.0,mg
201706885,D000610,0.5,mg
201708604,D000610,0.5,mg
201803547,D000610,0.5,mg
201902598,D000610,0.5,mg
201903342,D000610,0.5,mg
201905664,D000610,0.5,mg
201908023,D000503,,
202004077,D000610,0.5,mg
202106074,D000610,0.5,mg
202202687,D000503,50.0,mg
202203625,D000610,0.5,mg
202204330,D000610,,
202301009,D000610,0.5,mg
202400769,D000610,0.5,mg
202401156,D000201,,
202401516,D000610,0.5,mg
202401943,D000610,0.5,mg
202500167,D000610,0.5,mg
202600762,D000610,0.5,mg
201502916,D000295,,
201505124,D000295,,
201702794,D000349,,
199504272,D000107,,
199801067,D000686,,
200009059,D000107,1.0,mg
200009114,D000750,,
200200252,D000107,,
200201364,D000686,,
200300496,D000686,,
200301076,D000686,,
200301759,D000686,,
200308577,D000686,,
200308624,D000686,,
200400011,D000107,,
200400104,D000107,,
200400150,D000107,,
200400340,D000107,,
200400691,D000107,,
200400993,D000107,,
200401373,D000107,,
200401512,D000107,,
200401555,D000107,5.0,mg
200401751,D000107,,
200402149,D000107,,
200402286,D000107,,
200402677,D000107,,
200402944,D000107,,
200403305,D000107,,
200500410,D000107,,
200500572,D000107,,
200500853,D000107,,
200501004,D000107,,
200501194,D000107,5.0,mg
200501225,D000107,,
200501987,D000107,,
200502109,D000107,,
200502193,D000107,1.0,mg
200502868,D000107,,
200503075,D000107,,
200512320,D000107,,
200600052,D000107,1.0,mg
200605386,D000107,,
200605399,D000107,,
200610951,D000107,,
200611317,D000107,,
200611392,D000107,,
200700565,D000107,,
200700566,D000107,1.0,mg
200701016,D000107,1.0,mg
200701020,D000107,1.0,mg
200701023,D000107,,
200701024,D000107,,
200703342,D000107,,
200703343,D000107,1.0,mg
200703801,D000107,,
200704420,D000107,,
200704531,D000107,1.0,mg
200704533,D000107,1.0,mg
200704541,D000107,,
200705099,D000107,,
200705313,D000107,,
200705402,D000107,,
200705737,D000107,,
200708364,D000107,,
200708405,D000107,,
200711309,D000107,1.0,mg
200713886,D000686,130.0,mg
200803186,D000107,,
200805553,D000107,1.0,mg
200808091,D000038,25.0,mg
200810113,D000512,,
200810114,D000512,,
200904445,D000402,80.0,mg
200904535,D000461,10.0,mg
200904536,D000461,5.0,mg
201103779,D000461,2.5,mg
201207332,D000107,5.0,mg
201207578,D000107,5.0,mg
201208465,D000107,5.0,mg
201209017,D000107,,
201300109,D000107,5.0,mg
201305403,D000107,,
201307566,D000107,,
201307583,D000402,40.0,mg
201310312,D000107,5.0,mg
201310348,D000107,5.0,mg
201310785,D000107,5.0,mg
201400381,D000107,,
201401626,D000107,,
201402071,D000107,,
201402875,D000107,,
201403175,D000107,5.0,mg
201403977,D000107,,
201404126,D000107,5.0,mg
201404741,D000107,5.0,mg
201405009,D000107,,
201405462,D000107,1.0,mg
201405888,D000107,5.0,mg
201405889,D000107,1.0,mg
201405966,D000107,5.0,mg
201406197,D000107,1.0,mg
201500591,D000107,5.0,mg
201501683,D000107,,
201502780,D000107,1.0,mg
201503168,D000107,5.0,mg
201503298,D000107,5.0,mg
201504073,D000107,1.0,mg
201506121,D000107,,
201506502,D000107,1.0,mg
201506623,D000402,40.0,mg
201506624,D000402,80.0,mg
201506634,D000402,80.0,mg
201506653,D000402,40.0,mg
201506654,D000402,80.0,mg
201506669,D000402,40.0,mg
201506846,D000402,80.0,mg
201506847,D000402,40.0,mg
201507074,D000402,80.0,mg
201507075,D000402,40.0,mg
201507410,D000402,80.0,mg
201507411,D000402,40.0,mg
201507440,D000402,80.0,mg
201600565,D000107,0.2,mg
201600566,D000107,1.0,mg
201600572,D000107,1.0,mg
201600874,D000107,,
201601093,D000107,,
201601239,D000107,5.0,mg
201601763,D000107,5.0,mg
201601898,D000402,80.0,mg
201601899,D000402,40.0,mg
201603150,D000402,40.0,mg
201603151,D000402,80.0,mg
201603165,D000107,,
201603224,D000107,5.0,mg
201603616,D000107,,
201603765,D000107,5.0,mg
201603906,D000107,5.0,mg
201603911,D000686,,
201603944,D000107,,
201604011,D000107,,
201607398,D000686,160.0,mg
201701055,D000107,1.0,mg
201701291,D000107,1.0,mg
201701551,D000107,5.0,mg
201704723,D000107,5.0,mg
201704879,D000402,80.0,mg
201705174,D000402,40.0,mg
201705805,D000107,1.0,mg
201706266,D000107,1.0,mg
201707104,D000107,1.0,mg
201707251,D000107,5.0,mg
201707496,D000107,5.0,mg
201707620,D000402,80.0,mg
201708085,D000402,80.0,mg
201708479,D000402,40.0,mg
201708480,D000402,80.0,mg
201802602,D000107,1.0,mg
201802729,D000107,,
201802808,D000107,1.0,mg
201803031,D000402,,
201803189,D000107,,
201803548,D000107,1.0,mg
201803800,D000107,1.0,mg
201804339,D000107,1.0,mg
201804506,D000107,1.0,mg
201804562,D000461,1.0,mg
201804620,D000461,0.75,mg
201804621,D000461,0.5,mg
201805362,D000107,1.0,mg
201900082,D000107,,
201900938,D000107,1.0,mg
201900940,D000107,5.0,mg
201901360,D000402,80.0,mg
201901361,D000402,40.0,mg
201901476,D000107,1.0,mg
201901584,D000107,5.0,mg
201901821,D000107,1.0,mg
201901898,D000107,5.0,mg
201901926,D000107,5.0,mg
201902071,D000107,5.0,mg
201902249,D000107,1.0,mg
201902250,D000107,5.0,mg
201902332,D000107,5.0,mg
201902353,D000107,5.0,mg
201902356,D000107,5.0,mg
201902474,D000107,1.0,mg
201902552,D000107,1.0,mg
201902553,D000107,5.0,mg
201902594,D000107,1.0,mg
201902805,D000107,5.0,mg
201902894,D000402,80.0,mg
201902896,D000402,40.0,mg
201903316,D000107,,
201903396,D000107,1.0,mg
201903425,D000107,5.0,mg
201904234,D000461,0.25,mg
201904321,D000107,,
201905393,D000107,1.0,mg
201905440,D000107,1.0,mg
201905545,D000107,1.0,mg
201905590,D000107,5.0,mg
201905647,D000107,5.0,mg
201905959,D000107,1.0,mg
201905960,D000107,5.0,mg
201905988,D000107,1.0,mg
201906559,D000107,,
201906668,D000107,5.0,mg
201906768,D000107,1.0,mg
201906850,D000107,1.0,mg
201906851,D000107,5.0,mg
201906954,D000402,80.0,mg
201906955,D000402,40.0,mg
201907100,D000107,1.0,mg
201907328,D000107,1.0,mg
201907357,D000107,1.0,mg
201907358,D000107,5.0,mg
201907777,D000107,,
201907898,D000107,5.0,mg
201907899,D000107,1.0,mg
201908019,D000107,1.0,mg
201908083,D000107,1.0,mg
201908113,D000107,,
201908369,D000107,1.0,mg
202000208,D000107,5.0,mg
202000520,D000402,40.0,mg
202001230,D000402,80.0,mg
202001337,D000107,5.0,mg
202001530,D000107,1.0,mg
202001901,D000402,40.0,mg
202002237,D000461,5.0,mg
202002329,D000107,5.0,mg
202003376,D000107,5.0,mg
202003757,D000107,,
202004694,D000107,,
202004977,D000461,2.5,mg
202004978,D000461,5.0,mg
202004979,D000461,10.0,mg
202005123,D000107,1.0,mg
202006563,D000107,,
202006597,D000107,1.0,mg
202009181,D000107,1.0,mg
202009263,D000107,1.0,mg
202100729,D000107,,
202102023,D000107,1.0,mg
202105453,D000107,1.0,mg
201901677,D000461,10.0,mg
201801867,D000038,25.0,mg
202601808,D000686,,
198802974,D000097,,
200410873,D000097,,
200410874,D000097,50.0,mcg
200512180,D000097,12.0,mcg
200801304,D000097,,
201201125,D000097,,
201201127,D000097,,
201201128,D000097,,
201201129,D000097,,
201302208,D000097,12.0,mcg
201302209,D000097,25.0,mcg
201302210,D000097,50.0,mcg
201305187,D000097,,
201305188,D000097,,
201305189,D000097,,
201402208,D000097,,
201402209,D000097,,
201402210,D000097,,
201402211,D000097,,
201403355,D000097,25.0,mcg
201403356,D000097,50.0,mcg
201403360,D000097,12.0,mcg
202100397,D000097,,
202100399,D000097,,
202300270,D000750,,
202103463,D000107,,
199801234,D000517,50.0,mg
199902440,D000212,,
200712742,D000212,,
201103701,D000519,0.5,mg
202106154,D000107,1.0,mg
202106216,D000107,1.0,mg
200200719,D000517,,
202106423,D000107,1.0,mg
202107071,D000107,,
202107112,D000107,1.0,mg
200201437,D000517,,
200202782,D000517,,
200202853,D000517,,
200210758,D000517,,
202107289,D000107,1.0,mg
202200293,D000107,1.0,mg
202303302,D000107,1.0,mg
200300118,D000517,,
200300155,D000517,,
200300262,D000517,,
200300590,D000517,,
200300645,D000517,,
202502390,D000107,1.0,mg
202601324,D000107,,
202201129,D000107,1.3,mg
200301625,D000517,,
202401636,D000107,1.5,mg
202601829,D000107,,
202602209,D000107,,
200308589,D000517,,
202602447,D000107,1.0,mg
202602490,D000107,1.0,mg
196400036,D000798,,
196400037,D000798,,
197200160,D000798,,
197500220,D000075,,
197600064,D000623,,
200401684,D000517,,
200401886,D000517,,
200402303,D000517,50.0,mg
200402522,D000517,,
200402573,D000517,,
200402737,D000517,50.0,mg
200402793,D000517,,
200402979,D000517,,
198600034,D000075,80.0,mg
200411018,D000517,,
198800186,D000284,,
198902277,D000417,100.0,mg
200503787,D000517,,
200511060,D000517,,
199000991,D000623,,
199002421,D000417,100.0,mg
199101467,D000623,,
199101483,D000623,,
199102630,D000417,200.0,mg
200607665,D000517,150.0,mg
200607876,D000517,150.0,mg
200608291,D000517,150.0,mg
199201939,D000410,,
199300120,D000600,80.0,mg
199303013,D000417,200.0,mg
200608346,D000517,,
200612706,D000517,150.0,mg
200700623,D000517,,
200701824,D000517,,
200706782,D000517,150.0,mg
199400075,D000410,,
199400950,D000417,100.0,mg
199401664,D000417,,
199401749,D000600,,
199502827,D000417,,
199600433,D000075,,
199601074,D000417,100.0,mg
199601075,D000417,200.0,mg
199601921,D000417,200.0,mg
199602321,D000417,,
201306383,D000517,150.0,mg
201306384,D000517,,
201307243,D000517,50.0,mg
201307790,D000517,,
201308605,D000517,50.0,mg
199700838,D000075,80.0,mg
199701431,D000410,,
201308613,D000517,50.0,mg
201308824,D000517,50.0,mg
199803426,D000600,,
199900045,D000284,100.0,mg
199900046,D000284,500.0,mg
199907231,D000129,,
200001430,D000522,,
200001452,D000417,400.0,mg
200101190,D000417,200.0,mg
201403935,D000517,150.0,mg
200101345,D000410,,
200200181,D000410,,
201404664,D000517,,
201500734,D000517,50.0,mg
201500741,D000517,150.0,mg
201500754,D000517,150.0,mg
201502416,D000517,50.0,mg
200202740,D000170,320.0,mg
201502552,D000517,150.0,mg
201503327,D000517,150.0,mg
201503520,D000517,,
201505830,D000517,50.0,mg
201507205,D000517,50.0,mg
200204280,D000417,200.0,mg
200209709,D000073,,
201507874,D000517,,
201601131,D000517,150.0,mg
201602739,D000517,50.0,mg
201603475,D000517,,
200210151,D000048,,
198400184,D000522,,
199801180,D000522,100.0,mg
199801181,D000522,250.0,mg
200301261,D000366,,
200307971,D000074,,
200401634,D000600,,
200401667,D000410,,
200500033,D000366,,
200500147,D000366,200.0,mg
200500148,D000366,,
200500228,D000366,1.0,g
200500259,D000366,1.0,g
200500573,D000366,200.0,mg
200500574,D000366,,
200500677,D000522,,
200501099,D000522,,
200502214,D000366,,
200512189,D000366,200.0,mg
200600254,D000366,200.0,mg
200600347,D000366,,
200600348,D000366,,
200600360,D000366,200.0,mg
200600811,D000522,,
200605406,D000366,,
200606548,D000522,,
200701116,D000522,,
200701510,D000522,,
200701942,D000410,,
200702180,D000522,,
200702746,D000366,200.0,mg
200703172,D000522,,
200703273,D000410,,
200706102,D000048,,
200709600,D000366,,
200711211,D000099,,
200800901,D000387,,
200800904,D000387,,
200800905,D000725,,
200801541,D000105,,
200805559,D000412,,
200806793,D000209,,
200807555,D000366,2.0,g
200905064,D000623,,
200906877,D000705,,
201000571,D000048,,
201100719,D000410,,
201206389,D000623,500.0,mg
201206473,D000077,,
201210823,D000410,,
201307117,D000170,200.0,mg
201308672,D000077,,
201401065,D000410,,
201401391,D000623,,
201401796,D000366,200.0,mg
201401797,D000366,,
201402854,D000105,,
201402859,D000366,,
201402973,D000417,400.0,mg
201404988,D000286,40.0,mg
201405355,D000412,,
201500861,D000077,,
201501224,D000522,,
201501756,D000417,150.0,mg
201502268,D000074,,
201502377,D000074,250.0,mg
201502573,D000074,,
201503147,D000074,250.0,mg
201503506,D000074,250.0,mg
201505029,D000073,500.0,mg
201505808,D000417,300.0,mg
201506534,D000366,,
201506538,D000688,0.25,mg
201600454,D000417,400.0,mg
201600678,D000417,300.0,mg
201507425,D000705,,
201703370,D000387,,
201705481,D000798,,
201802617,D000705,,
201803063,D000705,,
201803574,D000387,,
201903186,D000410,,
201904666,D000517,50.0,mg
202000214,D000705,,
201907819,D000517,50.0,mg
202002568,D000705,,
202003255,D000417,,
202003433,D000417,400.0,mg
202106982,D000410,,
202200522,D000099,,
202203819,D000366,,
202300554,D000366,,
202401967,D000366,10.0,mg
202402798,D000099,,
202402958,D000623,500.0,mg
202500640,D000366,,
201503568,D000410,,
202503198,D000099,,
202600431,D000099,,
202104005,D000798,,
202601784,D000073,500.0,mg
197800210,D000114,,
199301690,D000416,500.0,mg
199504265,D000577,,
199504334,D000577,,
199900645,D000114,,
200109054,D000577,,
200203152,D000344,,
200501440,D000416,,
200605269,D000114,,
200607038,D000416,500.0,mg
200607634,D000668,150.0,mg
200611516,D000162,100.0,mg
200611518,D000668,,
200801539,D000578,,
200804588,D000574,,
200810688,D000168,10.0,mg
200812014,D000047,,
200905065,D000344,,
201005169,D000166,,
201005170,D000166,,
201205499,D000668,150.0,mg
201205573,D000668,150.0,mg
201205623,D000668,150.0,mg
201205830,D000668,,
201205833,D000668,150.0,mg
201205930,D000668,,
201205931,D000668,150.0,mg
201205940,D000668,150.0,mg
201205941,D000668,,
201205942,D000668,150.0,mg
201205953,D000668,150.0,mg
201206148,D000668,,
201207007,D000668,150.0,mg
201207294,D000668,150.0,mg
201207400,D000668,150.0,mg
201207401,D000668,150.0,mg
201208995,D000668,150.0,mg
201300262,D000668,,
201303269,D000668,,
201303270,D000668,150.0,mg
201306202,D000668,150.0,mg
201306253,D000668,150.0,mg
201306262,D000162,100.0,mg
201306264,D000162,400.0,mg
201306285,D000668,,
201306345,D000162,100.0,mg
201306373,D000162,400.0,mg
201306386,D000162,100.0,mg
201306400,D000162,100.0,mg
201306409,D000668,,
201306412,D000162,400.0,mg
201306424,D000668,,
201306426,D000668,,
201306428,D000668,,
201306429,D000668,,
201306453,D000162,100.0,mg
201306455,D000162,400.0,mg
201306538,D000162,100.0,mg
201306542,D000668,,
201306543,D000668,,
201307084,D000668,,
201307092,D000668,,
201307122,D000162,400.0,mg
201307123,D000162,200.0,mg
201307124,D000162,400.0,mg
201307149,D000162,100.0,mg
201307487,D000668,,
201307584,D000162,200.0,mg
201308598,D000668,150.0,mg
201309479,D000668,,
201309697,D000162,400.0,mg
201402517,D000668,,
201403255,D000668,,
201403274,D000162,300.0,mg
201403301,D000668,,
201500856,D000668,150.0,mg
201501299,D000668,,
201501759,D000416,250.0,mg
201501947,D000668,,
201504116,D000668,,
201601173,D000668,,
201602315,D000668,,
201602723,D000668,,
201604442,D000668,,
201604875,D000668,150.0,mg
201605329,D000668,,
201606000,D000416,,
201607375,D000114,,
201700475,D000668,,
201700825,D000668,,
201701085,D000668,,
201702034,D000668,,
201800259,D000668,,
201801437,D000162,100.0,mg
201801801,D000668,,
201801955,D000668,,
201803290,D000668,,
201900324,D000668,,
201901186,D000668,,
202001286,D000668,,
202003434,D000417,200.0,mg
202003435,D000417,100.0,mg
202003758,D000417,200.0,mg
202003759,D000417,400.0,mg
202003760,D000417,100.0,mg
202003776,D000417,400.0,mg
202004169,D000417,,
202005261,D000114,,
202005401,D000417,400.0,mg
202005406,D000417,200.0,mg
202005411,D000417,100.0,mg
202005549,D000417,200.0,mg
202005627,D000417,400.0,mg
202005632,D000417,200.0,mg
202005791,D000417,100.0,mg
202200690,D000114,,
202500743,D000162,100.0,mg
202500744,D000162,400.0,mg
201705739,D000114,25.0,mg
198300603,D000572,,
198601383,D000572,20.0,mg
198902253,D000572,40.0,mg
199500442,D000572,60.0,mg
199500452,D000572,,
199700090,D000116,,
199700262,D000572,40.0,mg
199700798,D000572,40.0,mg
199700808,D000572,,
199700837,D000572,,
199700909,D000758,,
199701393,D000758,,
199800770,D000572,120.0,mg
199801972,D000758,,
199900305,D000758,,
199900048,D000116,,
200000052,D000116,7.5,mg
200101326,D000161,,
200102110,D000758,,
200108765,D000096,,
200200229,D000572,,
200200486,D000758,10.0,mg
200209641,D000300,25.0,mg
200209893,D000510,250.0,mg
200209894,D000510,500.0,mg
200209895,D000510,1000.0,mg
200210110,D000577,,
200210111,D000577,,
200210137,D000400,,
200210138,D000400,,
200210139,D000400,120.0,mg
200301825,D000758,10.0,mg
200307983,D000577,,
200308344,D000572,120.0,mg
200400395,D000758,,
200400458,D000116,3.75,mg
200401172,D000758,,
200401432,D000758,,
200410194,D000577,,
200500082,D000116,,
200500134,D000616,,
200500216,D000300,,
200500286,D000572,,
200502742,D000616,,
200502871,D000300,100.0,mg
200503300,D000616,,
200600012,D000161,,
200600473,D000161,,
200600505,D000161,,
200600828,D000616,,
200603850,D000300,5.0,mg
200603851,D000300,2.0,mg
200603934,D000577,,
200604177,D000116,,
200604195,D000616,,
200607733,D000161,,
200607998,D000758,20.0,mg
200608004,D000758,20.0,mg
200608100,D000758,10.0,mg
200610971,D000161,,
200611060,D000300,100.0,mg
200702510,D000562,,
200703543,D000743,,
200703693,D000510,,
200705098,D000300,50.0,mg
200706331,D000300,100.0,mg
200706332,D000300,25.0,mg
200706333,D000300,50.0,mg
200708355,D000300,25.0,mg
200708745,D000161,,
200708840,D000791,250.0,mg
200708888,D000300,100.0,mg
200709819,D000116,45.0,mg
200710810,D000096,,
200710887,D000217,20.0,mg
200711109,D000217,20.0,mg
200711110,D000217,20.0,mg
200711114,D000217,20.0,mg
200709821,D000116,22.5,mg
200709822,D000116,7.5,mg
200711116,D000217,20.0,mg
200711293,D000116,3.75,mg
200711302,D000116,11.25,mg
200711303,D000116,3.75,mg
200711400,D000163,,
200711634,D000217,20.0,mg
200711698,D000167,,
200711699,D000167,,
200712240,D000758,,
200806023,D000577,,
200806846,D000217,10.0,mg
200808309,D000217,10.0,mg
200808310,D000217,10.0,mg
200808311,D000217,10.0,mg
200809575,D000300,50.0,mg
200809576,D000300,25.0,mg
200810760,D000217,10.0,mg
200900976,D000510,,
200901633,D000300,50.0,mg
200901637,D000300,25.0,mg
200909214,D000509,5.0,mg
200909215,D000509,10.0,mg
200909429,D000509,15.0,mg
200909430,D000509,25.0,mg
201001684,D000300,50.0,mg
201003401,D000758,,
201106368,D000167,,
201106369,D000167,,
201200435,D000300,50.0,mg
201200700,D000572,,
201201164,D000163,,
201201263,D000300,25.0,mg
201201264,D000300,100.0,mg
201203016,D000167,,
201207445,D000758,20.0,mg
201207469,D000510,500.0,mg
201207470,D000510,1000.0,mg
201207471,D000510,500.0,mg
201207472,D000510,250.0,mg
201207479,D000510,500.0,mg
201207480,D000510,1000.0,mg
201306920,D000758,20.0,mg
201310664,D000758,20.0,mg
201400049,D000758,20.0,mg
201400192,D000758,20.0,mg
201400608,D000758,,
201401272,D000577,,
201401704,D000758,20.0,mg
201402016,D000758,20.0,mg
201403891,D000217,10.0,mg
201403976,D000758,,
201404635,D000758,,
201404636,D000758,,
201404854,D000217,20.0,mg
201404855,D000217,10.0,mg
201405629,D000758,,
201500168,D000096,2.5,mg
201500998,D000096,2.5,mg
201501000,D000758,,
201501115,D000758,20.0,mg
201504939,D000758,10.0,mg
201504994,D000758,,
201505259,D000758,,
201505654,D000577,,
201508158,D000758,20.0,mg
201508411,D000758,,
201600613,D000509,20.0,mg
201600615,D000509,2.5,mg
201604105,D000758,,
201604252,D000167,,
201604253,D000167,,
201605341,D000205,150.0,mg
201605342,D000205,200.0,mg
201605343,D000205,50.0,mg
201605344,D000205,100.0,mg
201605710,D000205,100.0,mg
201605711,D000205,50.0,mg
201606651,D000205,50.0,mg
201606652,D000205,100.0,mg
201607279,D000050,250.0,mg
201700399,D000205,50.0,mg
201700526,D000205,200.0,mg
201700527,D000205,150.0,mg
201700547,D000205,100.0,mg
201702323,D000758,,
201703447,D000205,100.0,mg
201703448,D000205,50.0,mg
201704852,D000205,200.0,mg
201704863,D000205,150.0,mg
201705806,D000509,10.0,mg
201705807,D000509,15.0,mg
201705808,D000509,2.5,mg
201705809,D000509,20.0,mg
201705810,D000509,25.0,mg
201705811,D000509,5.0,mg
201705812,D000509,7.5,mg
201706868,D000161,,
201706892,D000509,7.5,mg
201706893,D000509,5.0,mg
201706894,D000509,2.5,mg
201706895,D000509,25.0,mg
201706896,D000509,20.0,mg
201706897,D000509,15.0,mg
201706898,D000509,10.0,mg
201708361,D000116,22.5,mg
201801065,D000577,,
201802378,D000509,25.0,mg
201802919,D000577,,
201802922,D000577,,
201804479,D000509,15.0,mg
201805183,D000509,10.0,mg
201900220,D000509,5.0,mg
201901941,D000205,,
201906262,D000758,10.0,mg
201906263,D000758,20.0,mg
201907337,D000758,,
202000376,D000205,,
202009077,D000217,10.0,mg
202009078,D000217,20.0,mg
202101187,D000217,20.0,mg
202101188,D000217,10.0,mg
202103620,D000758,10.0,mg
202203255,D000509,20.0,mg
202203947,D000758,5.0,mg
202301694,D000572,30.0,mg
202400089,D000161,,
202501787,D000116,3.75,mg
201310151,D000572,,
202301088,D000572,60.0,mg
202500385,D000572,,
202402589,D000758,,
202502497,D000217,20.0,mg
202402459,D000096,2.5,mg
202403042,D000096,,
197300172,D000059,,
198500638,D000059,300.0,mg
198500718,D000059,,
199200261,D000312,,
200403774,D000523,,
200404647,D000523,,
200703824,D000312,,
200703826,D000312,,
200703827,D000312,,
200703835,D000312,,
200707171,D000312,,
200707175,D000312,,
200708144,D000312,,
200710493,D000312,,
200801711,D000617,,
201101759,D000312,,
201206494,D000312,,
201206497,D000312,,
201207482,D000510,1000.0,mg
201207483,D000510,500.0,mg
201207484,D000510,250.0,mg
201207488,D000510,250.0,mg
201207489,D000510,500.0,mg
201207513,D000510,1000.0,mg
201207514,D000510,500.0,mg
201207515,D000510,250.0,mg
201207534,D000510,250.0,mg
201207537,D000510,1000.0,mg
201207538,D000510,250.0,mg
201207539,D000510,1000.0,mg
201207540,D000510,500.0,mg
201207576,D000510,500.0,mg
201207582,D000510,1000.0,mg
201207583,D000510,250.0,mg
201208482,D000510,1000.0,mg
201208483,D000510,250.0,mg
201208484,D000510,500.0,mg
201208875,D000312,,
201210743,D000510,500.0,mg
201301649,D000510,250.0,mg
201301650,D000510,500.0,mg
201301651,D000510,1000.0,mg
201301658,D000510,750.0,mg
201305037,D000510,1000.0,mg
201305812,D000510,250.0,mg
201308005,D000420,0.5,mg
201309363,D000510,1000.0,mg
201309383,D000617,13.5,mg
201309442,D000510,750.0,mg
201309922,D000510,,
201405010,D000312,,
201405544,D000510,500.0,mg
201405545,D000510,250.0,mg
201405546,D000510,1000.0,mg
201405587,D000312,,
201504493,D000510,500.0,mg
201504494,D000510,250.0,mg
201504495,D000510,1000.0,mg
201507389,D000059,150.0,mg
201601071,D000510,750.0,mg
201601702,D000523,100.0,mg
201603132,D000312,,
201603514,D000312,,
201603596,D000312,,
201605863,D000510,750.0,mg
201605864,D000510,500.0,mg
201606187,D000312,,
201700234,D000510,1000.0,mg
201700541,D000510,,
201702577,D000312,,
201703118,D000510,500.0,mg
201707214,D000312,,
201805180,D000510,750.0,mg
201805181,D000510,500.0,mg
201805182,D000510,500.0,mg
201900213,D000510,750.0,mg
201901171,D000312,,
201904315,D000312,,
201907531,D000510,500.0,mg
201907532,D000510,250.0,mg
201907533,D000510,1000.0,mg
201907923,D000510,500.0,mg
201907924,D000510,250.0,mg
201907925,D000510,1000.0,mg
201908012,D000510,500.0,mg
201908013,D000510,250.0,mg
201908014,D000510,1000.0,mg
202001677,D000312,,
202004013,D000312,,
202106955,D000510,750.0,mg
202200401,D000510,500.0,mg
202200692,D000510,,
202600594,D000510,1000.0,mg
201305402,D000312,,
201310318,D000312,,
201400833,D000312,,
201403141,D000312,,
201404115,D000312,,
201405531,D000312,,
201500031,D000312,,
201500392,D000312,,
201501395,D000312,,
201501606,D000312,,
201507891,D000312,,
201602185,D000312,,
201602235,D000312,,
201602237,D000312,,
201602253,D000312,,
201602284,D000312,,
201602324,D000312,,
201602341,D000312,,
201602349,D000312,,
201602362,D000312,,
201602406,D000312,,
201602438,D000312,,
201602965,D000312,,
201603436,D000312,,
201603807,D000312,,
201702130,D000312,,
201702413,D000312,,
201705763,D000312,,
201800870,D000312,,
201901015,D000312,,
201901064,D000312,,
201901065,D000312,,
201901295,D000312,,
201901399,D000312,,
201901581,D000312,,
201902806,D000312,,
201904480,D000312,,
201904634,D000312,,
201905841,D000312,,
201907129,D000312,,
201908157,D000312,,
201908281,D000312,,
202000923,D000312,,
202002695,D000312,,
202003349,D000312,,
202003600,D000312,,
198600091,D000135,,
199000165,D000473,,
199000992,D000135,,
199201562,D000135,1.0,mg
199301704,D000642,,
199701063,D000369,25.0,mg
199701064,D000369,50.0,mg
199701065,D000369,100.0,mg
199801023,D000723,500.0,mg
200108817,D000443,,
200109317,D000135,1.0,mg
200502107,D000567,5.0,mg
200511055,D000173,60.0,mg
200511056,D000173,80.0,mg
200600456,D000567,2.0,mg
200610661,D000173,40.0,mg
200708534,D000173,20.0,mg
200713803,D000445,50.0,mg
200811863,D000221,,
201104046,D000663,,
201110420,D000368,,
201110518,D000368,5.0,mg
201206824,D000368,4.0,mg
201307043,D000368,4.0,mg
201905321,D000567,,
202001397,D000368,5.0,mg
202101980,D000368,5.0,mg
202102615,D000368,5.0,mg
202102685,D000368,5.0,mg
202102686,D000368,5.0,mg
202102687,D000368,5.0,mg
202102689,D000368,5.0,mg
202103566,D000368,5.0,mg
202104266,D000368,5.0,mg
202104345,D000368,5.0,mg
202104919,D000368,5.0,mg
202106203,D000368,5.0,mg
202200967,D000368,5.0,mg
202201659,D000368,5.0,mg
202300063,D000368,5.0,mg
202303362,D000368,5.0,mg
197500023,D000683,40.0,mg
197900134,D000486,80.0,mg
198100080,D000683,,
198200139,D000683,,
198300006,D000683,,
198701725,D000683,,
198800705,D000486,80.0,mg
198900630,D000773,,
198900925,D000535,250.0,mg
199000027,D000773,,
199001499,D000773,100.0,mg
199300663,D000486,100.0,mg
199401972,D000683,1.0,mg
199504168,D000488,10.0,mg
199504171,D000535,,
199604918,D000061,1.0,mg
199604919,D000593,,
199604920,D000593,0.1,mg
199702548,D000773,,
199703366,D000773,,
199806707,D000063,,
199806740,D000773,,
199901471,D000486,80.0,mg
199903340,D000683,2.0,mg
199904140,D000486,,
200001457,D000535,500.0,mg
200001458,D000535,200.0,mg
200102754,D000683,,
200108697,D000772,4.0,mg
200109117,D000382,,
200201173,D000489,,
200201275,D000773,,
200201991,D000486,,
200209716,D000535,500.0,mg
200109188,D000593,,
200302307,D000061,,
200400323,D000065,100.0,mg
200401252,D000065,100.0,mg
200401256,D000588,10.0,mg
200401613,D000489,,
200401647,D000486,,
200402618,D000588,5.0,mg
200402751,D000683,,
200403247,D000068,,
200403319,D000065,,
200403911,D000486,,
200410074,D000131,450.0,mg
200410350,D000593,,
200500686,D000065,,
200501162,D000065,25.0,mg
200501170,D000588,5.0,mg
200501237,D000065,100.0,mg
200501778,D000589,,
200501789,D000683,,
200502186,D000065,100.0,mg
200502654,D000065,,
200502737,D000068,,
200502744,D000065,,
200502866,D000065,100.0,mg
200502902,D000065,25.0,mg
200503065,D000065,,
200503090,D000486,,
200511046,D000591,150.0,mg
200511051,D000535,250.0,mg
200511106,D000381,20.0,mg
200511107,D000381,100.0,mg
200511108,D000381,250.0,mg
200512313,D000065,100.0,mg
200600081,D000065,25.0,mg
200600543,D000065,,
200603990,D000482,50.0,mg
200604212,D000065,25.0,mg
200604258,D000065,25.0,mg
200604259,D000588,,
200604260,D000588,,
200604323,D000065,,
200605410,D000065,25.0,mg
200605461,D000065,,
200605499,D000065,,
200608166,D000065,25.0,mg
200608183,D000065,25.0,mg
200608240,D000065,,
200611121,D000588,10.0,mg
200702019,D000065,100.0,mg
200702451,D000065,50.0,mg
200702963,D000065,25.0,mg
200703120,D000065,25.0,mg
200703121,D000065,25.0,mg
200703233,D000065,,
200703275,D000065,25.0,mg
200704968,D000065,25.0,mg
200705484,D000065,25.0,mg
200706103,D000065,50.0,mg
200708881,D000061,,
200804451,D000682,1.0,mg
200804811,D000065,50.0,mg
200806032,D000773,,
200806999,D000065,,
200808116,D000775,,
200810221,D000131,,
200810634,D000587,,
200811428,D000588,2.5,mg
200902182,D000486,,
200906557,D000068,,
200906607,D000063,250.0,mg
201001269,D000776,1.0,mg
201001931,D000773,,
201002081,D000683,,
201004349,D000535,300.0,mg
201100197,D000593,,
201104376,D000361,,
201104802,D000589,,
201109515,D000772,,
201202719,D000771,,
201207212,D000773,50.0,mg
201308821,D000482,50.0,mg
201308822,D000482,100.0,mg
201309336,D000065,100.0,mg
201400023,D000065,,
201400024,D000065,,
201400158,D000591,150.0,mg
201400159,D000591,440.0,mg
201400326,D000591,100.0,mg
201400327,D000591,160.0,mg
201401064,D000065,100.0,mg
201402171,D000065,25.0,mg
201402190,D000591,600.0,mg
201402359,D000535,500.0,mg
201402937,D000065,100.0,mg
201403151,D000065,25.0,mg
201403599,D000065,25.0,mg
201404441,D000065,100.0,mg
201405930,D000065,25.0,mg
201502602,D000381,250.0,mg
201403578,D000771,162.0,mg
201502603,D000381,20.0,mg
201502604,D000381,100.0,mg
201502874,D000065,25.0,mg
201503271,D000381,250.0,mg
201503272,D000381,100.0,mg
201503273,D000381,20.0,mg
201503517,D000065,25.0,mg
201503842,D000065,100.0,mg
201504775,D000482,50.0,mg
201504776,D000482,100.0,mg
201505740,D000131,450.0,mg
201506136,D000065,100.0,mg
201508116,D000065,,
201508309,D000063,,
201601501,D000065,25.0,mg
201602103,D000182,,
201602393,D000683,40.0,mg
201602619,D000065,100.0,mg
201603053,D000065,100.0,mg
201603054,D000065,25.0,mg
201603124,D000065,25.0,mg
201603565,D000065,,
201604286,D000382,,
201604596,D000488,,
201704726,D000065,25.0,mg
201704878,D000068,,
201706471,D000065,100.0,mg
201706472,D000065,200.0,mg
201706473,D000065,25.0,mg
201706474,D000065,50.0,mg
201707452,D000065,100.0,mg
201707851,D000591,150.0,mg
201800721,D000385,90.0,mg
201800730,D000385,90.0,mg
201708203,D000593,22.5,mg
201800744,D000385,90.0,mg
201800812,D000065,,
201800904,D000385,90.0,mg
201801087,D000065,,
201801152,D000065,25.0,mg
201801153,D000065,100.0,mg
201801418,D000065,25.0,mg
201802177,D000385,60.0,mg
201802206,D000385,60.0,mg
201802207,D000385,60.0,mg
201802220,D000065,,
201802998,D000068,2.5,mg
201803042,D000065,25.0,mg
201803489,D000065,25.0,mg
201804176,D000065,100.0,mg
201804299,D000068,,
201804314,D000065,100.0,mg
201804315,D000065,25.0,mg
201804669,D000065,25.0,mg
201804893,D000065,100.0,mg
201804937,D000486,80.0,mg
201805025,D000065,100.0,mg
201900782,D000068,2.5,mg
201901067,D000385,60.0,mg
201901334,D000385,60.0,mg
201901335,D000385,90.0,mg
201901595,D000385,90.0,mg
201901689,D000065,100.0,mg
201902173,D000065,25.0,mg
201902183,D000065,25.0,mg
201902238,D000065,100.0,mg
201903436,D000385,90.0,mg
201903437,D000385,60.0,mg
201906616,D000065,25.0,mg
201907073,D000065,100.0,mg
201907140,D000065,25.0,mg
201907816,D000065,100.0,mg
201907818,D000065,25.0,mg
201908215,D000068,2.5,mg
201908489,D000068,,
201908514,D000065,25.0,mg
201908515,D000065,100.0,mg
201908527,D000068,2.5,mg
202000046,D000065,25.0,mg
202000433,D000065,50.0,mg
202000434,D000065,25.0,mg
202004774,D000487,15.0,mg
202005251,D000065,100.0,mg
202005395,D000065,25.0,mg
202005672,D000065,100.0,mg
202005673,D000065,25.0,mg
202007039,D000591,440.0,mg
202102646,D000065,25.0,mg
202105130,D000065,,
202105534,D000065,25.0,mg
202105535,D000065,100.0,mg
202105680,D000065,25.0,mg
202106014,D000065,,
202106742,D000065,,
202106847,D000065,25.0,mg
202106899,D000065,100.0,mg
202107135,D000065,100.0,mg
202107457,D000065,25.0,mg
202107517,D000065,25.0,mg
202107518,D000065,100.0,mg
202200266,D000065,25.0,mg
202200550,D000385,60.0,mg
202202617,D000487,30.0,mg
202203114,D000487,30.0,mg
202203115,D000487,15.0,mg
202302765,D000182,,
202303094,D000535,500.0,mg
202303449,D000535,250.0,mg
202400190,D000535,500.0,mg
202401255,D000535,250.0,mg
202402296,D000065,50.0,mg
202402815,D000065,25.0,mg
202402827,D000065,50.0,mg
202402953,D000065,25.0,mg
202402973,D000065,25.0,mg
202501907,D000065,25.0,mg
202501908,D000065,50.0,mg
202502017,D000063,,
202105922,D000382,,
202500741,D000065,25.0,mg
201402420,D000061,,
196100002,D000241,,
199700694,D000483,,
199904113,D000679,10.0,mg
199904114,D000679,20.0,mg
200001965,D000728,,
200204308,D000022,,
200300393,D000483,,
200402432,D000679,,
200402886,D000728,,
200606180,D000023,12.5,mg
200606181,D000023,25.0,mg
200606182,D000023,50.0,mg
200612254,D000483,,
200800233,D000547,200.0,mg
200904508,D000481,,
201201554,D000481,,
201706903,D000483,,
201706904,D000483,,
202007416,D000547,200.0,mg
200608201,D000728,,
199602706,D000139,,
201000998,D000219,10.0,mg
198200958,D000223,100.0,mg
200004855,D000223,,
200100705,D000223,,
200102757,D000223,,
200103715,D000223,,
200103741,D000223,,
200200772,D000224,,
200301870,D000223,,
200307822,D000313,,
200400670,D000223,,
200410983,D000223,,
200607043,D000223,,
200703103,D000223,200.0,mg
200703631,D000223,,
200705760,D000223,,
200711925,D000224,,
200711927,D000224,35.0,mg
200713108,D000224,35.0,mg
200713888,D000224,35.0,mg
200713889,D000224,35.0,mg
200713890,D000224,35.0,mg
200713906,D000224,,
200713910,D000224,35.0,mg
200713911,D000224,35.0,mg
200713912,D000224,35.0,mg
200713913,D000224,35.0,mg
200713914,D000224,35.0,mg
200713915,D000224,35.0,mg
200800281,D000224,35.0,mg
200800284,D000224,35.0,mg
200800286,D000224,,
200800291,D000224,,
200800315,D000224,,
200800316,D000224,35.0,mg
200800318,D000224,,
200800319,D000224,35.0,mg
200800330,D000224,,
200800331,D000224,35.0,mg
200800347,D000224,35.0,mg
200801251,D000223,,
200801812,D000224,35.0,mg
200801814,D000224,,
200801815,D000224,35.0,mg
200801817,D000224,35.0,mg
200801819,D000224,35.0,mg
200801820,D000224,35.0,mg
200801821,D000224,35.0,mg
200801822,D000224,,
200801987,D000224,35.0,mg
200803148,D000224,35.0,mg
200804092,D000224,35.0,mg
200805962,D000710,,
200806809,D000224,35.0,mg
200808241,D000224,150.0,mg
200902650,D000527,10.0,mg
201000826,D000224,150.0,mg
201000872,D000224,150.0,mg
201000875,D000224,150.0,mg
201000876,D000224,150.0,mg
201000951,D000224,150.0,mg
201001637,D000224,150.0,mg
201001640,D000224,150.0,mg
201001725,D000224,150.0,mg
201001730,D000224,150.0,mg
201001731,D000224,150.0,mg
201002277,D000224,150.0,mg
201003150,D000224,150.0,mg
201003151,D000224,150.0,mg
201003163,D000224,150.0,mg
201003164,D000224,,
201003397,D000224,150.0,mg
201003398,D000224,150.0,mg
201004224,D000224,150.0,mg
201004244,D000224,150.0,mg
201004245,D000224,150.0,mg
201201271,D000527,15.0,mg
201201272,D000527,20.0,mg
201205259,D000224,35.0,mg
201308823,D000527,2.5,mg
201308932,D000401,40.0,mg
201309403,D000224,,
201310380,D000224,35.0,mg
201310869,D000224,35.0,mg
201400607,D000224,35.0,mg
201401147,D000223,200.0,mg
201403814,D000224,150.0,mg
201404807,D000224,,
201404967,D000313,,
201404976,D000710,,
201501058,D000224,150.0,mg
201503783,D000224,,
201504895,D000313,,
201600379,D000224,35.0,mg
201600587,D000224,150.0,mg
201600880,D000224,150.0,mg
201603956,D000224,150.0,mg
201701378,D000223,200.0,mg
201802150,D000527,20.0,mg
201903166,D000224,35.0,mg
201905603,D000224,150.0,mg
201908251,D000224,35.0,mg
202001322,D000224,35.0,mg
202001464,D000527,20.0,mg
202001691,D000223,,
202001861,D000527,20.0,mg
202001884,D000527,20.0,mg
202002515,D000527,2.5,mg
202002634,D000527,2.5,mg
202002652,D000527,2.5,mg
202002653,D000527,20.0,mg
202003566,D000527,20.0,mg
202007450,D000527,10.0,mg
202007451,D000527,15.0,mg
202008430,D000527,2.5,mg
202008586,D000527,20.0,mg
202009418,D000527,20.0,mg
202101863,D000527,15.0,mg
202101864,D000527,10.0,mg
202101946,D000527,10.0,mg
202101947,D000527,15.0,mg
202102198,D000527,10.0,mg
202102199,D000527,15.0,mg
202102380,D000527,15.0,mg
202102381,D000527,10.0,mg
202102479,D000527,15.0,mg
202102480,D000527,10.0,mg
202103086,D000527,10.0,mg
202103087,D000527,15.0,mg
202103115,D000527,2.5,mg
202103368,D000527,10.0,mg
202103369,D000527,15.0,mg
202103370,D000527,20.0,mg
202103555,D000527,20.0,mg
202104255,D000527,20.0,mg
202104256,D000527,15.0,mg
202104257,D000527,10.0,mg
202105341,D000527,10.0,mg
202105342,D000527,15.0,mg
202105343,D000527,20.0,mg
202105573,D000527,20.0,mg
202105574,D000527,15.0,mg
202105575,D000527,10.0,mg
202107605,D000527,2.5,mg
202107674,D000527,2.5,mg
202107917,D000527,2.5,mg
202107952,D000527,2.5,mg
202108105,D000527,2.5,mg
202108132,D000527,2.5,mg
202108133,D000527,2.5,mg
202200128,D000527,2.5,mg
202302999,D000313,,
202400030,D000527,20.0,mg
202202315,D000527,15.0,mg
202202316,D000527,10.0,mg
202202317,D000527,20.0,mg
202000412,D000224,35.0,mg
202500420,D000223,100.0,mg
197800305,D000408,,
198400284,D000406,,
198700667,D000309,,
198900082,D000309,,
198902261,D000309,20.0,mg
199200883,D000398,,
199200884,D000398,,
199301970,D000309,,
199302453,D000309,,
199401413,D000309,,
199500183,D000621,,
199602982,D000406,,
200108676,D000508,,
200202872,D000406,,
200401598,D000406,,
200403919,D000408,,
200500974,D000398,,
200502022,D000621,,
200600117,D000621,75.0,mg
200606981,D000406,,
200702691,D000508,,
200703204,D000109,15.0,mg
200704618,D000583,,
200705320,D000621,,
200708787,D000093,10.0,mg
200806842,D000094,,
200807036,D000583,200.0,mg
200807037,D000583,25.0,mg
200807038,D000583,200.0,mg
200807040,D000583,200.0,mg
200807041,D000583,25.0,mg
200807043,D000583,25.0,mg
200807044,D000583,200.0,mg
200807045,D000583,25.0,mg
200808790,D000583,300.0,mg
200808799,D000508,60.0,mg
200809074,D000583,200.0,mg
200901008,D000406,5.0,mg
201000845,D000104,,
201001699,D000583,25.0,mg
201003049,D000583,200.0,mg
201004767,D000621,,
201005685,D000583,300.0,mg
201102314,D000406,5.0,mg
201102783,D000471,130.0,mg
201102784,D000471,,
201200120,D000299,200.0,mg
201200121,D000299,100.0,mg
201207464,D000102,1.0,mg
201207465,D000102,2.0,mg
201307727,D000797,,
201310293,D000515,300.0,mg
201310300,D000515,,
201400277,D000515,425.0,mg
201400278,D000515,225.0,mg
201400279,D000515,325.0,mg
201506664,D000799,,
201600274,D000583,25.0,mg
201600275,D000583,100.0,mg
201601006,D000508,,
201601337,D000406,,
201601582,D000621,50.0,mg
201603147,D000583,50.0,mg
201607376,D000093,0.5,mg
201800174,D000408,,
201802465,D000583,200.0,mg
201802736,D000583,200.0,mg
201803540,D000583,25.0,mg
201900219,D000583,12.5,mg
201900672,D000102,2.0,mg
201900673,D000102,1.0,mg
201900713,D000102,1.0,mg
201900734,D000102,2.0,mg
201900756,D000102,2.0,mg
201900766,D000102,1.0,mg
201900808,D000102,1.0,mg
201900809,D000102,2.0,mg
201901341,D000102,1.0,mg
201901342,D000102,2.0,mg
201901879,D000102,2.0,mg
201902573,D000102,1.0,mg
201903161,D000102,1.0,mg
201903162,D000102,2.0,mg
201905395,D000102,1.0,mg
201905396,D000102,2.0,mg
201906405,D000508,,
201906751,D000508,45.0,mg
201907576,D000797,,
202001272,D000797,,
202002142,D000797,,
202002310,D000797,75.0,mg
202002539,D000797,,
202002760,D000797,,
202003720,D000797,75.0,mg
202003862,D000797,,
202004829,D000471,32.5,mg
202301618,D000093,,
202303176,D000104,,
202402595,D000621,50.0,mg
202502735,D000621,50.0,mg
202600162,D000621,50.0,mg
202600277,D000621,50.0,mg
201502371,D000508,,
201906182,D000508,60.0,mg
202000332,D000508,,
202401991,D000621,53.0,mg
202401992,D000621,74.2,mg
202402623,D000621,50.0,mg
202402624,D000621,50.0,mg
202402628,D000621,50.0,mg
202601490,D000621,50.0,mg
202601507,D000621,50.0,mg
202601801,D000621,50.0,mg
202601843,D000621,50.0,mg
202601848,D000621,50.0,mg
202601850,D000621,50.0,mg
202001253,D000797,,
202001268,D000797,,
202003325,D000797,,
202003716,D000797,,
202003933,D000797,,
196300025,D000667,,
198100305,D000595,100.0,mg
198100651,D000595,,
198300174,D000566,,
199203279,D000121,,
199501172,D000230,,
199502670,D000685,,
199604958,D000189,,
199801795,D000189,,
199803107,D000121,,
199803108,D000121,,
199803971,D000189,,
199901631,D000189,,
199903201,D000230,,
200008776,D000263,150.0,mg
200008777,D000263,300.0,mg
200008778,D000263,600.0,mg
200103889,D000189,,
200103890,D000189,,
200200196,D000403,,
200300027,D000189,,
200301835,D000189,,
200308579,D000189,,
200400322,D000192,4.0,mg
200403783,D000263,,
200409932,D000121,10.0,mg
200409933,D000121,5.0,mg
200410377,D000189,,
200500036,D000043,,
200500243,D000715,,
200501627,D000715,,
200502348,D000043,50.0,mg
200512187,D000043,50.0,mg
200600006,D000043,100.0,mg
200603902,D000043,5.0,mg
200603984,D000353,,
200604181,D000043,100.0,mg
200606425,D000715,,
200607725,D000043,,
200606450,D000715,,
200611514,D000263,,
200612694,D000715,,
200700023,D000043,50.0,mg
200705401,D000043,5.0,mg
200709257,D000715,,
200712404,D000043,100.0,mg
200713096,D000043,5.0,mg
200800437,D000043,5.0,mg
200800495,D000043,5.0,mg
200801561,D000043,5.0,mg
200802556,D000043,5.0,mg
200802700,D000715,,
200803520,D000189,,
200805159,D000192,,
200805988,D000192,,
200809103,D000685,,
201000513,D000043,5.0,mg
201001639,D000043,100.0,mg
201004157,D000189,,
201004970,D000490,400.0,mg
201004971,D000490,200.0,mg
201004999,D000596,,
201106874,D000595,50.0,mg
201202081,D000715,,
201202834,D000285,,
201203020,D000303,100.0,mg
201203021,D000303,500.0,mg
201204635,D000303,500.0,mg
201205435,D000303,500.0,mg
201205528,D000303,500.0,mg
201205928,D000303,500.0,mg
201206582,D000715,,
201206634,D000303,100.0,mg
201207334,D000303,500.0,mg
201207342,D000303,300.0,mg
201207558,D000715,,
201301225,D000303,100.0,mg
201302987,D000303,500.0,mg
201307522,D000190,,
201309178,D000303,100.0,mg
201309290,D000595,,
201309501,D000263,300.0,mg
201402317,D000715,,
201405474,D000263,150.0,mg
201501059,D000303,300.0,mg
201501434,D000303,300.0,mg
201502968,D000303,,
201504274,D000303,800.0,mg
201505185,D000303,800.0,mg
201507238,D000303,25.0,mg
201507851,D000230,250.0,mg
201507854,D000230,250.0,mg
201507855,D000230,500.0,mg
201604015,D000263,600.0,mg
201706577,D000043,100.0,mg
201706640,D000715,,
201800591,D000303,100.0,mg
201800533,D000715,,
202100882,D000596,,
202105581,D000596,,
202201583,D000596,,
202201710,D000596,,
202202255,D000596,,
202202897,D000596,,
202203062,D000596,,
202203185,D000596,,
202203186,D000596,,
202203259,D000596,,
202401573,D000043,5.0,mg
202200636,D000596,,
202203227,D000596,,
202401970,D000596,,
202402143,D000596,,
202402278,D000596,,
202402371,D000596,,
202500751,D000596,,
202601907,D000596,,
202602443,D000596,,
201401794,D000043,100.0,mg
201401795,D000043,50.0,mg
201102775,D000715,,
197300150,D000466,10.0,mg
197300151,D000466,25.0,mg
197800303,D000126,5.0,mg
198500321,D000718,500.0,mg
198500810,D000605,100.0,mg
198601049,D000605,400.0,mg
198700537,D000666,,
198701772,D000666,,
198500227,D000005,,
198500517,D000005,125.0,mg
198500518,D000005,500.0,mg
198600095,D000005,125.0,mg
198600096,D000005,500.0,mg
198801226,D000123,,
198900665,D000666,,
199100426,D000666,100.0,mg
199100970,D000666,,
199101034,D000666,,
199102137,D000666,100.0,mg
199102449,D000666,100.0,mg
199102577,D000005,,
199200096,D000666,200.0,mg
199200490,D000666,100.0,mg
199200698,D000666,200.0,mg
199200705,D000666,,
199201876,D000666,,
199202052,D000666,,
199202946,D000666,,
199300815,D000666,,
199301429,D000666,100.0,mg
199301512,D000718,,
199302107,D000718,,
199302663,D000666,,
199302841,D000317,,
199302843,D000317,,
199303299,D000666,,
199400179,D000666,,
199401160,D000666,200.0,mg
199401592,D000666,200.0,mg
199401661,D000666,,
199401911,D000666,200.0,mg
199402353,D000666,,
199402367,D000666,200.0,mg
199500311,D000666,,
199501728,D000666,,
199502431,D000666,200.0,mg
199502582,D000666,,
199602013,D000666,100.0,mg
199603322,D000666,,
199701437,D000718,,
199701480,D000666,,
199701551,D000718,,
199701631,D000605,,
199701288,D000005,125.0,mg
199701289,D000005,250.0,mg
199701290,D000005,500.0,mg
199701632,D000605,,
199702940,D000605,400.0,mg
199703359,D000605,,
199703360,D000605,,
199703543,D000666,200.0,mg
199703570,D000666,,
199806705,D000082,,
199800324,D000005,4.0,mg
199800325,D000005,16.0,mg
199904124,D000605,,
200001756,D000666,,
200002646,D000718,850.0,mg
200100702,D000718,850.0,mg
200101307,D000082,,
200101309,D000718,850.0,mg
200102143,D000005,,
200102623,D000005,,
200103860,D000666,200.0,mg
200201985,D000666,,
200202286,D000666,,
200202661,D000082,,
200301119,D000718,500.0,mg
200300085,D000005,,
200300111,D000005,,
200300814,D000005,,
200300864,D000005,4.0,mg
200301323,D000005,,
200301503,D000666,200.0,mg
200301572,D000666,200.0,mg
200302533,D000605,,
200307781,D000320,,
200301953,D000005,,
200400361,D000718,500.0,mg
200401657,D000666,200.0,mg
200401862,D000666,100.0,mg
200402467,D000666,,
200403118,D000666,400.0,mg
200403857,D000005,,
200403914,D000005,,
200404693,D000666,,
200500476,D000666,100.0,mg
200500854,D000005,,
200600657,D000666,400.0,mg
200606976,D000666,,
200607040,D000123,,
200701745,D000666,,
200702240,D000666,200.0,mg
200703288,D000718,,
200703298,D000005,,
200707959,D000666,200.0,mg
200708895,D000082,,
200713581,D000005,40.0,mg
200803322,D000787,,
200804833,D000317,,
200807006,D000005,40.0,mg
200900321,D000666,,
201206643,D000317,,
201206984,D000317,600.0,IU
201306447,D000716,50.0,mg
201309390,D000666,,
201404846,D000317,,
201405311,D000666,,
201405581,D000666,100.0,mg
201504497,D000082,,
201506769,D000666,100.0,mg
201508140,D000718,850.0,mg
201601053,D000666,100.0,mg
201603948,D000666,,
201902566,D000666,,
201904339,D000666,100.0,mg
201904655,D000666,100.0,mg
202000405,D000320,50.0,mg
202004980,D000228,,
202100592,D000126,2.5,mg
202106230,D000126,5.0,mg
202106448,D000320,50.0,mg
201507522,D000786,,
198501028,D000127,50.0,mg
199201621,D000531,,
199300259,D000532,,
199504100,D000634,25.0,mg
199504101,D000634,50.0,mg
199602752,D000233,,
199603160,D000233,,
199604622,D000197,,
199700584,D000233,,
199701271,D000233,,
199701737,D000531,10.0,mg
199702117,D000233,,
199703583,D000499,,
199703584,D000499,,
199703585,D000499,,
199806462,D000499,,
199806463,D000499,,
199806464,D000499,,
200101029,D000717,,
199903836,D000233,,
200201963,D000233,,
200307647,D000233,,
200307806,D000325,360.0,mg
200307807,D000325,180.0,mg
200402443,D000602,,
200402444,D000602,,
200600231,D000603,,
200606303,D000325,250.0,mg
200610652,D000325,250.0,mg
200803703,D000325,,
200805418,D000325,250.0,mg
200806423,D000289,,
200902328,D000432,100.0,mg
200903316,D000005,40.0,mg
201002429,D000005,40.0,mg
201003177,D000499,,
201003178,D000499,,
201005121,D000325,500.0,mg
201004462,D000005,40.0,mg
201004463,D000005,125.0,mg
201004464,D000005,250.0,mg
201004465,D000005,500.0,mg
201104062,D000785,,
201104297,D000499,,
201201492,D000289,,
201205549,D000289,,
201207516,D000005,,
201207586,D000005,4.0,mg
201208083,D000785,5.0,mg
201302240,D000005,,
201306210,D000005,,
201307482,D000785,2.5,mg
201306340,D000005,,
201306352,D000005,,
201307227,D000005,,
201307489,D000005,,
201307924,D000005,4.0,mg
201309564,D000005,16.0,mg
201310988,D000008,50.0,mg
201310989,D000008,25.0,mg
201309807,D000005,,
201309846,D000005,,
201310901,D000005,4.0,mg
201400981,D000289,,
201401967,D000325,1.0,g
201401970,D000005,,
201403152,D000005,,
201405128,D000119,10.0,mg
201500593,D000289,,
201403627,D000005,,
201404339,D000005,,
201404404,D000005,,
201405070,D000005,4.0,mg
201405432,D000005,,
201405584,D000005,,
201502741,D000289,,
201503071,D000602,,
201503190,D000602,50.0,mg
201500149,D000005,,
201500695,D000005,,
201502612,D000005,20.0,mg
201503317,D000289,,
201504244,D000005,40.0,mg
201506133,D000602,,
201507220,D000602,10.0,mg
201507428,D000602,,
201506192,D000005,,
201601070,D000289,,
201601112,D000005,,
201601358,D000289,,
201601595,D000005,,
201601609,D000005,4.0,mg
201601843,D000289,,
201604660,D000602,10.0,mg
201604996,D000289,,
201606703,D000289,,
201604383,D000005,4.0,mg
201606376,D000005,4.0,mg
201701157,D000005,,
201704469,D000289,,
201707635,D000289,,
201707840,D000289,,
201707939,D000005,4.0,mg
202002246,D000008,50.0,mg
202002247,D000008,50.0,mg
201801003,D000005,4.0,mg
201802182,D000005,,
201802448,D000005,,
201803084,D000005,4.0,mg
201803542,D000005,,
201803980,D000005,,
202004440,D000602,50.0,mg
201804425,D000005,,
201804861,D000005,,
201900631,D000005,,
201900656,D000005,,
201901170,D000005,,
201901439,D000005,4.0,mg
202101443,D000008,50.0,mg
202101444,D000008,50.0,mg
201901631,D000005,,
201901841,D000005,,
201903190,D000005,4.0,mg
201903452,D000005,,
201903564,D000005,,
201903859,D000005,,
202101446,D000008,50.0,mg
202101447,D000008,50.0,mg
202101448,D000008,50.0,mg
201907400,D000005,4.0,mg
201907800,D000005,,
202001615,D000005,,
202101449,D000008,50.0,mg
202101450,D000008,50.0,mg
202101452,D000008,50.0,mg
202101453,D000008,50.0,mg
202101454,D000008,50.0,mg
202101456,D000008,50.0,mg
202101459,D000008,50.0,mg
202101461,D000008,50.0,mg
202101462,D000008,50.0,mg
202101467,D000008,50.0,mg
202101469,D000008,50.0,mg
202101470,D000008,50.0,mg
202101472,D000008,50.0,mg
202101475,D000008,50.0,mg
202101477,D000008,50.0,mg
202101478,D000008,50.0,mg
202203142,D000127,50.0,mg
202300945,D000119,10.0,mg
202500078,D000127,50.0,mg
202303175,D000005,2.0,mg
200210698,D000007,,
200210699,D000007,,
200410875,D000007,,
200410876,D000007,,
202301535,D000290,,
200712655,D000499,,
201506144,D000499,,
201800079,D000603,,
202503265,D000289,,
200402887,D000783,,
200501315,D000783,,
200802869,D000783,500.0,mg
200100044,D000602,,
200100045,D000602,,
200300047,D000602,,
202006590,D000602,,
202006591,D000602,,
202102193,D000602,50.0,mg
202105359,D000602,,
202203629,D000602,50.0,mg
202203630,D000602,10.0,mg
198701132,D000343,,
200109301,D000953,,
200200234,D000632,200.0,mg
200511057,D000959,75.0,mg
200511058,D000959,150.0,mg
200511059,D000959,300.0,mg
200603929,D000259,,
200701021,D000259,,
201104470,D000613,,
201108886,D000959,150.0,mg
201108892,D000959,75.0,mg
201108989,D000959,75.0,mg
201108990,D000959,150.0,mg
201109024,D000959,150.0,mg
201109028,D000959,75.0,mg
201109029,D000959,150.0,mg
201109030,D000959,75.0,mg
201109140,D000959,75.0,mg
201109141,D000959,150.0,mg
201109142,D000959,,
201109143,D000959,75.0,mg
201109144,D000959,150.0,mg
201109150,D000959,75.0,mg
201109151,D000959,150.0,mg
201109152,D000959,75.0,mg
201109154,D000959,150.0,mg
201109155,D000959,75.0,mg
201109158,D000959,75.0,mg
201109159,D000959,150.0,mg
201109160,D000959,75.0,mg
201109161,D000959,150.0,mg
201109221,D000959,150.0,mg
201109222,D000959,75.0,mg
201109223,D000959,150.0,mg
201109224,D000959,75.0,mg
201109225,D000959,150.0,mg
201109226,D000959,75.0,mg
201109227,D000959,75.0,mg
201109228,D000959,150.0,mg
201109229,D000959,75.0,mg
201109230,D000959,150.0,mg
201109231,D000959,75.0,mg
201109232,D000959,150.0,mg
201109233,D000959,75.0,mg
201109234,D000959,150.0,mg
201109235,D000959,75.0,mg
201109237,D000959,150.0,mg
201109238,D000959,75.0,mg
201109253,D000959,75.0,mg
201109254,D000959,150.0,mg
201109255,D000959,300.0,mg
201109256,D000959,75.0,mg
201109257,D000959,150.0,mg
201109259,D000959,75.0,mg
201109260,D000959,150.0,mg
201109261,D000959,75.0,mg
201109274,D000959,75.0,mg
201109275,D000959,150.0,mg
201109276,D000959,150.0,mg
201109277,D000959,75.0,mg
201109278,D000959,75.0,mg
201109279,D000959,150.0,mg
201109285,D000959,75.0,mg
201109286,D000959,150.0,mg
201109291,D000959,75.0,mg
201109292,D000959,75.0,mg
201109293,D000959,150.0,mg
201109294,D000959,75.0,mg
201109295,D000959,150.0,mg
201109296,D000959,150.0,mg
201109307,D000959,75.0,mg
201109308,D000959,150.0,mg
201109309,D000959,75.0,mg
201109310,D000959,150.0,mg
201112306,D000959,150.0,mg
201112307,D000959,75.0,mg
201203615,D000959,300.0,mg
201205825,D000959,75.0,mg
201205826,D000959,75.0,mg
201205827,D000959,150.0,mg
201205828,D000959,150.0,mg
201206123,D000959,100.0,mg
201207232,D000959,150.0,mg
201207233,D000959,75.0,mg
201207234,D000959,300.0,mg
201208481,D000959,150.0,mg
201500516,D000959,300.0,mg
201501153,D000959,75.0,mg
201502554,D000959,75.0,mg
201804326,D000613,,
201902650,D000613,,
202203468,D000613,,
202203508,D000613,,
202203526,D000613,2.0,mg
202203557,D000613,,
202401399,D000901,60.0,mg
202400261,D000259,150.0,mg
201803171,D000613,,
202003691,D000613,,
202203436,D000613,2.0,mg
202203487,D000613,,
196000001,D000064,,
199900524,D000240,100.0,mg
200307798,D000180,25.0,mg
200307799,D000180,100.0,mg
200410337,D000350,,
200605426,D000240,,
200605439,D000240,100.0,mg
200605450,D000240,100.0,mg
200605460,D000240,,
200605468,D000240,,
200607709,D000240,,
200607778,D000240,,
200607890,D000240,100.0,mg
200608161,D000240,100.0,mg
200611039,D000240,100.0,mg
200703675,D000240,,
200703681,D000240,,
200703692,D000240,,
200703737,D000240,,
200706244,D000240,100.0,mg
200802656,D000240,,
200803428,D000240,100.0,mg
201100111,D000568,,
201103179,D000524,,
201208740,D000240,100.0,mg
201210235,D000240,100.0,mg
201303041,D000240,,
201308236,D000240,100.0,mg
201309703,D000568,,
201309789,D000180,100.0,mg
201309790,D000180,25.0,mg
201402039,D000240,,
201402821,D000240,,
201404006,D000240,,
201406194,D000240,,
201500368,D000240,300.0,mg
201500369,D000240,300.0,mg
201500370,D000240,300.0,mg
201500371,D000240,300.0,mg
201500372,D000240,300.0,mg
201500948,D000240,,
201501119,D000240,,
201502555,D000959,150.0,mg
201502966,D000959,75.0,mg
201502967,D000959,150.0,mg
201505063,D000240,,
201600217,D000350,10.0,mg
201600253,D000959,75.0,mg
201600254,D000959,150.0,mg
201600856,D000959,150.0,mg
201600892,D000959,150.0,mg
201601186,D000959,150.0,mg
201601187,D000959,75.0,mg
201601284,D000959,75.0,mg
201602888,D000959,150.0,mg
201602889,D000959,75.0,mg
201602959,D000240,,
201603033,D000240,100.0,mg
201603115,D000959,150.0,mg
201603116,D000959,75.0,mg
201603279,D000959,75.0,mg
201603280,D000959,150.0,mg
201603419,D000959,150.0,mg
201603420,D000959,75.0,mg
201603532,D000959,75.0,mg
201603533,D000959,150.0,mg
201603601,D000959,75.0,mg
201603602,D000959,150.0,mg
201603605,D000959,75.0,mg
201603606,D000959,150.0,mg
201603620,D000959,75.0,mg
201603621,D000959,150.0,mg
201603622,D000959,150.0,mg
201603623,D000959,75.0,mg
201603681,D000959,75.0,mg
201603682,D000959,150.0,mg
201603683,D000959,300.0,mg
201603689,D000959,150.0,mg
201603690,D000959,75.0,mg
201604075,D000959,75.0,mg
201604076,D000959,150.0,mg
201605664,D000959,300.0,mg
201605665,D000959,75.0,mg
201605666,D000959,150.0,mg
201701194,D000350,10.0,mg
201701195,D000350,,
201701412,D000350,10.0,mg
201701413,D000350,,
201701414,D000350,,
201701473,D000959,150.0,mg
201701474,D000959,75.0,mg
201702148,D000959,150.0,mg
201702149,D000959,75.0,mg
201702210,D000959,75.0,mg
201702211,D000959,150.0,mg
201702386,D000959,150.0,mg
201702387,D000959,75.0,mg
201702555,D000350,,
201702673,D000959,50.0,mg
201702674,D000959,25.0,mg
201702681,D000240,100.0,mg
201702684,D000959,150.0,mg
201702685,D000959,75.0,mg
201704853,D000959,75.0,mg
201704854,D000959,150.0,mg
201705789,D000959,150.0,mg
201705790,D000959,75.0,mg
201706342,D000959,75.0,mg
201706343,D000959,150.0,mg
201706372,D000959,300.0,mg
201706376,D000959,300.0,mg
201706387,D000959,300.0,mg
201706389,D000959,300.0,mg
201706448,D000240,,
201706650,D000959,150.0,mg
201706651,D000959,75.0,mg
201706734,D000959,75.0,mg
201706746,D000240,100.0,mg
201707298,D000350,,
201707536,D000350,10.0,mg
201707563,D000959,75.0,mg
201707564,D000959,150.0,mg
201707653,D000959,300.0,mg
201708174,D000959,300.0,mg
201708370,D000240,,
201800476,D000240,100.0,mg
201800511,D000959,75.0,mg
201800512,D000959,150.0,mg
201800719,D000959,150.0,mg
201800720,D000959,75.0,mg
201800762,D000959,150.0,mg
201800763,D000959,75.0,mg
201800767,D000959,150.0,mg
201800768,D000959,75.0,mg
201800910,D000240,,
201800928,D000959,25.0,mg
201800929,D000959,50.0,mg
201800935,D000959,300.0,mg
201801211,D000959,150.0,mg
201801696,D000959,150.0,mg
201801697,D000959,75.0,mg
201801865,D000240,,
201802138,D000959,50.0,mg
201802161,D000350,10.0,mg
201802164,D000959,75.0,mg
201802254,D000959,25.0,mg
201802297,D000959,150.0,mg
201802678,D000959,75.0,mg
201802917,D000240,,
201802989,D000959,82.5,mg
201802990,D000959,165.0,mg
201802991,D000959,330.0,mg
201804149,D000959,25.0,mg
201804185,D000180,50.0,mg
201804347,D000240,100.0,mg
201804474,D000180,200.0,mg
201804578,D000959,50.0,mg
201804579,D000959,25.0,mg
201804580,D000959,100.0,mg
201804625,D000240,,
201804826,D000959,75.0,mg
201804827,D000959,150.0,mg
201804987,D000959,25.0,mg
201804988,D000959,50.0,mg
201805040,D000959,50.0,mg
201805041,D000959,25.0,mg
201900030,D000959,300.0,mg
201900031,D000959,150.0,mg
201900138,D000959,150.0,mg
201900139,D000959,300.0,mg
201900140,D000959,300.0,mg
201900141,D000959,150.0,mg
201900142,D000959,300.0,mg
201900143,D000959,150.0,mg
201900144,D000959,300.0,mg
201900145,D000959,150.0,mg
201900146,D000959,300.0,mg
201900147,D000959,150.0,mg
201900208,D000959,25.0,mg
201900209,D000959,50.0,mg
201900612,D000959,50.0,mg
201900613,D000959,25.0,mg
201900636,D000959,75.0,mg
201901231,D000959,50.0,mg
201901391,D000959,25.0,mg
201901392,D000959,50.0,mg
201901704,D000240,,
201901933,D000959,75.0,mg
201901934,D000959,150.0,mg
201902046,D000959,75.0,mg
201902047,D000959,150.0,mg
201902064,D000350,,
201902233,D000959,75.0,mg
201902240,D000959,75.0,mg
201902285,D000350,,
201902435,D000350,10.0,mg
201902438,D000959,75.0,mg
201902603,D000959,25.0,mg
201902604,D000959,50.0,mg
201902648,D000959,50.0,mg
201902649,D000959,25.0,mg
201902782,D000350,10.0,mg
201902889,D000240,100.0,mg
201902916,D000350,,
201902917,D000350,10.0,mg
201903003,D000959,150.0,mg
201903004,D000959,75.0,mg
201903450,D000959,150.0,mg
201903451,D000959,75.0,mg
201903471,D000240,,
201903472,D000240,300.0,mg
201903474,D000240,300.0,mg
201903475,D000240,300.0,mg
201903476,D000240,,
201903477,D000240,300.0,mg
201903478,D000240,,
201903479,D000240,300.0,mg
201903480,D000240,,
201903482,D000240,300.0,mg
201903483,D000240,300.0,mg
201903484,D000240,300.0,mg
201903485,D000240,300.0,mg
201903486,D000240,300.0,mg
201903487,D000240,,
201903488,D000240,300.0,mg
201903489,D000240,,
201903490,D000240,300.0,mg
201903491,D000240,300.0,mg
201903492,D000240,300.0,mg
201903493,D000240,300.0,mg
201903494,D000240,300.0,mg
201903497,D000240,300.0,mg
201903498,D000240,300.0,mg
201903499,D000240,300.0,mg
201903501,D000240,,
201903502,D000240,300.0,mg
201903503,D000240,,
201903504,D000240,300.0,mg
201903505,D000240,300.0,mg
201903506,D000240,300.0,mg
201903507,D000240,,
201903508,D000240,300.0,mg
201903509,D000240,300.0,mg
201903510,D000240,300.0,mg
201903511,D000240,300.0,mg
201903592,D000240,,
201903593,D000240,300.0,mg
201903594,D000240,300.0,mg
201903632,D000350,,
201903728,D000240,300.0,mg
201904256,D000959,75.0,mg
201904257,D000959,150.0,mg
201904261,D000240,100.0,mg
201904311,D000240,,
201904423,D000959,25.0,mg
201904424,D000959,50.0,mg
201904515,D000240,,
201904516,D000240,300.0,mg
201904518,D000240,300.0,mg
201904576,D000240,300.0,mg
201904611,D000240,,
201905352,D000959,50.0,mg
201905353,D000959,25.0,mg
201905357,D000959,50.0,mg
201905358,D000959,25.0,mg
201905364,D000959,25.0,mg
201905365,D000959,50.0,mg
201905644,D000959,75.0,mg
201905645,D000959,150.0,mg
201905662,D000959,75.0,mg
201905663,D000959,150.0,mg
201905991,D000240,100.0,mg
201906077,D000240,100.0,mg
201906161,D000959,25.0,mg
201906162,D000959,50.0,mg
201906205,D000959,75.0,mg
201906206,D000959,150.0,mg
201906412,D000240,100.0,mg
201906437,D000240,100.0,mg
201906564,D000240,100.0,mg
201906847,D000959,150.0,mg
201906857,D000959,75.0,mg
201907418,D000240,300.0,mg
201907419,D000240,300.0,mg
201907774,D000959,50.0,mg
201907791,D000959,75.0,mg
201907933,D000959,75.0,mg
202000173,D000959,25.0,mg
202000174,D000959,50.0,mg
202000452,D000959,25.0,mg
202000453,D000959,50.0,mg
202000751,D000959,150.0,mg
202000752,D000959,75.0,mg
202001115,D000240,100.0,mg
202001222,D000240,300.0,mg
202001235,D000959,75.0,mg
202001236,D000959,150.0,mg
202001371,D000959,75.0,mg
202001372,D000959,150.0,mg
202001440,D000959,50.0,mg
202001519,D000240,300.0,mg
202001647,D000959,50.0,mg
202001648,D000959,25.0,mg
202002250,D000240,300.0,mg
202002264,D000959,75.0,mg
202002265,D000959,50.0,mg
202002266,D000959,150.0,mg
202002552,D000959,150.0,mg
202002582,D000959,300.0,mg
202002667,D000240,100.0,mg
202002955,D000350,10.0,mg
202003059,D000959,75.0,mg
202003339,D000240,,
202003353,D000240,,
202003458,D000240,100.0,mg
202003508,D000240,300.0,mg
202003561,D000959,150.0,mg
202003631,D000959,25.0,mg
202003632,D000959,50.0,mg
202003676,D000240,300.0,mg
202003677,D000240,300.0,mg
202003679,D000240,,
202003710,D000959,50.0,mg
202101750,D000568,,
202106508,D000524,,
202108022,D000959,25.0,mg
202204702,D000959,75.0,mg
202301367,D000959,50.0,mg
202301368,D000959,25.0,mg
202401115,D000959,75.0,mg
202401340,D000959,75.0,mg
202401341,D000959,75.0,mg
202401342,D000959,75.0,mg
202600401,D000959,150.0,mg
202600402,D000959,75.0,mg
202600403,D000959,50.0,mg
202600530,D000959,150.0,mg
202600531,D000959,75.0,mg
202600532,D000959,50.0,mg
202600536,D000959,75.0,mg
202600537,D000959,50.0,mg
202600538,D000959,150.0,mg
202600533,D000959,75.0,mg
202600534,D000959,50.0,mg
202600535,D000959,150.0,mg
201802162,D000240,,
201901686,D000240,,
201904310,D000240,100.0,mg
201906372,D000240,100.0,mg
202002487,D000240,300.0,mg
202003031,D000240,300.0,mg
202003678,D000240,300.0,mg
199700254,D000845,100.0,mg
199902416,D000145,,
200000363,D000658,,
200209807,D000611,,
200401010,D000559,,
200511266,D000658,,
200600221,D000866,,
200711426,D000658,,
200801090,D000985,,
200807473,D000715,40.0,mg
200807474,D000715,160.0,mg
200902349,D000152,100.0,mg
200902350,D000152,50.0,mg
200908185,D000152,50.0,mg
200908186,D000152,100.0,mg
201006205,D000152,50.0,mg
201006206,D000152,50.0,mg
201104756,D000654,,
201105366,D000659,,
201110502,D000658,,
201202770,D000658,,
201203101,D000658,,
201203484,D000658,,
201203485,D000658,,
201203534,D000658,,
201207585,D000658,,
201207689,D000658,,
201307574,D000658,,
201308371,D000670,500.0,mg
201308588,D000658,,
201309508,D000658,,
201401931,D000658,,
201402366,D000166,,
201403317,D000658,,
201403971,D000658,,
201404026,D000658,,
201405223,D000670,1000.0,mg
201405282,D000658,,
201405290,D000658,,
201406151,D000658,,
201406187,D000658,,
201502292,D000658,,
201502638,D000152,100.0,mg
201502639,D000152,50.0,mg
201502640,D000152,50.0,mg
201502651,D000152,50.0,mg
201502652,D000152,100.0,mg
201502658,D000152,50.0,mg
201502659,D000152,100.0,mg
201502662,D000152,100.0,mg
201502663,D000152,50.0,mg
201502664,D000152,50.0,mg
201502665,D000152,100.0,mg
201502666,D000152,50.0,mg
201505935,D000658,,
201506027,D000658,,
201507099,D000670,500.0,mg
201507818,D000658,,
201508499,D000658,,
201602737,D000659,,
201603802,D000658,,
201604110,D000420,750.0,mg
201604111,D000420,1000.0,mg
201604112,D000420,1000.0,mg
201604114,D000670,1000.0,mg
201605368,D000420,500.0,mg
202301430,D000420,1000.0,mg
202301431,D000420,750.0,mg
202301432,D000420,500.0,mg
202301433,D000420,1000.0,mg
202400205,D000670,750.0,mg
199907281,D000056,,
201503563,D000758,,
202600714,D000420,1000.0,mg
202600715,D000420,1000.0,mg
202600716,D000420,1000.0,mg
201005081,D000152,5.0,mg
201005082,D000152,10.0,mg
201005083,D000152,5.0,mg
201501316,D000152,,
201501317,D000152,,
201502670,D000152,50.0,mg
201502671,D000152,100.0,mg
201502672,D000152,50.0,mg
201502673,D000152,50.0,mg
201502674,D000152,100.0,mg
201502689,D000152,50.0,mg
201502690,D000152,100.0,mg
201502700,D000152,100.0,mg
201502701,D000152,50.0,mg
201502969,D000152,100.0,mg
201504047,D000152,50.0,mg
201504048,D000152,50.0,mg
201504051,D000152,50.0,mg
201504319,D000152,50.0,mg
201504320,D000152,100.0,mg
201504321,D000152,50.0,mg
201504975,D000152,100.0,mg
201507871,D000152,100.0,mg
201603728,D000152,50.0,mg
201603729,D000152,100.0,mg
201603932,D000152,10.0,mg
201603933,D000152,5.0,mg
201603934,D000152,5.0,mg
201603730,D000152,50.0,mg
201603935,D000152,5.0,mg
201603936,D000152,10.0,mg
201603937,D000152,5.0,mg
201604621,D000152,5.0,mg
201604622,D000152,10.0,mg
201604623,D000152,5.0,mg
201605611,D000152,5.0,mg
201605612,D000152,10.0,mg
201605613,D000152,5.0,mg
201605614,D000152,10.0,mg
201605706,D000152,10.0,mg
201605707,D000152,5.0,mg
201605708,D000152,5.0,mg
201605721,D000152,10.0,mg
201605722,D000152,5.0,mg
201605723,D000152,5.0,mg
201605733,D000152,5.0,mg
201605734,D000152,5.0,mg
201605735,D000152,10.0,mg
201605736,D000152,10.0,mg
201605737,D000152,5.0,mg
201605738,D000152,5.0,mg
201605742,D000152,10.0,mg
201605743,D000152,5.0,mg
201605744,D000152,5.0,mg
201605745,D000152,5.0,mg
201605746,D000152,5.0,mg
201605747,D000152,10.0,mg
201605748,D000152,10.0,mg
201605749,D000152,5.0,mg
201605750,D000152,5.0,mg
201605756,D000152,5.0,mg
201605757,D000152,5.0,mg
201605759,D000152,5.0,mg
201605760,D000152,10.0,mg
201605761,D000152,5.0,mg
201605762,D000152,10.0,mg
201605763,D000152,5.0,mg
201605764,D000152,5.0,mg
201605767,D000152,5.0,mg
201605769,D000152,5.0,mg
201605770,D000152,5.0,mg
201605771,D000152,10.0,mg
201605772,D000152,5.0,mg
201605773,D000152,10.0,mg
201605774,D000152,5.0,mg
201605775,D000152,10.0,mg
201605776,D000152,5.0,mg
201605777,D000152,5.0,mg
201605785,D000152,10.0,mg
201605786,D000152,5.0,mg
201605787,D000152,5.0,mg
201605789,D000152,5.0,mg
201605790,D000152,5.0,mg
201605791,D000152,5.0,mg
201605792,D000152,5.0,mg
201605801,D000152,10.0,mg
201605802,D000152,5.0,mg
201605803,D000152,5.0,mg
201605804,D000152,10.0,mg
201605805,D000152,5.0,mg
201605806,D000152,5.0,mg
201605807,D000152,5.0,mg
201605808,D000152,10.0,mg
201605809,D000152,5.0,mg
201605811,D000152,5.0,mg
201605812,D000152,5.0,mg
201605819,D000152,5.0,mg
201605820,D000152,5.0,mg
201605821,D000152,10.0,mg
201605822,D000152,5.0,mg
201605823,D000152,10.0,mg
201605824,D000152,5.0,mg
201605826,D000152,5.0,mg
201605836,D000152,5.0,mg
201605837,D000152,5.0,mg
201605838,D000152,10.0,mg
201605845,D000152,5.0,mg
201605846,D000152,5.0,mg
201605848,D000152,5.0,mg
201605851,D000152,5.0,mg
201605852,D000152,5.0,mg
201605854,D000152,5.0,mg
201605855,D000152,5.0,mg
201605856,D000152,5.0,mg
201605860,D000152,5.0,mg
201605862,D000152,5.0,mg
201606194,D000152,5.0,mg
201606204,D000152,5.0,mg
201606292,D000152,5.0,mg
201606306,D000152,10.0,mg
201606307,D000152,5.0,mg
201606327,D000152,5.0,mg
201606332,D000152,5.0,mg
201606333,D000152,10.0,mg
201606334,D000152,5.0,mg
201606337,D000152,10.0,mg
201606338,D000152,5.0,mg
201606340,D000152,5.0,mg
201606341,D000152,10.0,mg
201606344,D000152,5.0,mg
201606345,D000152,10.0,mg
201606377,D000152,10.0,mg
201606378,D000152,5.0,mg
201606380,D000152,5.0,mg
201606381,D000152,10.0,mg
201606391,D000152,5.0,mg
201606770,D000152,5.0,mg
201606771,D000152,10.0,mg
201606772,D000152,5.0,mg
201606793,D000152,5.0,mg
201606795,D000152,10.0,mg
201606799,D000152,5.0,mg
201606804,D000152,5.0,mg
201606818,D000152,5.0,mg
201606820,D000152,5.0,mg
201606821,D000152,5.0,mg
201606829,D000152,5.0,mg
201606833,D000152,10.0,mg
201607199,D000152,10.0,mg
201607200,D000152,5.0,mg
201607292,D000152,5.0,mg
201607295,D000152,5.0,mg
201607296,D000152,10.0,mg
201607314,D000152,5.0,mg
201607315,D000152,5.0,mg
201700244,D000152,5.0,mg
201700389,D000152,5.0,mg
201700413,D000152,5.0,mg
201700543,D000152,10.0,mg
201700544,D000152,5.0,mg
201700616,D000152,5.0,mg
201700617,D000152,10.0,mg
201700618,D000152,5.0,mg
201700619,D000152,5.0,mg
201700620,D000152,5.0,mg
201700730,D000152,10.0,mg
201701408,D000152,10.0,mg
201701409,D000152,5.0,mg
201701544,D000152,5.0,mg
201701545,D000152,10.0,mg
201701546,D000152,5.0,mg
201701558,D000152,5.0,mg
201701751,D000152,5.0,mg
201701752,D000152,10.0,mg
201702116,D000152,5.0,mg
201702117,D000152,10.0,mg
201702118,D000152,5.0,mg
201702159,D000152,10.0,mg
201702160,D000152,5.0,mg
201702164,D000152,10.0,mg
201702165,D000152,5.0,mg
201702225,D000152,10.0,mg
201702226,D000152,5.0,mg
201702239,D000152,10.0,mg
201702240,D000152,5.0,mg
201702241,D000152,5.0,mg
201702242,D000152,10.0,mg
201702256,D000152,5.0,mg
201704544,D000152,5.0,mg
201705042,D000152,25.0,mg
201706181,D000152,25.0,mg
201706182,D000152,12.5,mg
201706183,D000152,12.5,mg
201705043,D000152,12.5,mg
201705044,D000152,12.5,mg
201705684,D000152,10.0,mg
201705685,D000152,10.0,mg
201705686,D000152,20.0,mg
201705687,D000152,5.0,mg
201706184,D000152,12.5,mg
201706344,D000152,10.0,mg
201706345,D000152,5.0,mg
201706642,D000152,5.0,mg
201705688,D000152,5.0,mg
201705689,D000152,20.0,mg
201706787,D000152,5.0,mg
201706788,D000152,5.0,mg
201708046,D000152,5.0,mg
201708048,D000152,5.0,mg
201801975,D000152,5.0,mg
201801976,D000152,10.0,mg
201801977,D000152,5.0,mg
201801978,D000152,10.0,mg
201801979,D000152,20.0,mg
201801980,D000152,10.0,mg
201801981,D000152,10.0,mg
201801982,D000152,20.0,mg
201801983,D000152,10.0,mg
201802226,D000152,5.0,mg
201802227,D000152,10.0,mg
201802228,D000152,5.0,mg
201802229,D000152,10.0,mg
201802434,D000152,50.0,mg
201802435,D000152,100.0,mg
201802436,D000152,50.0,mg
201903730,D000152,50.0,mg
201903731,D000152,100.0,mg
201903732,D000152,50.0,mg
201904291,D000152,100.0,mg
201904416,D000152,50.0,mg
201904417,D000152,50.0,mg
202000968,D000152,5.0,mg
202000969,D000152,5.0,mg
202000970,D000152,10.0,mg
202001926,D000152,50.0,mg
202002053,D000152,50.0,mg
202002054,D000152,100.0,mg
202002055,D000152,50.0,mg
202007691,D000152,10.0,mg
202007692,D000152,10.0,mg
202007693,D000152,10.0,mg
202200398,D000152,10.0,mg
202200399,D000152,20.0,mg
202200400,D000152,40.0,mg
202200402,D000152,20.0,mg
202007694,D000152,10.0,mg
202007695,D000152,10.0,mg
202007696,D000152,10.0,mg
202200403,D000152,10.0,mg
202501344,D000152,4.17,mg
202502493,D000152,10.0,mg
200703803,D000152,160.0,mg
200703804,D000152,80.0,mg
200703805,D000152,160.0,mg
201308249,D000152,160.0,mg
202502494,D000152,10.0,mg
202502506,D000152,10.0,mg
202502507,D000152,10.0,mg
202601697,D000152,5.0,mg
201308250,D000152,160.0,mg
201308251,D000152,80.0,mg
201308287,D000152,160.0,mg
201308288,D000152,160.0,mg
201308289,D000152,80.0,mg
201308304,D000152,160.0,mg
201308305,D000152,80.0,mg
201308341,D000152,160.0,mg
201308375,D000152,160.0,mg
201308376,D000152,160.0,mg
201308398,D000152,160.0,mg
201308399,D000152,80.0,mg
201308409,D000152,80.0,mg
201308433,D000152,160.0,mg
201308434,D000152,80.0,mg
201308435,D000152,160.0,mg
201308458,D000152,80.0,mg
201308459,D000152,160.0,mg
201308460,D000152,160.0,mg
201308461,D000152,160.0,mg
201308462,D000152,160.0,mg
201308463,D000152,80.0,mg
201308464,D000152,160.0,mg
201308466,D000152,160.0,mg
201308467,D000152,80.0,mg
201308468,D000152,160.0,mg
201308469,D000152,160.0,mg
201308470,D000152,80.0,mg
201308472,D000152,80.0,mg
201308473,D000152,160.0,mg
201308474,D000152,160.0,mg
201308476,D000152,80.0,mg
201308477,D000152,80.0,mg
201308478,D000152,160.0,mg
201308479,D000152,160.0,mg
201308480,D000152,160.0,mg
201308481,D000152,160.0,mg
201308482,D000152,160.0,mg
201308483,D000152,80.0,mg
201308484,D000152,160.0,mg
201308485,D000152,80.0,mg
201308486,D000152,160.0,mg
201308487,D000152,160.0,mg
201308488,D000152,160.0,mg
201308489,D000152,160.0,mg
201308490,D000152,80.0,mg
201308494,D000152,160.0,mg
201308495,D000152,80.0,mg
201308496,D000152,160.0,mg
201308498,D000152,80.0,mg
201308499,D000152,160.0,mg
201308500,D000152,80.0,mg
201308502,D000152,160.0,mg
201308505,D000152,80.0,mg
201308506,D000152,160.0,mg
201308519,D000152,80.0,mg
201308524,D000152,160.0,mg
201308525,D000152,80.0,mg
201308526,D000152,160.0,mg
201308532,D000152,160.0,mg
201308540,D000152,80.0,mg
201308541,D000152,160.0,mg
201308544,D000152,160.0,mg
201308546,D000152,80.0,mg
201308547,D000152,160.0,mg
201308548,D000152,160.0,mg
201308549,D000152,160.0,mg
201308552,D000152,160.0,mg
201308553,D000152,80.0,mg
201308556,D000152,160.0,mg
201308557,D000152,80.0,mg
201308558,D000152,160.0,mg
201308559,D000152,160.0,mg
201308560,D000152,80.0,mg
201308561,D000152,160.0,mg
201308563,D000152,80.0,mg
201308564,D000152,80.0,mg
201308565,D000152,80.0,mg
201308566,D000152,160.0,mg
201308567,D000152,160.0,mg
201802230,D000152,10.0,mg
201802231,D000152,20.0,mg
201802235,D000152,20.0,mg
201802236,D000152,10.0,mg
201802237,D000152,10.0,mg
201802583,D000152,20.0,mg
201802584,D000152,10.0,mg
201802585,D000152,10.0,mg
201802586,D000152,5.0,mg
201802587,D000152,5.0,mg
201802588,D000152,10.0,mg
201803758,D000152,10.0,mg
201803759,D000152,10.0,mg
201804338,D000152,5.0,mg
201804441,D000152,5.0,mg
201804442,D000152,5.0,mg
201804443,D000152,10.0,mg
201804680,D000152,5.0,mg
201804681,D000152,20.0,mg
201804682,D000152,5.0,mg
201804758,D000152,10.0,mg
201804759,D000152,5.0,mg
201804760,D000152,5.0,mg
201805297,D000152,20.0,mg
201900624,D000152,5.0,mg
201900625,D000152,10.0,mg
201900626,D000152,5.0,mg
201900722,D000152,5.0,mg
201900723,D000152,10.0,mg
201900724,D000152,5.0,mg
201900805,D000152,5.0,mg
201900836,D000152,10.0,mg
201900837,D000152,10.0,mg
201901003,D000152,10.0,mg
201901004,D000152,5.0,mg
201901005,D000152,5.0,mg
201901035,D000152,5.0,mg
201901036,D000152,10.0,mg
201901037,D000152,5.0,mg
201901207,D000152,10.0,mg
201901232,D000152,5.0,mg
201901434,D000152,5.0,mg
201901435,D000152,5.0,mg
201901587,D000152,5.0,mg
201901588,D000152,5.0,mg
201902540,D000152,5.0,mg
201902541,D000152,5.0,mg
201902542,D000152,10.0,mg
201902735,D000152,5.0,mg
201902736,D000152,5.0,mg
201902890,D000152,10.0,mg
201902891,D000152,5.0,mg
201902892,D000152,5.0,mg
201903294,D000152,5.0,mg
201903295,D000152,5.0,mg
201903310,D000152,5.0,mg
201903385,D000152,10.0,mg
201903386,D000152,5.0,mg
201903387,D000152,5.0,mg
201903426,D000152,5.0,mg
201903427,D000152,10.0,mg
201904300,D000152,10.0,mg
201904301,D000152,5.0,mg
201904302,D000152,5.0,mg
201904521,D000152,10.0,mg
201904522,D000152,10.0,mg
201904619,D000152,10.0,mg
201905277,D000152,5.0,mg
201905314,D000152,5.0,mg
201905315,D000152,10.0,mg
201905316,D000152,5.0,mg
201905956,D000152,12.5,mg
201905957,D000152,12.5,mg
201905958,D000152,25.0,mg
201906080,D000152,5.0,mg
201906142,D000152,5.0,mg
201906243,D000152,10.0,mg
201907043,D000152,5.0,mg
201907044,D000152,10.0,mg
201907045,D000152,5.0,mg
201907928,D000152,5.0,mg
201907929,D000152,10.0,mg
201907930,D000152,5.0,mg
201908239,D000152,12.5,mg
201908240,D000152,12.5,mg
201908241,D000152,25.0,mg
201908242,D000152,12.5,mg
202000462,D000152,5.0,mg
202000463,D000152,5.0,mg
202001455,D000152,10.0,mg
202002375,D000152,10.0,mg
202002376,D000152,5.0,mg
202002377,D000152,5.0,mg
202002769,D000152,5.0,mg
202004762,D000152,10.0,mg
202004763,D000152,10.0,mg
202202135,D000152,5.0,mg
202202136,D000152,5.0,mg
202202137,D000152,5.0,mg
202202138,D000152,5.0,mg
202202139,D000152,5.0,mg
202202140,D000152,5.0,mg
202202188,D000152,5.0,mg
202202189,D000152,5.0,mg
202202190,D000152,5.0,mg
202202191,D000152,5.0,mg
202202192,D000152,5.0,mg
202202193,D000152,5.0,mg
202202672,D000152,10.0,mg
202203050,D000152,5.0,mg
202203051,D000152,5.0,mg
202203052,D000152,5.0,mg
202203053,D000152,5.0,mg
202203054,D000152,5.0,mg
202203055,D000152,5.0,mg
202302007,D000152,10.0,mg
202302008,D000152,10.0,mg
202302797,D000152,5.0,mg
202302798,D000152,5.0,mg
202302810,D000152,5.0,mg
202302811,D000152,5.0,mg
202302812,D000152,5.0,mg
202302813,D000152,5.0,mg
202302814,D000152,5.0,mg
202302815,D000152,5.0,mg
202402951,D000152,10.0,mg
202402997,D000152,10.0,mg
202500004,D000152,10.0,mg
202500325,D000152,5.0,mg
202500327,D000152,10.0,mg
202500350,D000152,5.0,mg
202500394,D000152,10.0,mg
202500398,D000152,5.0,mg
202500426,D000152,5.0,mg
202500492,D000152,5.0,mg
202500494,D000152,5.0,mg
202500518,D000152,5.0,mg
202500557,D000152,10.0,mg
202500660,D000152,5.0,mg
202500848,D000152,10.0,mg
202502587,D000152,6.25,mg
202502789,D000152,25.0,mg
202503053,D000152,12.5,mg
202503054,D000152,12.5,mg
202503149,D000152,12.5,mg
202503150,D000152,25.0,mg
202503151,D000152,12.5,mg
202503162,D000152,25.0,mg
202503163,D000152,12.5,mg
202503164,D000152,12.5,mg
202600168,D000152,12.5,mg
202600169,D000152,12.5,mg
202600286,D000152,12.5,mg
202600287,D000152,12.5,mg
202503051,D000152,25.0,mg
202503092,D000152,12.5,mg
202503093,D000152,12.5,mg
202503205,D000152,2.5,mg
202503277,D000152,25.0,mg
202503292,D000152,12.5,mg
202503293,D000152,12.5,mg
202600129,D000152,6.25,mg
202600170,D000152,25.0,mg
202600185,D000152,25.0,mg
202600186,D000152,12.5,mg
202600187,D000152,12.5,mg
202600285,D000152,25.0,mg
202600388,D000152,5.0,mg
202600389,D000152,10.0,mg
202600390,D000152,5.0,mg
202600592,D000152,2.5,mg
202600593,D000152,2.5,mg
202600996,D000152,12.5,mg
202600997,D000152,25.0,mg
202600998,D000152,12.5,mg
200808588,D000152,20.0,mg
201004569,D000152,40.0,mg
201004570,D000152,40.0,mg
201206778,D000152,12.5,mg
201206780,D000152,12.5,mg
201206782,D000152,12.5,mg
201308568,D000152,160.0,mg
201308569,D000152,80.0,mg
201308570,D000152,160.0,mg
201308571,D000152,80.0,mg
201308572,D000152,160.0,mg
201308573,D000152,80.0,mg
201308574,D000152,160.0,mg
201308578,D000152,160.0,mg
201308579,D000152,80.0,mg
201308580,D000152,160.0,mg
201308581,D000152,160.0,mg
201308582,D000152,80.0,mg
201308583,D000152,80.0,mg
201308584,D000152,160.0,mg
201308585,D000152,160.0,mg
201308586,D000152,80.0,mg
201308589,D000152,80.0,mg
201308590,D000152,160.0,mg
201309049,D000152,80.0,mg
201309050,D000152,160.0,mg
201309051,D000152,160.0,mg
201309068,D000152,160.0,mg
201309069,D000152,160.0,mg
201309085,D000152,160.0,mg
201309086,D000152,160.0,mg
201309092,D000152,160.0,mg
201309093,D000152,160.0,mg
201309094,D000152,160.0,mg
201309095,D000152,80.0,mg
201309099,D000152,160.0,mg
201309133,D000152,160.0,mg
201309145,D000152,160.0,mg
201309146,D000152,80.0,mg
201309147,D000152,80.0,mg
201309148,D000152,160.0,mg
201309452,D000152,80.0,mg
201309494,D000152,160.0,mg
201309498,D000152,80.0,mg
201309499,D000152,160.0,mg
201309895,D000152,80.0,mg
201309896,D000152,160.0,mg
201309897,D000152,160.0,mg
201310764,D000152,160.0,mg
201310951,D000152,160.0,mg
201400002,D000152,80.0,mg
201400003,D000152,160.0,mg
201400081,D000152,80.0,mg
201400082,D000152,160.0,mg
201400162,D000152,80.0,mg
201400702,D000152,80.0,mg
201400703,D000152,160.0,mg
201400704,D000152,160.0,mg
201401057,D000152,160.0,mg
201401226,D000152,80.0,mg
201401227,D000152,160.0,mg
201401996,D000152,160.0,mg
201402488,D000152,80.0,mg
201402491,D000152,80.0,mg
201402499,D000152,160.0,mg
201402897,D000152,160.0,mg
201402898,D000152,160.0,mg
201403305,D000152,80.0,mg
201403311,D000152,160.0,mg
201403312,D000152,160.0,mg
201403319,D000152,80.0,mg
201403382,D000152,80.0,mg
201403415,D000152,160.0,mg
201403416,D000152,80.0,mg
201403455,D000152,80.0,mg
201403456,D000152,160.0,mg
201403457,D000152,160.0,mg
201403570,D000152,80.0,mg
201403571,D000152,160.0,mg
201404008,D000152,80.0,mg
201404025,D000152,160.0,mg
201404591,D000152,40.0,mg
201404592,D000152,40.0,mg
201404593,D000152,20.0,mg
201404595,D000152,40.0,mg
201404596,D000152,20.0,mg
201404597,D000152,40.0,mg
201404714,D000152,40.0,mg
201404715,D000152,40.0,mg
201404716,D000152,20.0,mg
201404731,D000152,40.0,mg
201404732,D000152,40.0,mg
201404733,D000152,20.0,mg
201404736,D000152,40.0,mg
201404764,D000152,20.0,mg
201404765,D000152,40.0,mg
201404769,D000152,20.0,mg
201404821,D000152,20.0,mg
201404822,D000152,40.0,mg
201404969,D000152,160.0,mg
201404970,D000152,80.0,mg
201404972,D000152,20.0,mg
201404977,D000152,80.0,mg
201404978,D000152,160.0,mg
201404995,D000152,40.0,mg
201405005,D000152,40.0,mg
201405044,D000152,20.0,mg
201405045,D000152,40.0,mg
201405046,D000152,40.0,mg
201405130,D000152,40.0,mg
201405131,D000152,40.0,mg
201405132,D000152,20.0,mg
201405513,D000152,20.0,mg
201405514,D000152,40.0,mg
201405515,D000152,40.0,mg
201405625,D000152,160.0,mg
201405735,D000152,40.0,mg
201405855,D000152,160.0,mg
201406137,D000152,40.0,mg
201406169,D000152,40.0,mg
201406170,D000152,20.0,mg
201406171,D000152,40.0,mg
201406181,D000152,40.0,mg
201406182,D000152,40.0,mg
201406183,D000152,20.0,mg
201406189,D000152,20.0,mg
201500092,D000152,20.0,mg
201500169,D000152,160.0,mg
201501207,D000152,160.0,mg
201503874,D000152,160.0,mg
201503875,D000152,80.0,mg
201503876,D000152,160.0,mg
201506507,D000152,80.0,mg
201506857,D000152,160.0,mg
201507288,D000152,80.0,mg
201507412,D000152,160.0,mg
201507413,D000152,160.0,mg
201507414,D000152,80.0,mg
201508519,D000152,80.0,mg
201600178,D000152,160.0,mg
201600179,D000152,160.0,mg
201600362,D000152,160.0,mg
201601742,D000152,160.0,mg
201601867,D000152,80.0,mg
201601868,D000152,160.0,mg
201602312,D000152,160.0,mg
201602314,D000152,80.0,mg
201603064,D000152,80.0,mg
201603065,D000152,160.0,mg
201603219,D000152,80.0,mg
201603220,D000152,160.0,mg
201603221,D000152,160.0,mg
201603715,D000152,80.0,mg
201603716,D000152,160.0,mg
201603717,D000152,160.0,mg
201607205,D000152,80.0,mg
201607206,D000152,160.0,mg
201607211,D000152,160.0,mg
201701170,D000152,80.0,mg
201701483,D000152,160.0,mg
201701498,D000152,80.0,mg
201701499,D000152,160.0,mg
201702125,D000152,160.0,mg
201702128,D000152,80.0,mg
201702182,D000152,160.0,mg
201704023,D000152,160.0,mg
201704024,D000152,80.0,mg
201704025,D000152,160.0,mg
201705678,D000152,160.0,mg
201706139,D000152,80.0,mg
201706190,D000152,160.0,mg
201706743,D000152,80.0,mg
201706744,D000152,160.0,mg
201706745,D000152,160.0,mg
201801656,D000152,160.0,mg
201802091,D000152,80.0,mg
201802092,D000152,160.0,mg
201802093,D000152,160.0,mg
201901028,D000152,160.0,mg
201901228,D000152,160.0,mg
201902300,D000152,5.0,mg
201902301,D000152,10.0,mg
201902302,D000152,10.0,mg
201902303,D000152,5.0,mg
201902727,D000152,160.0,mg
201904350,D000152,160.0,mg
201904351,D000152,80.0,mg
201904352,D000152,160.0,mg
201905461,D000152,160.0,mg
201906442,D000152,160.0,mg
201906827,D000152,160.0,mg
201907034,D000152,160.0,mg
201907462,D000152,160.0,mg
201907529,D000152,160.0,mg
201907958,D000152,160.0,mg
201907959,D000152,160.0,mg
201907960,D000152,80.0,mg
202000424,D000152,160.0,mg
202000767,D000152,160.0,mg
202000768,D000152,80.0,mg
202000769,D000152,160.0,mg
202001075,D000152,80.0,mg
202001076,D000152,160.0,mg
202001097,D000152,160.0,mg
202001935,D000152,80.0,mg
202001936,D000152,160.0,mg
202002135,D000152,80.0,mg
202002136,D000152,160.0,mg
202002137,D000152,160.0,mg
202005383,D000152,20.0,mg
202005384,D000152,10.0,mg
202005385,D000152,20.0,mg
202005386,D000152,10.0,mg
202006655,D000152,20.0,mg
202006656,D000152,10.0,mg
202006657,D000152,20.0,mg
202006658,D000152,10.0,mg
202006659,D000152,20.0,mg
202006660,D000152,10.0,mg
202006661,D000152,20.0,mg
202006662,D000152,10.0,mg
202006708,D000152,10.0,mg
202006709,D000152,10.0,mg
202006710,D000152,10.0,mg
202006711,D000152,20.0,mg
202105294,D000152,10.0,mg
202105295,D000152,20.0,mg
202105296,D000152,20.0,mg
202105297,D000152,10.0,mg
202106222,D000152,10.0,mg
202106223,D000152,5.0,mg
202106224,D000152,10.0,mg
202106225,D000152,5.0,mg
202108062,D000152,10.0,mg
202108063,D000152,5.0,mg
202108064,D000152,10.0,mg
202108065,D000152,5.0,mg
202302824,D000152,2.5,mg
202302825,D000152,2.5,mg
202502890,D000152,12.5,mg
202502891,D000152,12.5,mg
202502892,D000152,25.0,mg
202502893,D000152,12.5,mg
202502989,D000152,12.5,mg
202502990,D000152,25.0,mg
202502991,D000152,12.5,mg
202502992,D000152,12.5,mg
202600553,D000152,80.0,mg
202600574,D000152,80.0,mg
202600575,D000152,80.0,mg
202600576,D000152,80.0,mg
202502993,D000152,12.5,mg
202502994,D000152,12.5,mg
202502532,D000152,10.0,mg
202502533,D000152,5.0,mg
202502534,D000152,5.0,mg
202502535,D000152,5.0,mg
202502593,D000152,10.0,mg
202502594,D000152,5.0,mg
202502995,D000152,12.5,mg
202502996,D000152,25.0,mg
197800389,D000132,,
197900202,D000132,,
198301004,D000454,,
198500875,D000132,,
198801644,D000132,,
199504329,D000132,,
200009625,D000348,,
200109104,D000273,12.5,mg
200301576,D000132,,
200301765,D000297,,
200308632,D000297,,
200400727,D000543,,
200400728,D000543,,
200400729,D000543,,
200401471,D000297,,
200401682,D000543,6.25,mg
200410071,D000051,200.0,mg
200410072,D000051,200.0,mg
200410073,D000051,200.0,mg
200501431,D000543,6.25,mg
200501432,D000543,6.25,mg
200501498,D000132,,
200707382,D000348,,
200707383,D000348,,
200709557,D000297,,
200709627,D000132,,
200804143,D000452,,
200805910,D000051,200.0,mg
200807674,D000452,,
200807993,D000297,,
200901207,D000273,12.5,mg
200904115,D000134,,
200905221,D000297,,
200905694,D000297,,
200906210,D000134,,
200902089,D000273,,
200902149,D000273,,
200902279,D000273,,
200903842,D000273,,
200908499,D000051,200.0,mg
200908500,D000051,200.0,mg
201007424,D000132,,
200904162,D000273,,
200904163,D000273,12.5,mg
200904234,D000273,,
200904235,D000273,,
201202540,D000152,,
201309480,D000455,20.0,mg
201309481,D000455,10.0,mg
200904343,D000273,12.5,mg
200904344,D000273,,
200905876,D000273,,
200906926,D000273,12.5,mg
201401984,D000455,10.0,mg
201401985,D000455,20.0,mg
201500327,D000152,40.0,mg
201007708,D000273,,
201007774,D000273,,
201100879,D000273,12.5,mg
201111148,D000452,100.0,mg
201500379,D000152,40.0,mg
201500471,D000152,40.0,mg
201500863,D000152,20.0,mg
201111149,D000452,,
201111150,D000452,100.0,mg
201200634,D000452,,
201200635,D000452,100.0,mg
201200636,D000452,,
201501550,D000051,200.0,mg
201502461,D000152,40.0,mg
201504179,D000051,200.0,mg
201504270,D000051,200.0,mg
201202398,D000452,,
201208433,D000273,,
201400930,D000452,,
201403387,D000273,12.5,mg
201504271,D000051,200.0,mg
201505939,D000152,20.0,mg
201505940,D000152,40.0,mg
201505941,D000152,40.0,mg
201403398,D000664,20.0,mg
201403533,D000273,12.5,mg
201500210,D000273,,
201503234,D000273,,
201506120,D000051,200.0,mg
201506164,D000051,200.0,mg
201506766,D000051,200.0,mg
201504333,D000273,12.5,mg
201506801,D000051,200.0,mg
201600391,D000134,,
201600731,D000134,,
201600889,D000452,,
201603068,D000152,5.0,mg
201603069,D000152,10.0,mg
201603070,D000152,5.0,mg
201603072,D000152,10.0,mg
201603154,D000152,5.0,mg
201603148,D000452,,
201603155,D000152,10.0,mg
201603156,D000152,5.0,mg
201603157,D000152,10.0,mg
201603461,D000152,20.0,mg
201603604,D000273,12.5,mg
201701459,D000051,200.0,mg
201701460,D000051,200.0,mg
201701529,D000051,200.0,mg
201701530,D000051,200.0,mg
201606080,D000452,,
201700400,D000452,,
201700402,D000452,,
201700540,D000452,,
201700718,D000452,,
201705219,D000134,,
201705221,D000134,,
201801714,D000134,,
201802398,D000134,,
201701528,D000452,,
201702432,D000452,,
201706891,D000452,,
201706909,D000452,,
201708219,D000452,75.0,mg
201803443,D000247,,
201805226,D000152,12.5,mg
201805227,D000152,12.5,mg
201708499,D000452,,
201800668,D000452,,
201800764,D000452,75.0,mg
201803083,D000452,75.0,mg
201805228,D000152,12.5,mg
201805243,D000152,12.5,mg
201805244,D000152,12.5,mg
201805245,D000152,12.5,mg
201805261,D000152,12.5,mg
201805262,D000152,12.5,mg
201805263,D000152,12.5,mg
201805264,D000152,12.5,mg
201805265,D000152,12.5,mg
201805266,D000152,12.5,mg
201805279,D000152,12.5,mg
201805280,D000152,12.5,mg
201805281,D000152,12.5,mg
201805283,D000152,12.5,mg
201805284,D000152,12.5,mg
201805285,D000152,12.5,mg
201805286,D000152,12.5,mg
201805287,D000152,12.5,mg
201805288,D000152,12.5,mg
201805293,D000152,12.5,mg
201805294,D000152,12.5,mg
201805295,D000152,12.5,mg
201805304,D000152,12.5,mg
201805305,D000152,12.5,mg
201805306,D000152,12.5,mg
201805307,D000152,12.5,mg
201805308,D000152,12.5,mg
201805337,D000152,12.5,mg
201805338,D000152,12.5,mg
201805339,D000152,12.5,mg
201805340,D000152,12.5,mg
201805341,D000152,12.5,mg
201805342,D000152,12.5,mg
201805389,D000152,12.5,mg
201805390,D000152,12.5,mg
201900269,D000152,12.5,mg
201900270,D000152,12.5,mg
201900767,D000152,12.5,mg
201900768,D000152,12.5,mg
201900774,D000152,12.5,mg
201901162,D000152,12.5,mg
201901263,D000152,5.0,mg
201901264,D000152,10.0,mg
201901354,D000152,20.0,mg
201901355,D000152,40.0,mg
201901356,D000152,40.0,mg
201901667,D000152,12.5,mg
201902020,D000152,12.5,mg
201902021,D000152,12.5,mg
201902022,D000152,12.5,mg
201902139,D000152,40.0,mg
201902222,D000152,40.0,mg
201902308,D000152,40.0,mg
201902989,D000152,12.5,mg
201902990,D000152,12.5,mg
201902991,D000152,12.5,mg
201903060,D000152,12.5,mg
201903061,D000152,12.5,mg
201903062,D000152,12.5,mg
201903157,D000152,12.5,mg
201903158,D000152,12.5,mg
201903159,D000152,12.5,mg
201903277,D000152,40.0,mg
201903278,D000152,40.0,mg
201903279,D000152,20.0,mg
201903519,D000152,20.0,mg
201903520,D000152,40.0,mg
201903521,D000152,40.0,mg
201903524,D000152,40.0,mg
201904428,D000152,12.5,mg
201904429,D000152,12.5,mg
201904506,D000152,20.0,mg
201905992,D000152,12.5,mg
201907024,D000134,,
201907788,D000152,20.0,mg
201907893,D000152,5.0,mg
201907894,D000152,5.0,mg
201907896,D000152,20.0,mg
201907897,D000152,10.0,mg
202000345,D000152,20.0,mg
202000346,D000152,40.0,mg
202000347,D000152,40.0,mg
202000708,D000152,10.0,mg
202001166,D000152,5.0,mg
202003552,D000273,12.5,mg
202003822,D000152,40.0,mg
202003823,D000152,40.0,mg
202003824,D000152,20.0,mg
202101916,D000134,,
202107058,D000134,,
202107059,D000134,,
202204300,D000134,,
202502171,D000134,,
202502660,D000452,,
202502194,D000452,,
202600754,D000134,,
199604597,D000750,,
199806820,D000749,,
200009333,D000749,,
200009522,D000749,,
200301151,D000554,,
200707385,D000348,,
200707386,D000348,,
200707387,D000348,,
200707389,D000348,,
200707390,D000348,,
200707393,D000348,,
200800687,D000749,,
200800688,D000749,,
200801540,D000748,,
200801550,D000749,,
200807207,D000749,,
200807400,D000749,,
201109654,D000749,,
201206706,D000749,,
201401236,D000749,,
201503658,D000219,5.0,mg
201503659,D000219,10.0,mg
201503660,D000219,20.0,mg
201506783,D000219,5.0,mg
201506784,D000219,10.0,mg
201506785,D000219,20.0,mg
201506786,D000219,10.0,mg
201506787,D000219,20.0,mg
201506788,D000219,5.0,mg
201506789,D000219,10.0,mg
201506790,D000219,20.0,mg
201506791,D000219,20.0,mg
201506792,D000219,10.0,mg
201506793,D000219,5.0,mg
201506797,D000219,5.0,mg
201506798,D000219,10.0,mg
201506799,D000219,20.0,mg
201506800,D000219,5.0,mg
201600316,D000219,5.0,mg
201600317,D000219,10.0,mg
201600318,D000219,20.0,mg
201601192,D000219,20.0,mg
201601193,D000219,10.0,mg
201601194,D000219,5.0,mg
201601195,D000219,10.0,mg
201601196,D000219,5.0,mg
201601197,D000219,20.0,mg
201601198,D000219,20.0,mg
201601199,D000219,10.0,mg
201601200,D000219,5.0,mg
201601201,D000219,5.0,mg
201601202,D000219,10.0,mg
201601203,D000219,20.0,mg
201601204,D000219,5.0,mg
201601205,D000219,10.0,mg
201601206,D000219,20.0,mg
201601207,D000219,5.0,mg
201601208,D000219,10.0,mg
201601209,D000219,20.0,mg
201601210,D000219,5.0,mg
201601211,D000219,10.0,mg
201601212,D000219,20.0,mg
201601213,D000219,5.0,mg
201601214,D000219,10.0,mg
201601215,D000219,20.0,mg
201601219,D000219,5.0,mg
201601220,D000219,10.0,mg
201601221,D000219,20.0,mg
201601225,D000219,5.0,mg
201601226,D000219,10.0,mg
201601227,D000219,20.0,mg
201601228,D000219,5.0,mg
201601229,D000219,10.0,mg
201601230,D000219,20.0,mg
201601231,D000219,5.0,mg
201601232,D000219,10.0,mg
201601233,D000219,20.0,mg
201606040,D000219,5.0,mg
201606041,D000219,10.0,mg
201606042,D000219,20.0,mg
201606043,D000219,20.0,mg
201606044,D000219,10.0,mg
201606045,D000219,5.0,mg
201606046,D000219,5.0,mg
201606047,D000219,10.0,mg
201606048,D000219,20.0,mg
201606049,D000219,10.0,mg
201606050,D000219,5.0,mg
201606051,D000219,20.0,mg
201606052,D000219,20.0,mg
201606053,D000219,10.0,mg
201606054,D000219,5.0,mg
201706237,D000749,,
201706350,D000749,,
201707227,D000749,,
201708319,D000219,20.0,mg
201708320,D000219,10.0,mg
201708321,D000219,5.0,mg
201803160,D000749,,
201901551,D000749,,
202001223,D000348,,
202001726,D000749,,
202004126,D000219,5.0,mg
202004127,D000219,10.0,mg
202004128,D000219,20.0,mg
202004129,D000219,10.0,mg
202004130,D000219,5.0,mg
202004131,D000219,20.0,mg
202004132,D000219,10.0,mg
202004133,D000219,5.0,mg
202004134,D000219,20.0,mg
202004138,D000219,5.0,mg
202004139,D000219,20.0,mg
202004140,D000219,10.0,mg
202004141,D000219,5.0,mg
202004142,D000219,10.0,mg
202004143,D000219,20.0,mg
202004557,D000219,10.0,mg
202004558,D000219,5.0,mg
202004559,D000219,20.0,mg
202004560,D000219,5.0,mg
202004561,D000219,10.0,mg
202004562,D000219,20.0,mg
202004563,D000219,5.0,mg
202004565,D000219,10.0,mg
202004566,D000219,10.0,mg
202004567,D000219,20.0,mg
202004568,D000219,5.0,mg
202004569,D000219,10.0,mg
202004570,D000219,20.0,mg
202004571,D000219,5.0,mg
202004587,D000219,5.0,mg
202004588,D000219,10.0,mg
202004589,D000219,20.0,mg
202004590,D000219,10.0,mg
202004591,D000219,20.0,mg
202004592,D000219,5.0,mg
202004593,D000219,5.0,mg
202004594,D000219,20.0,mg
202004595,D000219,10.0,mg
202004596,D000219,5.0,mg
202004597,D000219,10.0,mg
202004598,D000219,20.0,mg
202004599,D000219,5.0,mg
202004600,D000219,10.0,mg
202004601,D000219,20.0,mg
202004602,D000219,5.0,mg
202004603,D000219,10.0,mg
202004604,D000219,20.0,mg
202004605,D000219,10.0,mg
202004606,D000219,20.0,mg
202004607,D000219,5.0,mg
202004608,D000219,5.0,mg
202004610,D000219,10.0,mg
202004611,D000219,5.0,mg
202004612,D000219,20.0,mg
202004613,D000219,10.0,mg
202004614,D000219,5.0,mg
202004616,D000219,10.0,mg
202004830,D000348,,
202007691,D000219,10.0,mg
202007692,D000219,10.0,mg
202007693,D000219,10.0,mg
202007694,D000219,10.0,mg
202007695,D000219,10.0,mg
202007696,D000219,10.0,mg
202101322,D000749,,
202106628,D000749,,
202106630,D000219,10.0,mg
202106631,D000219,10.0,mg
202106632,D000219,10.0,mg
202106633,D000219,10.0,mg
202106634,D000219,10.0,mg
202106635,D000219,10.0,mg
202106637,D000219,2.5,mg
202106656,D000749,,
202106686,D000219,10.0,mg
202106687,D000219,10.0,mg
202106688,D000219,10.0,mg
202106689,D000219,10.0,mg
202106690,D000219,10.0,mg
202106691,D000219,10.0,mg
202201765,D000749,,
202201788,D000749,,
202202194,D000749,,
202202205,D000219,10.0,mg
202202206,D000219,10.0,mg
202202207,D000219,10.0,mg
202202234,D000749,,
202203009,D000219,10.0,mg
202203010,D000219,10.0,mg
202203011,D000219,10.0,mg
202203012,D000219,10.0,mg
202203187,D000219,2.5,mg
202300508,D000219,2.5,mg
202300780,D000749,,
202300781,D000749,,
202300782,D000749,,
202300829,D000219,2.5,mg
202301091,D000219,2.5,mg
202402806,D000219,10.0,mg
202402807,D000219,10.0,mg
202402808,D000219,10.0,mg
202402809,D000219,10.0,mg
202402810,D000219,10.0,mg
202402811,D000219,10.0,mg
202500656,D000219,10.0,mg
202500657,D000219,10.0,mg
202502506,D000219,10.0,mg
202502507,D000219,10.0,mg
202401477,D000749,,
202601246,D000219,10.0,mg
202601247,D000219,10.0,mg
202601248,D000219,10.0,mg
202601249,D000219,10.0,mg
202601250,D000219,10.0,mg
202601251,D000219,10.0,mg
200001308,D000901,,
200300501,D000075,,
200302302,D000075,,
200307793,D000690,2.5,mg
200307794,D000690,5.0,mg
200307866,D000690,,
200307867,D000690,,
200710610,D000690,2.5,mg
200711025,D000690,2.5,mg
200711026,D000690,5.0,mg
200711837,D000690,2.5,mg
200711838,D000690,5.0,mg
200711887,D000690,,
200711888,D000690,,
200711975,D000690,2.5,mg
200711976,D000690,5.0,mg
200800946,D000690,5.0,mg
200800947,D000690,2.5,mg
200801019,D000690,5.0,mg
200801046,D000690,2.5,mg
201007735,D000075,,
201300048,D000624,12.5,mg
201300049,D000624,12.5,mg
201307931,D000624,12.5,mg
201309443,D000624,12.5,mg
201309844,D000392,2.0,mg
201309845,D000392,4.0,mg
201401077,D000690,5.0,mg
201501225,D000690,,
201605333,D000219,10.0,mg
201605334,D000219,5.0,mg
201605335,D000219,20.0,mg
201605336,D000219,10.0,mg
201605337,D000219,5.0,mg
201700489,D000219,10.0,mg
201700490,D000219,5.0,mg
201700491,D000219,10.0,mg
201700492,D000219,5.0,mg
201700493,D000219,20.0,mg
201907893,D000219,5.0,mg
201907894,D000219,5.0,mg
201907896,D000219,20.0,mg
201907897,D000219,10.0,mg
202300635,D000305,,
202600605,D000455,10.0,mg
202600606,D000455,10.0,mg
202600607,D000455,10.0,mg
202600608,D000455,10.0,mg
202601552,D000305,,
202601574,D000305,,
202601558,D000305,,
200600123,D000220,,
200604334,D000220,,
200606808,D000220,,
199907257,D000363,,
200210719,D000363,,
200606825,D000220,,
200607445,D000220,,
200607657,D000220,,
200607692,D000220,,
200607693,D000220,,
200600478,D000220,25.0,mg
200607668,D000220,,
200607707,D000220,,
200607776,D000220,,
200607777,D000220,,
200607669,D000220,,
200607818,D000220,,
200607907,D000220,,
200607908,D000220,,
200607921,D000220,,
200607922,D000220,,
200607930,D000220,,
200607941,D000220,,
200607942,D000220,,
200607957,D000220,,
200607958,D000220,,
200608109,D000220,,
200608110,D000220,,
200608151,D000220,,
200608152,D000220,,
200608192,D000220,,
200608219,D000220,,
200608254,D000220,,
200608255,D000220,,
200608295,D000220,,
200608296,D000220,,
200611041,D000220,,
200611042,D000220,,
200611369,D000220,,
200700234,D000220,,
200700388,D000220,,
200700468,D000220,,
200700470,D000220,,
200701917,D000220,,
200703169,D000220,,
200703170,D000220,,
200706029,D000220,,
200706030,D000220,,
200706059,D000220,,
200706454,D000220,,
200706465,D000220,,
200707373,D000220,,
200710606,D000220,12.5,mg
200802545,D000220,,
200802546,D000220,,
200708264,D000220,,
200805228,D000428,25.0,mg
200805379,D000428,12.5,mg
200805735,D000220,,
200805895,D000220,,
200805918,D000220,,
200807469,D000220,,
200807633,D000220,,
200808248,D000220,,
200809464,D000220,,
200807526,D000220,,
200809791,D000220,,
200811608,D000220,,
200905939,D000220,,
200906584,D000220,,
200906602,D000220,,
201007281,D000220,,
200906613,D000220,,
200907446,D000220,,
201200417,D000982,20.0,mg
201207577,D000220,,
201208290,D000117,500.0,mg
201208291,D000117,850.0,mg
201208292,D000117,1000.0,mg
201308391,D000616,80.0,mg
201308392,D000616,160.0,mg
201308426,D000616,160.0,mg
201308928,D000982,20.0,mg
201310295,D000220,,
201310333,D000220,,
201400053,D000220,,
201400438,D000220,,
201400931,D000220,,
201404809,D000220,,
201405989,D000220,,
201500534,D000220,,
201501500,D000220,,
201505006,D000220,,
201508003,D000220,,
201508004,D000220,,
201600623,D000220,,
201601510,D000220,,
201602986,D000220,,
201603091,D000220,,
201603092,D000220,,
201603093,D000220,,
201603900,D000220,,
201603901,D000220,,
201701753,D000220,,
201705814,D000220,,
201706873,D000220,,
201708478,D000220,,
201801848,D000117,1000.0,mg
201801859,D000117,1000.0,mg
201802273,D000117,1000.0,mg
201802623,D000220,,
201802631,D000117,500.0,mg
201802632,D000117,850.0,mg
201803142,D000117,500.0,mg
201803143,D000117,850.0,mg
201803144,D000117,1000.0,mg
201803844,D000117,1000.0,mg
201804954,D000220,,
201900303,D000117,850.0,mg
201900304,D000117,500.0,mg
201901611,D000117,850.0,mg
201901617,D000117,1000.0,mg
201901622,D000117,1000.0,mg
201902169,D000117,500.0,mg
201902170,D000117,850.0,mg
201902171,D000117,1000.0,mg
201902223,D000117,1000.0,mg
201902224,D000117,500.0,mg
201902225,D000117,850.0,mg
201902340,D000117,1000.0,mg
201902368,D000117,1000.0,mg
201902369,D000117,500.0,mg
201902370,D000117,850.0,mg
201902371,D000117,500.0,mg
201902372,D000117,1000.0,mg
201902373,D000117,850.0,mg
201902607,D000117,500.0,mg
201902608,D000117,850.0,mg
201902609,D000117,1000.0,mg
201902755,D000117,1000.0,mg
201902756,D000117,850.0,mg
201902757,D000117,500.0,mg
201902778,D000117,850.0,mg
201902779,D000117,500.0,mg
201902780,D000117,1000.0,mg
201902783,D000117,1000.0,mg
201903127,D000117,500.0,mg
201903155,D000117,1000.0,mg
201903156,D000117,850.0,mg
201903532,D000117,1000.0,mg
201903533,D000117,850.0,mg
201903534,D000117,500.0,mg
201903555,D000220,,
201903570,D000117,500.0,mg
201903571,D000117,850.0,mg
201904374,D000220,,
201904407,D000117,500.0,mg
201904408,D000117,850.0,mg
201904409,D000117,1000.0,mg
201904459,D000117,1000.0,mg
201904462,D000117,500.0,mg
201904463,D000117,850.0,mg
201906270,D000220,,
201906383,D000220,,
201907293,D000220,,
201908008,D000117,850.0,mg
201908009,D000117,500.0,mg
201908010,D000117,1000.0,mg
202000328,D000220,,
202000847,D000220,,
202001274,D000117,500.0,mg
202001275,D000117,850.0,mg
202001276,D000117,1000.0,mg
202001309,D000117,1000.0,mg
202001310,D000117,850.0,mg
202001311,D000117,500.0,mg
202001999,D000220,,
202004054,D000220,,
202004055,D000220,,
202009024,D000220,,
202105928,D000117,500.0,mg
202201610,D000117,850.0,mg
202201809,D000117,850.0,mg
202201810,D000117,500.0,mg
202201811,D000117,1000.0,mg
202201893,D000117,850.0,mg
202201894,D000117,500.0,mg
202201895,D000117,1000.0,mg
202203527,D000117,1000.0,mg
202203839,D000117,500.0,mg
202204204,D000117,1000.0,mg
202300413,D000117,850.0,mg
202400691,D000117,1000.0,mg
202400701,D000117,850.0,mg
202400702,D000117,500.0,mg
202400703,D000117,1000.0,mg
202501955,D000117,1000.0,mg
202501956,D000117,1000.0,mg
202601730,D000117,1000.0,mg
202601731,D000117,1000.0,mg
200300698,D000398,2.5,mg
200300699,D000398,5.0,mg
200500541,D000972,12.5,mg
200804089,D000192,,
201004170,D000224,,
201004171,D000224,,
201100610,D000972,12.5,mg
201100792,D000972,12.5,mg
201100797,D000972,12.5,mg
201100800,D000972,12.5,mg
201100812,D000972,,
201100826,D000972,12.5,mg
201100888,D000972,12.5,mg
201100889,D000972,12.5,mg
201100893,D000972,12.5,mg
201100904,D000972,12.5,mg
201100911,D000972,,
201100951,D000972,,
201100979,D000972,12.5,mg
201101640,D000972,,
201101861,D000972,,
201202525,D000224,,
201202526,D000224,,
201206778,D000972,12.5,mg
201206780,D000972,12.5,mg
201206782,D000972,12.5,mg
201307209,D000972,12.5,mg
201307882,D000972,12.5,mg
201307936,D000972,12.5,mg
201308504,D000972,12.5,mg
201401945,D000972,,
201402074,D000982,20.0,mg
201403085,D000982,20.0,mg
201403727,D000982,20.0,mg
201403728,D000982,,
201403866,D000972,,
201403894,D000982,,
201405120,D000219,20.0,mg
201405121,D000219,20.0,mg
201405122,D000219,10.0,mg
201405123,D000219,10.0,mg
201405403,D000219,5.0,mg
201405404,D000219,5.0,mg
201406153,D000972,12.5,mg
201501432,D000418,500.0,mg
201504095,D000219,10.0,mg
201504096,D000219,20.0,mg
201504097,D000219,10.0,mg
201504098,D000219,20.0,mg
201504135,D000219,10.0,mg
201504137,D000219,10.0,mg
201505105,D000972,12.5,mg
201505196,D000219,5.0,mg
201505197,D000219,5.0,mg
201505198,D000219,5.0,mg
201505199,D000219,5.0,mg
201506817,D000219,5.0,mg
201506818,D000219,10.0,mg
201506819,D000219,5.0,mg
201506820,D000219,10.0,mg
201603967,D000972,,
201705673,D000109,850.0,mg
201705701,D000109,850.0,mg
201706791,D000109,,
201604117,D000224,,
201604118,D000224,,
201604119,D000224,,
201604675,D000224,,
201604677,D000224,,
201708493,D000109,,
201801346,D000109,850.0,mg
201801687,D000109,850.0,mg
201801834,D000109,850.0,mg
201604686,D000224,,
201604687,D000224,,
201604692,D000224,,
201604693,D000224,,
201604694,D000224,,
201801975,D000219,5.0,mg
201801976,D000219,10.0,mg
201801977,D000219,5.0,mg
201604695,D000224,,
201604696,D000224,,
201604697,D000224,,
201604698,D000224,,
201604699,D000224,,
201801978,D000219,10.0,mg
201801979,D000219,20.0,mg
201801980,D000219,10.0,mg
201604702,D000224,,
201604705,D000224,,
201604712,D000224,,
201604713,D000224,,
201604922,D000224,,
201801981,D000219,10.0,mg
201801982,D000219,20.0,mg
201801983,D000219,10.0,mg
201605159,D000224,,
201605260,D000224,,
201605323,D000224,,
201605330,D000224,,
201605346,D000224,,
201802226,D000219,5.0,mg
201802227,D000219,10.0,mg
201802228,D000219,5.0,mg
201605347,D000224,,
201606075,D000224,,
201606083,D000224,,
201606189,D000224,,
201606400,D000224,,
201802229,D000219,10.0,mg
201802230,D000219,10.0,mg
201802231,D000219,20.0,mg
201606792,D000224,,
201606800,D000224,,
201606810,D000224,,
201700405,D000224,,
201700469,D000224,,
201802235,D000219,20.0,mg
201802236,D000219,10.0,mg
201802237,D000219,10.0,mg
201700623,D000224,,
201802583,D000219,20.0,mg
201802584,D000219,10.0,mg
201802585,D000219,10.0,mg
201802586,D000219,5.0,mg
201802587,D000219,5.0,mg
201802588,D000219,10.0,mg
201802737,D000109,850.0,mg
201802894,D000109,850.0,mg
201803758,D000219,10.0,mg
201803759,D000219,10.0,mg
201804095,D000109,850.0,mg
201804680,D000219,5.0,mg
201804681,D000219,20.0,mg
201804682,D000219,5.0,mg
201805226,D000972,12.5,mg
201805227,D000972,12.5,mg
201805228,D000972,12.5,mg
201805243,D000972,12.5,mg
201805244,D000972,12.5,mg
201805245,D000972,12.5,mg
201805261,D000972,12.5,mg
201805262,D000972,12.5,mg
201805263,D000972,12.5,mg
201805264,D000972,12.5,mg
201805265,D000972,12.5,mg
201805266,D000972,12.5,mg
201805279,D000972,12.5,mg
201805280,D000972,12.5,mg
201805281,D000972,12.5,mg
201805283,D000972,12.5,mg
201805284,D000972,12.5,mg
201805285,D000972,12.5,mg
201805286,D000972,12.5,mg
201805287,D000972,12.5,mg
201805288,D000972,12.5,mg
201805293,D000972,12.5,mg
201805294,D000972,12.5,mg
201805295,D000972,12.5,mg
201805297,D000219,20.0,mg
201805304,D000972,12.5,mg
201805305,D000972,12.5,mg
201805306,D000972,12.5,mg
201805307,D000972,12.5,mg
201805308,D000972,12.5,mg
201805337,D000972,12.5,mg
201805338,D000972,12.5,mg
201805339,D000972,12.5,mg
201805340,D000972,12.5,mg
201805341,D000972,12.5,mg
201805342,D000972,12.5,mg
201805389,D000972,12.5,mg
201805390,D000972,12.5,mg
201900269,D000972,12.5,mg
201900270,D000972,12.5,mg
201900767,D000972,12.5,mg
201900768,D000972,12.5,mg
201900774,D000972,12.5,mg
201900836,D000219,10.0,mg
201900837,D000219,10.0,mg
201901162,D000972,12.5,mg
201901634,D000109,850.0,mg
201901667,D000972,12.5,mg
201901835,D000109,850.0,mg
201902020,D000972,12.5,mg
201902021,D000972,12.5,mg
201902022,D000972,12.5,mg
201902248,D000109,850.0,mg
201902708,D000109,850.0,mg
201902989,D000972,12.5,mg
201902990,D000972,12.5,mg
201902991,D000972,12.5,mg
201903060,D000972,12.5,mg
201903061,D000972,12.5,mg
201903062,D000972,12.5,mg
201903157,D000972,12.5,mg
201903158,D000972,12.5,mg
201903159,D000972,12.5,mg
201903191,D000109,850.0,mg
201904428,D000972,12.5,mg
201904429,D000972,12.5,mg
201904521,D000219,10.0,mg
201904522,D000219,10.0,mg
201905992,D000972,12.5,mg
201906987,D000219,5.0,mg
201906988,D000219,10.0,mg
201906990,D000219,5.0,mg
201906991,D000219,10.0,mg
201906992,D000219,5.0,mg
201906993,D000219,10.0,mg
201906994,D000219,10.0,mg
201907246,D000219,5.0,mg
201907247,D000219,10.0,mg
201907248,D000219,20.0,mg
201907249,D000219,5.0,mg
201907250,D000219,10.0,mg
201907251,D000219,20.0,mg
201907252,D000219,5.0,mg
201907254,D000219,10.0,mg
201907255,D000219,5.0,mg
201907256,D000219,10.0,mg
201907392,D000109,850.0,mg
202000339,D000109,850.0,mg
202001161,D000219,5.0,mg
202001162,D000219,10.0,mg
202001164,D000219,10.0,mg
202001842,D000219,10.0,mg
202001843,D000219,5.0,mg
202001844,D000219,10.0,mg
202001845,D000219,5.0,mg
202001848,D000219,10.0,mg
202001850,D000219,5.0,mg
202303455,D000109,15.0,mg
202303456,D000109,30.0,mg
202500425,D000982,20.0,mg
202500589,D000982,20.0,mg
202500638,D000109,850.0,mg
202500700,D000982,20.0,mg
201804719,D000109,850.0,mg
201906378,D000418,500.0,mg
201701415,D000224,,
200713008,D000244,500.0,mg
200713009,D000244,1000.0,mg
200901817,D000244,850.0,mg
201202805,D000335,500.0,mg
201202806,D000335,1000.0,mg
201309416,D000244,500.0,mg
201309417,D000244,1000.0,mg
201309418,D000244,1000.0,mg
201309652,D000219,160.0,mg
201309653,D000219,80.0,mg
201309654,D000219,160.0,mg
201309655,D000219,80.0,mg
201404745,D000219,80.0,mg
201404990,D000219,160.0,mg
201503176,D000244,850.0,mg
201503177,D000244,1000.0,mg
201503178,D000244,500.0,mg
201503215,D000244,500.0,mg
201503216,D000244,850.0,mg
201503217,D000244,1000.0,mg
201503225,D000244,500.0,mg
201503226,D000244,850.0,mg
201503227,D000244,1000.0,mg
201503512,D000244,500.0,mg
201503513,D000244,850.0,mg
201503514,D000244,1000.0,mg
201504896,D000244,1000.0,mg
201504897,D000244,1000.0,mg
201505030,D000244,1000.0,mg
201505031,D000244,500.0,mg
201505032,D000244,1000.0,mg
201600365,D000244,500.0,mg
201902300,D000219,5.0,mg
201902301,D000219,10.0,mg
201902302,D000219,10.0,mg
201902303,D000219,5.0,mg
202001382,D000219,160.0,mg
202001851,D000219,10.0,mg
202001853,D000219,5.0,mg
202003037,D000219,80.0,mg
202003038,D000219,80.0,mg
202003039,D000219,80.0,mg
202003040,D000219,160.0,mg
202003764,D000219,80.0,mg
202003852,D000219,80.0,mg
202003853,D000219,80.0,mg
202003854,D000219,160.0,mg
202003855,D000219,80.0,mg
202003856,D000219,160.0,mg
202003857,D000219,80.0,mg
202003858,D000219,80.0,mg
202003859,D000219,160.0,mg
202003921,D000219,160.0,mg
202003922,D000219,80.0,mg
202004762,D000219,10.0,mg
202004763,D000219,10.0,mg
202005523,D000219,5.0,mg
202005525,D000219,10.0,mg
202005526,D000219,5.0,mg
202005528,D000219,10.0,mg
202006708,D000219,10.0,mg
202006709,D000219,10.0,mg
202006710,D000219,10.0,mg
202006711,D000219,20.0,mg
202008930,D000219,80.0,mg
202008931,D000219,80.0,mg
202009006,D000219,80.0,mg
202009007,D000219,160.0,mg
202101315,D000219,20.0,mg
202101316,D000219,10.0,mg
202101317,D000219,5.0,mg
202101318,D000219,10.0,mg
202101795,D000219,20.0,mg
202101796,D000219,10.0,mg
202101797,D000219,5.0,mg
202101798,D000219,10.0,mg
202103315,D000219,20.0,mg
202103316,D000219,10.0,mg
202103317,D000219,5.0,mg
202104525,D000219,20.0,mg
202104526,D000219,10.0,mg
202106222,D000219,10.0,mg
202106223,D000219,5.0,mg
202106224,D000219,10.0,mg
202106225,D000219,5.0,mg
202108062,D000219,10.0,mg
202108063,D000219,5.0,mg
202108064,D000219,10.0,mg
202108065,D000219,5.0,mg
202108198,D000244,850.0,mg
202108199,D000244,1000.0,mg
202108200,D000244,500.0,mg
202108201,D000244,500.0,mg
202108202,D000244,850.0,mg
202108203,D000244,1000.0,mg
202200028,D000244,1000.0,mg
202200029,D000244,500.0,mg
202200030,D000244,850.0,mg
202200031,D000244,1000.0,mg
202200032,D000244,500.0,mg
202200033,D000244,850.0,mg
202200111,D000244,1000.0,mg
202200112,D000244,500.0,mg
202200113,D000244,850.0,mg
202200114,D000244,1000.0,mg
202200115,D000244,850.0,mg
202200116,D000244,500.0,mg
202200117,D000244,1000.0,mg
202200118,D000244,500.0,mg
202200119,D000244,850.0,mg
202200198,D000244,500.0,mg
202200199,D000244,850.0,mg
202200200,D000244,1000.0,mg
202200201,D000244,850.0,mg
202200202,D000244,1000.0,mg
202200203,D000244,500.0,mg
202200205,D000244,500.0,mg
202200206,D000244,850.0,mg
202200207,D000244,1000.0,mg
202200208,D000244,850.0,mg
202200209,D000244,500.0,mg
202200225,D000244,850.0,mg
202200226,D000244,500.0,mg
202200227,D000244,1000.0,mg
202200304,D000244,850.0,mg
202200305,D000244,500.0,mg
202200306,D000244,1000.0,mg
202200307,D000244,1000.0,mg
202200308,D000244,500.0,mg
202200309,D000244,850.0,mg
202200310,D000244,500.0,mg
202200311,D000244,850.0,mg
202200312,D000244,1000.0,mg
202200313,D000244,850.0,mg
202200314,D000244,500.0,mg
202200315,D000244,1000.0,mg
202200316,D000244,850.0,mg
202200317,D000244,500.0,mg
202200333,D000244,850.0,mg
202200334,D000244,500.0,mg
202200404,D000244,500.0,mg
202200405,D000244,850.0,mg
202200406,D000244,1000.0,mg
202200408,D000244,850.0,mg
202200409,D000244,500.0,mg
202200410,D000244,1000.0,mg
202200503,D000244,500.0,mg
202200504,D000244,850.0,mg
202200505,D000244,1000.0,mg
202200615,D000244,850.0,mg
202200616,D000244,500.0,mg
202200617,D000244,1000.0,mg
202200618,D000244,1000.0,mg
202200619,D000244,500.0,mg
202200620,D000244,850.0,mg
202200899,D000244,1000.0,mg
202200905,D000244,1000.0,mg
202200906,D000244,1000.0,mg
202200910,D000244,850.0,mg
202200911,D000244,500.0,mg
202200912,D000244,1000.0,mg
202201017,D000244,1000.0,mg
202201027,D000244,1000.0,mg
202201118,D000244,1000.0,mg
202201412,D000244,1000.0,mg
202201873,D000244,500.0,mg
202201874,D000244,1000.0,mg
202201875,D000244,1000.0,mg
202201876,D000244,500.0,mg
202201877,D000244,1000.0,mg
202201878,D000244,1000.0,mg
202201882,D000244,500.0,mg
202201883,D000244,1000.0,mg
202201884,D000244,1000.0,mg
202201898,D000244,1000.0,mg
202201899,D000244,1000.0,mg
202201900,D000244,500.0,mg
202201930,D000244,500.0,mg
202201931,D000244,1000.0,mg
202201932,D000244,1000.0,mg
202201933,D000244,500.0,mg
202201934,D000244,1000.0,mg
202201935,D000244,1000.0,mg
202201936,D000244,500.0,mg
202201937,D000244,1000.0,mg
202201938,D000244,1000.0,mg
202201952,D000244,500.0,mg
202201953,D000244,1000.0,mg
202201954,D000244,1000.0,mg
202201955,D000244,500.0,mg
202201956,D000244,1000.0,mg
202201957,D000244,1000.0,mg
202201958,D000244,500.0,mg
202201959,D000244,1000.0,mg
202201960,D000244,1000.0,mg
202201961,D000244,1000.0,mg
202201962,D000244,500.0,mg
202201963,D000244,1000.0,mg
202201964,D000244,500.0,mg
202201965,D000244,1000.0,mg
202201966,D000244,1000.0,mg
202201967,D000244,1000.0,mg
202201968,D000244,500.0,mg
202201969,D000244,1000.0,mg
202202000,D000244,500.0,mg
202202001,D000244,1000.0,mg
202202002,D000244,1000.0,mg
202202009,D000244,500.0,mg
202202010,D000244,1000.0,mg
202202011,D000244,1000.0,mg
202202012,D000244,500.0,mg
202202013,D000244,1000.0,mg
202202014,D000244,1000.0,mg
202202015,D000244,1000.0,mg
202202016,D000244,1000.0,mg
202202017,D000244,500.0,mg
202202018,D000244,500.0,mg
202202019,D000244,1000.0,mg
202202020,D000244,1000.0,mg
202202021,D000244,500.0,mg
202202022,D000244,1000.0,mg
202202023,D000244,1000.0,mg
202202024,D000244,1000.0,mg
202202025,D000244,1000.0,mg
202202026,D000244,500.0,mg
202202027,D000244,500.0,mg
202202028,D000244,1000.0,mg
202202029,D000244,1000.0,mg
202202039,D000244,500.0,mg
202202040,D000244,1000.0,mg
202202041,D000244,1000.0,mg
202202071,D000244,500.0,mg
202202072,D000244,1000.0,mg
202202135,D000219,5.0,mg
202202136,D000219,5.0,mg
202202137,D000219,5.0,mg
202202138,D000219,5.0,mg
202202139,D000219,5.0,mg
202202140,D000219,5.0,mg
202202188,D000219,5.0,mg
202202189,D000219,5.0,mg
202202190,D000219,5.0,mg
202202191,D000219,5.0,mg
202202192,D000219,5.0,mg
202202193,D000219,5.0,mg
202203050,D000219,5.0,mg
202203051,D000219,5.0,mg
202203052,D000219,5.0,mg
202203053,D000219,5.0,mg
202203054,D000219,5.0,mg
202203055,D000219,5.0,mg
202302007,D000219,10.0,mg
202302008,D000219,10.0,mg
202302797,D000219,5.0,mg
202302798,D000219,5.0,mg
202302810,D000219,5.0,mg
202302811,D000219,5.0,mg
202302812,D000219,5.0,mg
202302813,D000219,5.0,mg
202302814,D000219,5.0,mg
202302815,D000219,5.0,mg
202302824,D000219,2.5,mg
202302825,D000219,2.5,mg
202402951,D000219,10.0,mg
202402997,D000219,10.0,mg
202500004,D000219,10.0,mg
202500394,D000219,10.0,mg
202500492,D000219,5.0,mg
202500325,D000219,5.0,mg
202500327,D000219,10.0,mg
202500350,D000219,5.0,mg
202500398,D000219,5.0,mg
202500426,D000219,5.0,mg
202500494,D000219,5.0,mg
202500518,D000219,5.0,mg
202500557,D000219,10.0,mg
202500660,D000219,5.0,mg
202200318,D000244,1000.0,mg
202200485,D000244,500.0,mg
202200486,D000244,850.0,mg
202200487,D000244,1000.0,mg
198500633,D000731,,
200209850,D000485,12.5,mg
200209851,D000485,12.5,mg
202202073,D000244,1000.0,mg
202202074,D000244,1000.0,mg
202202075,D000244,1000.0,mg
200307774,D000485,12.5,mg
200307775,D000485,12.5,mg
201000827,D000485,12.5,mg
201000828,D000485,12.5,mg
201000860,D000485,12.5,mg
202202076,D000244,500.0,mg
202202077,D000244,1000.0,mg
202202078,D000244,1000.0,mg
201000861,D000485,12.5,mg
201000865,D000485,12.5,mg
201000866,D000485,12.5,mg
201000867,D000485,12.5,mg
201000877,D000485,12.5,mg
202202079,D000244,500.0,mg
202202080,D000244,500.0,mg
202202081,D000244,1000.0,mg
201000878,D000485,12.5,mg
201000888,D000485,12.5,mg
201000889,D000485,12.5,mg
201000949,D000485,12.5,mg
201000950,D000485,12.5,mg
202202082,D000244,1000.0,mg
202204365,D000244,1000.0,mg
202204366,D000244,850.0,mg
201001021,D000485,12.5,mg
201001022,D000485,12.5,mg
201001023,D000485,12.5,mg
201001024,D000485,12.5,mg
201004700,D000485,25.0,mg
202204367,D000244,500.0,mg
202204563,D000244,500.0,mg
202204564,D000244,850.0,mg
202204565,D000244,1000.0,mg
201005059,D000485,25.0,mg
201005770,D000485,25.0,mg
201005774,D000485,12.5,mg
201005775,D000485,12.5,mg
201101834,D000485,12.5,mg
202204572,D000244,850.0,mg
202204573,D000244,500.0,mg
202204574,D000244,1000.0,mg
202204575,D000244,1000.0,mg
201101835,D000485,12.5,mg
201111225,D000485,12.5,mg
201111226,D000485,12.5,mg
201207594,D000485,25.0,mg
201208653,D000485,12.5,mg
202204576,D000244,850.0,mg
202204577,D000244,500.0,mg
202204579,D000244,850.0,mg
201208654,D000485,12.5,mg
201209669,D000485,12.5,mg
201300145,D000485,12.5,mg
201300146,D000485,12.5,mg
201404665,D000485,12.5,mg
202204580,D000244,500.0,mg
202204581,D000244,1000.0,mg
202204585,D000244,850.0,mg
202204586,D000244,500.0,mg
201404666,D000485,12.5,mg
201503335,D000485,12.5,mg
201503336,D000485,12.5,mg
201503630,D000485,12.5,mg
201503631,D000485,12.5,mg
202204587,D000244,1000.0,mg
202204588,D000244,500.0,mg
202204589,D000244,850.0,mg
202204590,D000244,1000.0,mg
201603228,D000485,12.5,mg
201603229,D000485,12.5,mg
201604126,D000485,12.5,mg
201604127,D000485,12.5,mg
201604631,D000485,12.5,mg
202204591,D000244,850.0,mg
202204592,D000244,500.0,mg
202204593,D000244,1000.0,mg
202204597,D000244,500.0,mg
201604632,D000485,12.5,mg
201605524,D000485,12.5,mg
201700456,D000485,12.5,mg
201700457,D000485,12.5,mg
201701098,D000485,12.5,mg
202204598,D000244,850.0,mg
202204599,D000244,1000.0,mg
202204603,D000244,850.0,mg
202204604,D000244,500.0,mg
201701099,D000485,12.5,mg
201701432,D000485,12.5,mg
201706181,D000485,25.0,mg
201706182,D000485,12.5,mg
201706183,D000485,12.5,mg
202204605,D000244,1000.0,mg
202300019,D000244,750.0,mg
202300020,D000244,750.0,mg
202300021,D000244,750.0,mg
201706184,D000485,12.5,mg
201801014,D000485,12.5,mg
201801835,D000485,12.5,mg
201802209,D000485,12.5,mg
201802281,D000485,12.5,mg
202300577,D000244,500.0,mg
202300578,D000244,1000.0,mg
202300579,D000244,1000.0,mg
202300581,D000244,1000.0,mg
201803030,D000485,12.5,mg
201804300,D000485,12.5,mg
201804358,D000485,12.5,mg
201804849,D000485,12.5,mg
201804850,D000485,12.5,mg
202300582,D000244,500.0,mg
202300583,D000244,1000.0,mg
202300584,D000244,500.0,mg
202300585,D000244,1000.0,mg
201804854,D000485,12.5,mg
201804855,D000485,12.5,mg
201805145,D000485,12.5,mg
201805146,D000485,12.5,mg
201900127,D000485,12.5,mg
202300586,D000244,1000.0,mg
202300587,D000244,500.0,mg
202300588,D000244,1000.0,mg
202300589,D000244,1000.0,mg
201900128,D000485,12.5,mg
201902333,D000485,12.5,mg
201902334,D000485,12.5,mg
201902559,D000485,12.5,mg
201902560,D000485,12.5,mg
202300590,D000244,500.0,mg
202300591,D000244,1000.0,mg
202300592,D000244,1000.0,mg
202300593,D000244,500.0,mg
201903553,D000485,12.5,mg
202300594,D000244,1000.0,mg
202300595,D000244,1000.0,mg
202300596,D000244,1000.0,mg
202300597,D000244,1000.0,mg
202300598,D000244,500.0,mg
202300599,D000244,1000.0,mg
202300600,D000244,1000.0,mg
202300601,D000244,500.0,mg
202300602,D000244,500.0,mg
202300603,D000244,1000.0,mg
202300604,D000244,1000.0,mg
202300606,D000244,500.0,mg
202300607,D000244,1000.0,mg
202300608,D000244,1000.0,mg
202300609,D000244,1000.0,mg
202300610,D000244,1000.0,mg
202300611,D000244,500.0,mg
202300612,D000244,500.0,mg
202300613,D000244,1000.0,mg
202300614,D000244,1000.0,mg
202300615,D000244,500.0,mg
202300616,D000244,1000.0,mg
202300617,D000244,1000.0,mg
202300758,D000244,850.0,mg
202300759,D000244,500.0,mg
202300833,D000244,850.0,mg
202300834,D000244,500.0,mg
202300836,D000244,850.0,mg
202300837,D000244,500.0,mg
202300839,D000244,850.0,mg
202300840,D000244,500.0,mg
202300843,D000244,850.0,mg
202300844,D000244,500.0,mg
202300846,D000244,850.0,mg
202300847,D000244,500.0,mg
202300848,D000244,500.0,mg
202300849,D000244,850.0,mg
202300850,D000244,1000.0,mg
202300852,D000244,500.0,mg
202300853,D000244,850.0,mg
202300855,D000244,850.0,mg
202300856,D000244,500.0,mg
202300857,D000244,850.0,mg
202300858,D000244,500.0,mg
202300860,D000244,850.0,mg
202300861,D000244,500.0,mg
202300862,D000244,1000.0,mg
202301430,D000244,1000.0,mg
202301431,D000244,750.0,mg
202301432,D000244,500.0,mg
202301433,D000244,1000.0,mg
202301623,D000244,1000.0,mg
202301624,D000244,500.0,mg
202301625,D000244,750.0,mg
202301949,D000244,1000.0,mg
202301950,D000244,500.0,mg
202301951,D000244,850.0,mg
202301963,D000244,500.0,mg
202301964,D000244,1000.0,mg
202301965,D000244,850.0,mg
202301973,D000244,500.0,mg
202301974,D000244,850.0,mg
202301975,D000244,1000.0,mg
202302025,D000244,1000.0,mg
202400317,D000244,850.0,mg
202400318,D000244,500.0,mg
202400671,D000244,500.0,mg
202400672,D000244,850.0,mg
202401772,D000244,1000.0,mg
202401773,D000244,1000.0,mg
202401787,D000244,1000.0,mg
202401788,D000244,1000.0,mg
202401789,D000244,1000.0,mg
202401790,D000244,1000.0,mg
202401791,D000244,1000.0,mg
202401792,D000244,1000.0,mg
202403106,D000244,1000.0,mg
202403108,D000244,1000.0,mg
202500059,D000244,1000.0,mg
202500060,D000244,1000.0,mg
202500552,D000244,1000.0,mg
202500710,D000244,1000.0,mg
202500711,D000244,1000.0,mg
202500712,D000244,1000.0,mg
202500914,D000244,750.0,mg
202500915,D000244,1000.0,mg
202500916,D000244,750.0,mg
202500917,D000244,1000.0,mg
202501536,D000244,1000.0,mg
202501537,D000244,1000.0,mg
202501987,D000244,750.0,mg
202501988,D000244,750.0,mg
202204569,D000244,1000.0,mg
202204570,D000244,500.0,mg
202204571,D000244,850.0,mg
202204582,D000244,850.0,mg
202204583,D000244,500.0,mg
202204584,D000244,1000.0,mg
202204594,D000244,850.0,mg
202204595,D000244,500.0,mg
202204596,D000244,1000.0,mg
202300760,D000244,1000.0,mg
202300832,D000244,1000.0,mg
202300835,D000244,1000.0,mg
202300838,D000244,1000.0,mg
202300841,D000244,1000.0,mg
202300842,D000244,1000.0,mg
202300845,D000244,1000.0,mg
202300851,D000244,1000.0,mg
202300854,D000244,1000.0,mg
202300859,D000244,1000.0,mg
202301797,D000244,500.0,mg
202301798,D000244,1000.0,mg
202301799,D000244,850.0,mg
202301800,D000244,1000.0,mg
202301801,D000244,850.0,mg
202301802,D000244,500.0,mg
202301868,D000244,1000.0,mg
202301869,D000244,1000.0,mg
202301870,D000244,500.0,mg
202302023,D000244,500.0,mg
202302024,D000244,850.0,mg
202302026,D000244,500.0,mg
200705588,D000773,,
200705593,D000773,,
200705594,D000773,,
200705595,D000773,,
200705597,D000773,,
200713092,D000773,,
200713094,D000773,,
200713095,D000773,,
200713377,D000773,,
200801284,D000773,,
200804519,D000773,,
200804556,D000773,,
200804557,D000773,,
200804558,D000773,,
200804560,D000773,,
200804562,D000773,,
200804563,D000773,,
200804586,D000773,,
200804561,D000773,,
200804611,D000773,,
200804631,D000773,,
200804633,D000773,,
200804696,D000773,,
200804702,D000773,,
200805289,D000773,,
200805296,D000773,,
200805301,D000773,,
200805370,D000773,,
200805386,D000773,,
200805387,D000773,,
200805843,D000773,,
200805849,D000773,,
200805915,D000773,,
200805928,D000773,,
200806185,D000773,,
201404784,D000773,,
201404905,D000773,,
201405383,D000773,,
201500497,D000773,,
201501581,D000773,,
201501690,D000773,,
201502351,D000773,,
201502352,D000773,,
201502631,D000773,,
201502641,D000773,,
201502713,D000773,,
201504978,D000773,,
201506781,D000773,,
201506782,D000773,,
200209695,D000011,12.5,mg
201903554,D000485,12.5,mg
201903559,D000485,12.5,mg
201903560,D000485,12.5,mg
201905397,D000485,12.5,mg
201905398,D000485,12.5,mg
200500971,D000392,,
200500972,D000392,,
200701756,D000011,12.5,mg
201906467,D000485,12.5,mg
201906503,D000485,12.5,mg
201906585,D000485,12.5,mg
201906586,D000485,12.5,mg
201906696,D000485,12.5,mg
200708031,D000600,80.0,mg
200713518,D000392,500.0,mg
200803516,D000445,850.0,mg
200803517,D000445,1000.0,mg
201906697,D000485,12.5,mg
201906874,D000485,12.5,mg
201906875,D000485,12.5,mg
201906944,D000485,12.5,mg
201908239,D000485,12.5,mg
200805262,D000011,12.5,mg
200805341,D000011,12.5,mg
200805555,D000392,500.0,mg
201908240,D000485,12.5,mg
201908241,D000485,25.0,mg
201908242,D000485,12.5,mg
201908262,D000485,12.5,mg
201908638,D000485,12.5,mg
200805901,D000011,12.5,mg
200805919,D000011,12.5,mg
200806269,D000011,12.5,mg
201908639,D000485,12.5,mg
202001509,D000485,25.0,mg
202001518,D000485,12.5,mg
202003085,D000485,12.5,mg
200806373,D000011,12.5,mg
200806640,D000011,,
200807020,D000011,12.5,mg
200807066,D000011,12.5,mg
200807067,D000011,12.5,mg
200807068,D000011,12.5,mg
200807090,D000011,,
200807156,D000011,,
200807187,D000011,12.5,mg
200807284,D000011,12.5,mg
200807285,D000011,12.5,mg
200807342,D000011,12.5,mg
200807410,D000011,12.5,mg
200807411,D000011,12.5,mg
200807429,D000011,,
200807430,D000011,12.5,mg
200807431,D000011,12.5,mg
200807584,D000011,,
200807585,D000011,,
200807617,D000011,12.5,mg
200807618,D000011,12.5,mg
200807634,D000011,12.5,mg
200807651,D000011,,
200807813,D000011,12.5,mg
200807814,D000011,12.5,mg
200808126,D000011,12.5,mg
200808127,D000011,12.5,mg
200808135,D000011,12.5,mg
200808219,D000011,12.5,mg
200808244,D000011,12.5,mg
200808245,D000011,12.5,mg
200808246,D000011,12.5,mg
200808247,D000011,12.5,mg
200808272,D000011,12.5,mg
200808273,D000011,12.5,mg
200808328,D000011,12.5,mg
200809058,D000011,12.5,mg
201007460,D000011,12.5,mg
201007523,D000011,12.5,mg
201007529,D000011,12.5,mg
201007569,D000011,12.5,mg
201007755,D000011,12.5,mg
201007758,D000011,12.5,mg
201101884,D000011,12.5,mg
201101885,D000011,12.5,mg
201103214,D000011,12.5,mg
201103308,D000011,12.5,mg
201103309,D000011,12.5,mg
201105412,D000011,,
201105413,D000011,,
201106781,D000392,500.0,mg
201106782,D000392,500.0,mg
201106950,D000392,500.0,mg
201106951,D000392,500.0,mg
201106952,D000392,500.0,mg
201106953,D000392,500.0,mg
201106980,D000392,500.0,mg
201106982,D000392,500.0,mg
201107002,D000392,500.0,mg
201107003,D000392,500.0,mg
201107004,D000392,500.0,mg
201107173,D000392,,
201107174,D000392,500.0,mg
201107175,D000392,500.0,mg
201107176,D000392,500.0,mg
201107199,D000392,500.0,mg
201107200,D000392,500.0,mg
201107201,D000392,500.0,mg
201107202,D000392,500.0,mg
201107204,D000392,500.0,mg
201107205,D000392,500.0,mg
201107219,D000392,500.0,mg
201107220,D000392,500.0,mg
201107221,D000392,500.0,mg
201107224,D000392,250.0,mg
201107226,D000392,250.0,mg
201107227,D000392,500.0,mg
201107229,D000392,500.0,mg
201107231,D000392,500.0,mg
201107232,D000392,500.0,mg
201107233,D000392,500.0,mg
201107234,D000392,,
201107272,D000392,500.0,mg
201107273,D000392,500.0,mg
201107274,D000392,500.0,mg
201107276,D000392,250.0,mg
201107290,D000392,250.0,mg
201107507,D000392,,
201107508,D000392,500.0,mg
201107509,D000392,,
201107510,D000392,500.0,mg
201107511,D000392,250.0,mg
201107512,D000392,,
201107513,D000392,500.0,mg
201107514,D000392,,
201107515,D000392,,
201107516,D000392,500.0,mg
201107521,D000392,250.0,mg
201107525,D000392,250.0,mg
201107526,D000392,250.0,mg
201107530,D000392,500.0,mg
201107536,D000392,,
201107537,D000392,500.0,mg
201107542,D000392,250.0,mg
201107543,D000392,250.0,mg
201109149,D000392,500.0,mg
201109280,D000392,500.0,mg
201200586,D000392,500.0,mg
201200975,D000392,500.0,mg
201203611,D000011,12.5,mg
201205527,D000392,500.0,mg
201206668,D000392,,
201206684,D000445,500.0,mg
201206792,D000392,500.0,mg
201206847,D000392,500.0,mg
201207103,D000011,12.5,mg
201207104,D000011,12.5,mg
201301375,D000392,500.0,mg
201307655,D000011,12.5,mg
201308067,D000668,,
201308664,D000392,,
201403269,D000011,12.5,mg
201403270,D000011,12.5,mg
201403707,D000011,,
201403981,D000392,500.0,mg
201404215,D000392,,
201500899,D000392,,
201503484,D000692,1000.0,mg
201503635,D000692,500.0,mg
201507998,D000011,12.5,mg
201507999,D000011,12.5,mg
201602890,D000011,12.5,mg
201602891,D000011,12.5,mg
201603746,D000011,12.5,mg
201603747,D000011,12.5,mg
201603971,D000392,500.0,mg
201604018,D000392,500.0,mg
201707237,D000011,12.5,mg
201707238,D000011,12.5,mg
201708331,D000011,12.5,mg
201800310,D000392,,
201801420,D000392,,
201803772,D000392,500.0,mg
201900246,D000392,,
201901263,D000219,5.0,mg
201901264,D000219,10.0,mg
201902053,D000392,500.0,mg
201902150,D000773,,
201902154,D000011,12.5,mg
201902216,D000011,12.5,mg
201902260,D000773,,
201902554,D000773,,
201902624,D000773,,
201903792,D000773,,
201903793,D000773,,
201904738,D000011,12.5,mg
201904739,D000011,12.5,mg
201905262,D000773,,
201905311,D000011,12.5,mg
201905312,D000011,12.5,mg
201905420,D000773,,
201905506,D000392,500.0,mg
201905955,D000773,,
201906557,D000392,500.0,mg
201908349,D000392,500.0,mg
201908350,D000392,250.0,mg
202000697,D000392,,
202000708,D000219,10.0,mg
202001108,D000011,12.5,mg
202001166,D000219,5.0,mg
202006525,D000600,80.0,mg
202106959,D000445,,
202107078,D000445,500.0,mg
202107110,D000445,500.0,mg
202107111,D000445,,
202300191,D000692,1000.0,mg
202300192,D000692,500.0,mg
202300209,D000692,500.0,mg
202300210,D000692,1000.0,mg
202300227,D000692,500.0,mg
202300228,D000692,1000.0,mg
202300229,D000692,500.0,mg
202300230,D000692,1000.0,mg
202300238,D000692,500.0,mg
202300239,D000692,1000.0,mg
202300240,D000692,500.0,mg
202300241,D000692,1000.0,mg
202300242,D000692,500.0,mg
202300243,D000692,1000.0,mg
202300273,D000692,500.0,mg
202300274,D000692,500.0,mg
202300275,D000692,1000.0,mg
202300297,D000692,500.0,mg
202300298,D000692,500.0,mg
202300347,D000692,1000.0,mg
202300348,D000692,1000.0,mg
202300349,D000692,500.0,mg
202300350,D000692,1000.0,mg
202300351,D000692,500.0,mg
202300352,D000692,1000.0,mg
202300353,D000692,1000.0,mg
202301805,D000445,500.0,mg
202301837,D000445,850.0,mg
202301838,D000445,1000.0,mg
202302279,D000445,500.0,mg
202302280,D000445,850.0,mg
202302281,D000445,1000.0,mg
202302531,D000445,500.0,mg
202302532,D000445,850.0,mg
202302533,D000445,1000.0,mg
202302589,D000445,500.0,mg
202302590,D000445,850.0,mg
202302591,D000445,1000.0,mg
202401283,D000445,1000.0,mg
201501697,D000680,750.0,mg
201501699,D000680,500.0,mg
201501700,D000680,1000.0,mg
201600385,D000157,500.0,mg
201600386,D000157,850.0,mg
201600387,D000157,1000.0,mg
201600388,D000157,500.0,mg
201600389,D000157,850.0,mg
201600390,D000157,1000.0,mg
202201297,D000157,500.0,mg
202201298,D000157,1000.0,mg
202201299,D000157,850.0,mg
202201333,D000157,500.0,mg
202201334,D000157,850.0,mg
202201335,D000157,1000.0,mg
202201336,D000157,850.0,mg
202201337,D000157,500.0,mg
202201338,D000157,1000.0,mg
202201339,D000157,1000.0,mg
202201340,D000157,850.0,mg
202201341,D000157,500.0,mg
202201342,D000157,1000.0,mg
202201343,D000157,850.0,mg
202201344,D000157,500.0,mg
202201345,D000157,1000.0,mg
202201346,D000157,500.0,mg
202201347,D000157,850.0,mg
202201351,D000157,1000.0,mg
202201352,D000157,850.0,mg
202201353,D000157,500.0,mg
202201354,D000157,1000.0,mg
202201355,D000157,850.0,mg
202201356,D000157,500.0,mg
202201357,D000157,850.0,mg
202201358,D000157,500.0,mg
202201359,D000157,1000.0,mg
202201360,D000157,500.0,mg
202201361,D000157,1000.0,mg
202201362,D000157,850.0,mg
202201363,D000157,1000.0,mg
202201364,D000157,850.0,mg
202201365,D000157,500.0,mg
202201366,D000157,1000.0,mg
202201367,D000157,500.0,mg
202201368,D000157,850.0,mg
202201370,D000157,850.0,mg
202201371,D000157,1000.0,mg
202201372,D000157,500.0,mg
202201373,D000157,1000.0,mg
202201374,D000157,850.0,mg
202201375,D000157,500.0,mg
202201376,D000157,1000.0,mg
202201377,D000157,850.0,mg
202201378,D000157,500.0,mg
202201379,D000157,1000.0,mg
202201380,D000157,850.0,mg
202201381,D000157,500.0,mg
202201382,D000157,850.0,mg
202201383,D000157,500.0,mg
202201384,D000157,1000.0,mg
202201385,D000157,1000.0,mg
202201386,D000157,500.0,mg
202201387,D000157,850.0,mg
202201392,D000157,500.0,mg
202201393,D000157,850.0,mg
202201394,D000157,1000.0,mg
202201395,D000157,1000.0,mg
202201396,D000157,850.0,mg
202201397,D000157,500.0,mg
202201398,D000157,850.0,mg
202201399,D000157,1000.0,mg
202201400,D000157,500.0,mg
202201401,D000157,500.0,mg
202201402,D000157,850.0,mg
202201403,D000157,1000.0,mg
202201404,D000157,1000.0,mg
202201405,D000157,850.0,mg
202201406,D000157,500.0,mg
202201443,D000157,500.0,mg
202201445,D000157,1000.0,mg
202201446,D000157,850.0,mg
202201538,D000157,1000.0,mg
202201539,D000157,850.0,mg
202201540,D000157,500.0,mg
202201695,D000157,850.0,mg
202201696,D000157,500.0,mg
202201697,D000157,1000.0,mg
202201733,D000157,1000.0,mg
202201734,D000157,850.0,mg
202201735,D000157,500.0,mg
202201741,D000157,850.0,mg
202201742,D000157,500.0,mg
202201743,D000157,1000.0,mg
202201744,D000157,850.0,mg
202201745,D000157,500.0,mg
202201746,D000157,1000.0,mg
202300354,D000692,1000.0,mg
202300355,D000692,1000.0,mg
202300356,D000692,1000.0,mg
202300357,D000692,1000.0,mg
202300358,D000692,1000.0,mg
202300359,D000692,500.0,mg
202300360,D000692,1000.0,mg
202300366,D000692,500.0,mg
202300423,D000692,1000.0,mg
202300424,D000692,500.0,mg
202300428,D000692,500.0,mg
202300429,D000692,1000.0,mg
202300430,D000692,500.0,mg
202300431,D000692,1000.0,mg
202300432,D000692,500.0,mg
202300433,D000692,1000.0,mg
202301623,D000692,1000.0,mg
202301624,D000692,500.0,mg
202301625,D000692,750.0,mg
202302303,D000157,850.0,mg
202302304,D000157,500.0,mg
202302305,D000157,1000.0,mg
202302540,D000157,500.0,mg
202302541,D000157,1000.0,mg
202302542,D000157,850.0,mg
202302563,D000157,500.0,mg
202302564,D000157,850.0,mg
202302565,D000157,1000.0,mg
202302566,D000692,500.0,mg
202302567,D000692,500.0,mg
202302568,D000157,1000.0,mg
202302569,D000157,850.0,mg
202302570,D000157,1000.0,mg
202302571,D000157,500.0,mg
202302573,D000692,500.0,mg
202302574,D000692,500.0,mg
202302577,D000157,1000.0,mg
202302578,D000157,850.0,mg
202302579,D000157,500.0,mg
202302580,D000157,500.0,mg
202302581,D000157,1000.0,mg
202302582,D000157,850.0,mg
202302583,D000157,1000.0,mg
202302584,D000157,850.0,mg
202302585,D000157,500.0,mg
202302586,D000157,500.0,mg
202302587,D000157,850.0,mg
202302588,D000157,1000.0,mg
202302605,D000157,500.0,mg
202302606,D000157,1000.0,mg
202302607,D000157,850.0,mg
202302630,D000157,850.0,mg
202302631,D000157,1000.0,mg
202302632,D000157,500.0,mg
202302633,D000157,850.0,mg
202302635,D000157,1000.0,mg
202302636,D000157,500.0,mg
202302637,D000157,850.0,mg
202302638,D000157,1000.0,mg
202302639,D000157,1000.0,mg
202302640,D000157,850.0,mg
202302641,D000157,500.0,mg
202302642,D000157,1000.0,mg
202302643,D000157,850.0,mg
202302644,D000157,500.0,mg
202302647,D000157,500.0,mg
202302648,D000157,850.0,mg
202302649,D000157,1000.0,mg
202302655,D000692,500.0,mg
202302656,D000692,500.0,mg
202302659,D000157,1000.0,mg
202302660,D000157,500.0,mg
202302661,D000157,850.0,mg
202302662,D000157,500.0,mg
202302663,D000157,850.0,mg
202302664,D000157,1000.0,mg
202302695,D000157,850.0,mg
202302696,D000157,1000.0,mg
202302697,D000157,500.0,mg
202302698,D000157,1000.0,mg
202302699,D000157,850.0,mg
202302700,D000157,500.0,mg
202302723,D000157,500.0,mg
202302724,D000157,1000.0,mg
202302725,D000157,850.0,mg
202302733,D000157,500.0,mg
202302734,D000157,850.0,mg
202302735,D000157,1000.0,mg
202302746,D000157,850.0,mg
202302747,D000157,500.0,mg
202302748,D000157,1000.0,mg
202302749,D000157,850.0,mg
202302750,D000157,500.0,mg
202302756,D000157,850.0,mg
202302757,D000157,500.0,mg
202302758,D000157,1000.0,mg
202302783,D000157,1000.0,mg
202302784,D000157,850.0,mg
202302785,D000157,500.0,mg
202302786,D000157,1000.0,mg
202302787,D000157,500.0,mg
202302788,D000157,850.0,mg
202303029,D000692,1000.0,mg
202400166,D000692,500.0,mg
202400167,D000692,500.0,mg
202401772,D000692,1000.0,mg
202401773,D000692,1000.0,mg
202401787,D000692,1000.0,mg
202401788,D000692,1000.0,mg
202401789,D000692,1000.0,mg
202401790,D000692,1000.0,mg
202401791,D000692,1000.0,mg
202401792,D000692,1000.0,mg
202402211,D000157,1000.0,mg
202403108,D000692,1000.0,mg
202500059,D000692,1000.0,mg
202403106,D000692,1000.0,mg
202500060,D000692,1000.0,mg
202500098,D000157,1000.0,mg
202500550,D000157,1000.0,mg
202500551,D000157,1000.0,mg
202500552,D000692,1000.0,mg
202500684,D000157,1000.0,mg
202500685,D000157,1000.0,mg
202500686,D000157,1000.0,mg
202500687,D000157,1000.0,mg
202500710,D000692,1000.0,mg
202500711,D000692,1000.0,mg
202500712,D000692,1000.0,mg
202500781,D000157,1000.0,mg
202500782,D000157,1000.0,mg
202500992,D000157,1000.0,mg
202500993,D000157,1000.0,mg
202501234,D000157,1000.0,mg
202501246,D000157,1000.0,mg
202501247,D000157,1000.0,mg
202501339,D000157,1000.0,mg
202501536,D000157,1000.0,mg
202501537,D000157,1000.0,mg
202501542,D000157,1000.0,mg
202501552,D000157,1000.0,mg
202501553,D000157,1000.0,mg
202501578,D000157,1000.0,mg
202501595,D000157,1000.0,mg
202501631,D000157,1000.0,mg
202501632,D000157,1000.0,mg
202501667,D000157,1000.0,mg
202501668,D000157,850.0,mg
202501669,D000157,500.0,mg
202501688,D000157,500.0,mg
202501689,D000157,850.0,mg
202501690,D000157,1000.0,mg
202501700,D000157,500.0,mg
202501701,D000157,850.0,mg
202501702,D000157,1000.0,mg
202501713,D000157,1000.0,mg
202501714,D000157,1000.0,mg
202501715,D000157,1000.0,mg
202501716,D000157,1000.0,mg
202501717,D000157,1000.0,mg
202501718,D000157,1000.0,mg
202501719,D000157,1000.0,mg
202501720,D000157,1000.0,mg
202501721,D000157,1000.0,mg
202501722,D000157,1000.0,mg
202501723,D000157,1000.0,mg
202501724,D000157,1000.0,mg
202501726,D000157,850.0,mg
202501727,D000157,500.0,mg
202501728,D000157,1000.0,mg
202501729,D000157,1000.0,mg
202501730,D000157,850.0,mg
202501731,D000157,500.0,mg
202501740,D000157,850.0,mg
202501741,D000157,1000.0,mg
202501742,D000157,500.0,mg
202501759,D000157,1000.0,mg
202501760,D000157,1000.0,mg
202501818,D000157,500.0,mg
202501819,D000157,850.0,mg
202501820,D000157,1000.0,mg
202501902,D000157,1000.0,mg
202501903,D000157,1000.0,mg
202501909,D000157,1000.0,mg
202501910,D000157,1000.0,mg
202501912,D000157,750.0,mg
202501915,D000157,1000.0,mg
202501916,D000157,850.0,mg
202501917,D000157,500.0,mg
202501954,D000157,1000.0,mg
202501955,D000157,1000.0,mg
202501956,D000157,1000.0,mg
202501987,D000157,750.0,mg
202501988,D000157,750.0,mg
202502002,D000157,1000.0,mg
202502003,D000157,1000.0,mg
202502302,D000157,1000.0,mg
202502780,D000157,1000.0,mg
202502781,D000157,1000.0,mg
202502782,D000157,1000.0,mg
202601730,D000157,1000.0,mg
197400262,D000026,,
198701352,D000026,,
199202903,D000770,,
199301046,D000770,,
199403384,D000770,,
200202994,D000018,,
200500257,D000569,200.0,mg
200500258,D000569,100.0,mg
200702570,D000018,300.0,mg
200702571,D000018,150.0,mg
200708298,D000128,50.0,mg
200801900,D000018,150.0,mg
200901568,D000026,,
200901971,D000026,,
200905903,D000026,,
201001531,D000770,,
201005841,D000569,50.0,mg
201110541,D000128,50.0,mg
201209012,D000128,100.0,mg
201300339,D000246,20.0,mg
201301617,D000246,100.0,mg
201301655,D000246,50.0,mg
201302166,D000246,100.0,mg
201305399,D000246,50.0,mg
201305533,D000246,100.0,mg
201309741,D000569,75.0,mg
201400443,D001017,30.0,mg
201400444,D001017,40.0,mg
201401569,D001003,5.0,mg
201403055,D001015,,
201404452,D001019,,
201404453,D001019,,
201405262,D000018,,
201405939,D000026,,
201405960,D001013,,
201501443,D000770,,
201506004,D001060,15.0,mg
201506005,D001060,30.0,mg
201506006,D001060,60.0,mg
201605158,D000018,150.0,mg
201605174,D000018,150.0,mg
201605175,D000018,150.0,mg
201605177,D000018,,
201605178,D000018,,
201802022,D001015,,
201804875,D001003,10.0,mg
202006682,D001003,5.0,mg
202008536,D001003,11.0,mg
202107022,D000246,100.0,mg
202108049,D001060,15.0,mg
202108050,D001060,60.0,mg
202108051,D001060,30.0,mg
202201506,D001003,5.0,mg
202201569,D001003,5.0,mg
202201584,D001003,5.0,mg
202201620,D001003,5.0,mg
202201752,D001003,5.0,mg
202201844,D001003,5.0,mg
202201982,D001003,5.0,mg
202202378,D001003,5.0,mg
202202636,D001003,5.0,mg
202202794,D001003,5.0,mg
202203666,D001015,,
202204177,D001003,10.0,mg
202300233,D000155,,
202301235,D001060,60.0,mg
202301250,D001060,30.0,mg
202301280,D001060,30.0,mg
202301281,D001060,60.0,mg
202301340,D001060,60.0,mg
202301341,D001060,30.0,mg
202301348,D001060,60.0,mg
202301349,D001060,30.0,mg
202301435,D001060,60.0,mg
202301436,D001060,30.0,mg
202303221,D001003,5.0,mg
202303313,D001003,10.0,mg
202401812,D001019,,
202402753,D001019,,
202402754,D001019,,
202500673,D001003,5.0,mg
202500674,D001003,10.0,mg
202501346,D001019,,
202501539,D001003,10.0,mg
202501540,D001003,5.0,mg
202501934,D001003,5.0,mg
202502128,D001019,,
202502131,D001003,5.0,mg
202502132,D001003,10.0,mg
202502183,D001003,10.0,mg
202601037,D001060,15.0,mg
202601038,D001060,30.0,mg
202601039,D001060,60.0,mg
202601078,D001060,60.0,mg
202601537,D001060,15.0,mg
202601538,D001060,30.0,mg
202601539,D001060,60.0,mg
202601690,D001060,60.0,mg
202601731,D000157,1000.0,mg
202600160,D000290,,
202501935,D001003,10.0,mg
202502913,D001003,10.0,mg
202503025,D001003,10.0,mg
202503050,D001003,10.0,mg
202600292,D001003,10.0,mg
202600509,D001003,10.0,mg
202600510,D001003,5.0,mg
202500817,D001019,,
202600307,D001019,,
202600308,D001019,,
202600898,D001019,,
202601312,D001019,,
202601313,D001019,,
202107021,D000246,50.0,mg
202107302,D000246,100.0,mg
202107303,D000246,50.0,mg
202302896,D000246,100.0,mg
202400773,D000246,100.0,mg
202600490,D001060,30.0,mg
202600491,D001060,60.0,mg
202602003,D001060,60.0,mg
202602062,D001060,60.0,mg
202602154,D001060,60.0,mg
202602155,D001060,30.0,mg
202602156,D001060,15.0,mg
202602190,D001060,60.0,mg
202602205,D001060,30.0,mg
202602224,D001060,15.0,mg
202602226,D001060,30.0,mg
202602261,D001060,60.0,mg
202602329,D001060,60.0,mg
202602330,D001060,30.0,mg
202602364,D001060,15.0,mg
202602365,D001060,30.0,mg
202602418,D001060,30.0,mg
202602433,D001060,15.0,mg
202602434,D001060,30.0,mg
202602435,D001060,60.0,mg
202602483,D001060,30.0,mg
202602484,D001060,15.0,mg
202602498,D001060,60.0,mg
202602499,D001060,30.0,mg
202602504,D001060,60.0,mg
202602505,D001060,30.0,mg
202602539,D001060,60.0,mg
202602541,D001060,60.0,mg
202602542,D001060,30.0,mg
202602545,D001060,30.0,mg
202602547,D001060,60.0,mg
202602551,D001060,30.0,mg
202602552,D001060,15.0,mg
202602554,D001060,30.0,mg
199403297,D000177,,
199704612,D000177,,
199704636,D000177,,
199806858,D000177,,
199101439,D000480,,
199401120,D000480,600.0,mg
199704519,D000631,500.0,mg
199704520,D000631,,
199806568,D000633,,
199900184,D000447,,
199902633,D000447,,
199903215,D000631,500.0,mg
200002723,D000480,,
200307870,D000631,,
200400465,D000631,,
200008955,D000633,,
200201124,D000633,,
200300107,D000633,,
200300447,D000633,,
200300833,D000633,,
200401344,D000480,,
200401626,D000480,,
200402780,D000480,,
200404620,D000480,,
200301015,D000633,,
200301215,D000633,,
200301485,D000633,,
200301497,D000633,,
200401148,D000633,,
200501054,D000480,,
200503157,D000480,,
200600301,D000480,,
200604218,D000480,,
200401482,D000633,,
200404664,D000633,,
200502369,D000633,,
200606206,D000631,,
200800783,D000631,,
200807035,D000480,,
200811163,D000480,,
200902102,D000480,,
201001891,D000631,1200.0,mg
201201615,D000631,250.0,mg
200811429,D000633,,
201003170,D000633,,
201003171,D000633,,
201003172,D000633,,
201003228,D000633,,
201201616,D000631,500.0,mg
201206669,D000631,1.0,g
201401993,D000480,,
201005195,D000633,,
201005198,D000633,,
201005199,D000633,,
201005201,D000633,,
201501455,D001059,,
201005202,D000633,,
201005203,D000633,,
201005204,D000633,,
201005216,D000633,,
201005220,D000633,,
201504769,D001062,2.0,mg
201504770,D001062,4.0,mg
201504771,D001062,6.0,mg
201005232,D000633,,
201005237,D000633,,
201103809,D000633,,
201103816,D000633,,
201103864,D000633,,
201504772,D001062,8.0,mg
201504773,D001062,10.0,mg
201504774,D001062,12.0,mg
201302816,D000633,,
201303040,D000633,,
201309916,D000633,,
201310372,D000633,,
201404457,D000633,,
201506003,D001009,,
201506154,D001005,,
201405064,D000633,,
201405067,D000633,,
201405088,D000633,,
201405441,D000633,,
201405661,D000633,,
201506755,D001064,,
201506756,D001064,,
201406148,D000633,,
201500024,D000633,,
201500594,D000633,,
201501072,D000633,,
201501300,D000633,,
201507057,D001061,10.0,mg
201507059,D001061,4.0,mg
201507122,D001072,,
201607372,D000480,,
201501652,D000633,,
201501852,D000633,,
201502274,D001067,10.0,mg
201504893,D000633,,
201505894,D000633,,
201700040,D000480,,
201700864,D000480,,
201902614,D000447,,
201904495,D000480,,
201507015,D000633,,
201508518,D000633,,
201600249,D000633,,
201601028,D000633,,
201604292,D000633,,
201605451,D000633,,
201707278,D000633,,
201708077,D000633,,
201708363,D000633,,
201800968,D000633,,
202203956,D001064,300.0,mg
201801154,D000633,,
201802015,D000633,,
201803064,D000633,,
201803720,D000633,,
201804288,D000633,,
202401325,D000631,,
201900184,D000633,,
201900972,D000633,,
201901320,D000633,,
201901927,D000633,,
201902038,D000633,,
202401875,D001064,75.0,mg
200308509,D000177,,
201706491,D000177,,
201902448,D000633,,
201903318,D000633,,
201905376,D000633,,
201905681,D000633,,
201906105,D000633,,
201100954,D001068,,
201100957,D001068,,
201100958,D001068,,
201100959,D001068,,
201906472,D000633,,
201907433,D000633,,
201907463,D000633,,
201907884,D000633,,
202000876,D000633,,
201100960,D001068,,
201100961,D001068,,
201100964,D001068,,
201100965,D001068,,
202001024,D000633,,
201100968,D001068,,
201100969,D001068,,
201101016,D001068,,
201101017,D001068,,
201101296,D001068,,
201101297,D001068,,
201406021,D001068,,
201500098,D001068,,
201601252,D001068,,
202106887,D001068,,
202106888,D001068,,
202101417,D000480,,
202101699,D000480,,
202103052,D000480,,
202003159,D000633,,
202003817,D000633,,
202005607,D000633,,
202106493,D000633,,
202107430,D000480,,
199704622,D000092,,
201310406,D000092,,
201404495,D000092,,
201404496,D000092,,
196900130,D000092,,
201401526,D000092,,
201405776,D000092,,
201501586,D000092,,
201501949,D000092,,
201502995,D000092,,
201505485,D000092,,
201505486,D000092,,
202005079,D000092,,
196900131,D000092,,
202005580,D000092,,
197200376,D000092,,
198501820,D000092,,
199103287,D000092,,
199604977,D000092,,
199907284,D000092,,
201309204,D000092,,
202502560,D000092,,
202600066,D000092,,
197000215,D000092,,
197700537,D000092,,
202402033,D000092,,
201202411,D000878,5.0,mg
201202412,D000878,7.5,mg
197900277,D000573,,
199102271,D000573,,
199704367,D001318,,
200300335,D000388,300.0,mg
200300985,D000388,300.0,mg
200301505,D000388,,
200302485,D000388,300.0,mg
200400015,D000388,300.0,mg
200400105,D000388,,
200400175,D000388,300.0,mg
200400321,D000388,300.0,mg
200400479,D000388,600.0,mg
200400481,D000388,300.0,mg
200400519,D000388,300.0,mg
200401009,D000388,,
200401328,D000388,100.0,mg
200401738,D000388,,
200401772,D000388,,
200402135,D000388,,
200402136,D000388,,
200402138,D000388,800.0,mg
200402344,D000388,,
200402483,D000388,,
200410957,D000388,300.0,mg
200500128,D000388,,
200500215,D000388,300.0,mg
200500246,D000388,100.0,mg
200500252,D000388,400.0,mg
200500254,D000388,800.0,mg
200500386,D000388,,
200500389,D000388,,
200500426,D000388,100.0,mg
200500583,D000388,100.0,mg
200500657,D000388,,
200500909,D000388,300.0,mg
200501038,D000388,,
200501141,D000388,,
200501160,D000388,300.0,mg
200501265,D000388,300.0,mg
200501564,D000388,,
200501569,D000388,100.0,mg
200501879,D000388,600.0,mg
200502012,D000388,,
200502030,D000388,,
200502089,D000388,,
200502192,D000388,800.0,mg
200503066,D000388,,
200511064,D000388,100.0,mg
200511065,D000388,400.0,mg
200511066,D000388,300.0,mg
200512240,D000388,100.0,mg
200512242,D000388,100.0,mg
200512315,D000388,,
200604232,D000388,100.0,mg
200605253,D000388,600.0,mg
200606183,D000388,800.0,mg
200606294,D000388,600.0,mg
200608194,D000388,600.0,mg
200610627,D000573,,
200701335,D000388,,
200704957,D000891,10.0,mg
200708089,D000388,,
200805255,D000388,,
200905915,D001279,400.0,mg
200905916,D001279,200.0,mg
200905917,D001279,100.0,mg
201004324,D000388,,
201305040,D000388,100.0,mg
201307290,D000388,300.0,mg
201308752,D000388,300.0,mg
201402891,D000388,300.0,mg
201405723,D000388,,
201405764,D000388,300.0,mg
201405788,D000388,300.0,mg
201501950,D000388,,
201503869,D000388,100.0,mg
201503945,D000388,300.0,mg
201505159,D000388,300.0,mg
201505160,D000388,100.0,mg
201505781,D000388,100.0,mg
201506825,D000388,100.0,mg
201507611,D000388,300.0,mg
201507872,D000388,100.0,mg
201508005,D000388,100.0,mg
201508006,D000388,300.0,mg
201600780,D000388,100.0,mg
201601646,D000388,100.0,mg
201602303,D000388,300.0,mg
201602329,D000388,100.0,mg
201604529,D000388,100.0,mg
201800807,D000388,100.0,mg
201800837,D000388,100.0,mg
201800838,D000388,300.0,mg
201801625,D000388,100.0,mg
201801626,D000388,300.0,mg
201801845,D000388,100.0,mg
201801846,D000388,300.0,mg
201802837,D000388,300.0,mg
201803472,D000388,100.0,mg
201900240,D000388,300.0,mg
201900241,D000388,100.0,mg
201900773,D000388,100.0,mg
201900792,D000388,100.0,mg
201900842,D000388,300.0,mg
201900843,D000388,100.0,mg
201901101,D000388,100.0,mg
201901102,D000388,300.0,mg
201901590,D000388,300.0,mg
201901875,D000388,100.0,mg
201901876,D000388,300.0,mg
201901918,D000388,300.0,mg
201901919,D000388,100.0,mg
201902082,D000388,300.0,mg
201902083,D000388,100.0,mg
201902354,D000388,100.0,mg
201902355,D000388,300.0,mg
201903623,D000388,100.0,mg
201903624,D000388,300.0,mg
201905554,D000388,300.0,mg
201905555,D000388,100.0,mg
201906106,D000388,300.0,mg
201906362,D000388,100.0,mg
201906363,D000388,300.0,mg
201907224,D000388,100.0,mg
201907225,D000388,300.0,mg
201907284,D000388,300.0,mg
201907285,D000388,100.0,mg
201907289,D000388,100.0,mg
201907290,D000388,300.0,mg
202000423,D000388,400.0,mg
202000804,D000388,300.0,mg
202000805,D000388,100.0,mg
202001336,D000388,300.0,mg
202001434,D000388,100.0,mg
202001491,D000388,100.0,mg
202002076,D000388,300.0,mg
202002077,D000388,100.0,mg
202002687,D000388,100.0,mg
202002688,D000388,300.0,mg
202002758,D000388,100.0,mg
202003239,D000388,300.0,mg
202003240,D000388,100.0,mg
202003457,D000388,100.0,mg
202003992,D000388,300.0,mg
202003995,D000388,100.0,mg
202300954,D000388,600.0,mg
202300955,D000388,300.0,mg
200904275,D000356,5.0,mg
200904276,D000356,10.0,mg
201104436,D000356,2.5,mg
201104437,D000356,20.0,mg
201708261,D000356,40.0,mg
200410883,D001316,1.0,mg
200410884,D001316,2.0,mg
200410885,D001316,5.0,mg
201404503,D001316,5.0,mg
201404504,D001316,1.0,mg
201404505,D001316,2.0,mg
201404506,D001316,1.0,mg
201404507,D001316,2.0,mg
201404508,D001316,5.0,mg
201404509,D001316,2.0,mg
201404510,D001316,1.0,mg
201404511,D001316,5.0,mg
201504513,D001316,1.0,mg
201504514,D001316,2.0,mg
201504515,D001316,5.0,mg
201601428,D001316,2.0,mg
201601429,D001316,5.0,mg
201602477,D001316,5.0,mg
201605528,D001316,2.0,mg
201605529,D001316,1.0,mg
201605530,D001316,5.0,mg
201606511,D001316,5.0,mg
201606512,D001316,2.0,mg
201606513,D001316,1.0,mg
202006728,D001316,1.0,mg
199403314,D001317,,
201504505,D001317,,
200410460,D000557,,
200604139,D001319,,
200604152,D001319,,
200713752,D001319,50.0,mg
202002650,D001319,,
202400197,D001319,,
202500061,D001319,,
198601870,D001320,,
200109981,D001320,0.5,g
200308471,D001320,,
198902804,D000207,,
201402191,D000207,,
200704597,D000271,10.0,mg
196200032,D000265,100.0,mg
196400099,D000549,250.0,mg
196700060,D001324,400.0,mg
197000049,D000546,,
197400038,D001324,250.0,mg
197400039,D001324,400.0,mg
197800131,D000802,250.0,mg
197800132,D000802,500.0,mg
198000054,D000314,,
198200048,D000314,,
197300021,D000314,150.0,mg
198200049,D000314,,
199402351,D000802,,
199402370,D000802,500.0,mg
199500001,D000314,,
199500002,D000314,,
199502820,D000314,,
199502841,D000314,,
199502842,D000314,300.0,mg
199504322,D000314,,
199907321,D000615,150.0,mg
200108711,D000615,,
200109143,D001321,50.0,mg
200109144,D001321,70.0,mg
200308323,D000318,,
200308324,D000318,,
200400101,D001324,125.0,mg
200500430,D000318,10.0,mg
200500643,D000318,,
200500765,D000318,,
200500892,D000318,,
200500928,D000318,10.0,mg
200501165,D000318,10.0,mg
200501301,D000318,,
200501472,D000318,,
200501552,D000318,10.0,mg
200501860,D000318,,
200501885,D000318,10.0,mg
200502472,D000318,,
200600358,D000318,,
200600463,D000318,,
200600564,D000318,,
200605262,D001325,0.5,mg
200610730,D001322,50.0,mg
200612313,D000318,,
200710849,D000689,24.0,mg
200711475,D000405,,
200810508,D000689,8.0,mg
200810509,D000689,8.0,mg
200810687,D000615,100.0,mg
200904340,D000689,16.0,mg
200904349,D000689,8.0,mg
201001033,D000615,,
201003191,D000028,10.0,mg
201003206,D000028,10.0,mg
201006172,D000689,16.0,mg
201006173,D000689,24.0,mg
201007257,D000689,16.0,mg
201007258,D000689,24.0,mg
201206793,D000314,,
201306987,D000318,10.0,mg
201402784,D001273,10.0,mg
201403373,D000314,300.0,mg
201404518,D000318,10.0,mg
201405029,D001323,50.0,mg
201405063,D000318,,
201405370,D000318,10.0,mg
201500394,D000549,250.0,mg
201501639,D000318,10.0,mg
201503647,D000318,10.0,mg
201507906,D000318,10.0,mg
201600877,D000318,,
201601008,D000318,10.0,mg
201601050,D000318,10.0,mg
201603359,D000318,,
201603470,D000318,10.0,mg
201706583,D000318,5.0,mg
201706584,D000318,10.0,mg
201706674,D000318,10.0,mg
201706905,D000318,10.0,mg
201708084,D000318,,
201708542,D000318,5.0,mg
201708559,D000318,,
201800311,D000318,,
201800794,D000318,10.0,mg
201801384,D000318,,
201901526,D000318,,
201901527,D000318,,
201901764,D000318,10.0,mg
201902409,D000318,,
201902775,D000318,10.0,mg
201903153,D000318,10.0,mg
201903640,D000318,,
201903733,D000318,,
201903735,D000318,,
201904395,D000318,10.0,mg
201906092,D000318,,
201906361,D000318,,
201907050,D000318,10.0,mg
201908057,D001321,50.0,mg
201908058,D001321,70.0,mg
201908159,D000318,,
202000448,D000615,,
202000854,D000318,10.0,mg
202001388,D001321,70.0,mg
202001389,D001321,50.0,mg
202001720,D000318,10.0,mg
202001763,D000318,10.0,mg
202002024,D000318,,
202002148,D000318,,
202002221,D000318,10.0,mg
202002447,D000318,,
202002647,D000318,,
202003049,D000318,10.0,mg
202003112,D000318,,
202003712,D000318,5.0,mg
202003931,D000318,,
202004700,D000318,10.0,mg
202007459,D000318,10.0,mg
202007460,D000318,5.0,mg
202104931,D000689,24.0,mg
202104932,D000689,16.0,mg
202104933,D000689,8.0,mg
202107380,D000318,20.0,mg
202108007,D000318,10.0,mg
202200176,D000318,5.0,mg
202301957,D000318,20.0,mg
202401435,D000318,5.0,mg
202401543,D000318,20.0,mg
202500713,D000318,20.0,mg
202502817,D000318,5.0,mg
202000231,D000318,,
202001552,D000318,,
202302992,D000318,20.0,mg
202400461,D000318,20.0,mg
202400958,D000318,20.0,mg
202401043,D000318,20.0,mg
202401044,D000318,20.0,mg
202401445,D000318,20.0,mg
202401709,D000318,20.0,mg
202401820,D000318,20.0,mg
202500125,D000318,20.0,mg
202500201,D000318,5.0,mg
202500202,D000318,20.0,mg
202500214,D000318,5.0,mg
202500223,D000318,20.0,mg
202500256,D000318,5.0,mg
202500257,D000318,20.0,mg
202500258,D000318,20.0,mg
202500341,D000318,20.0,mg
202500349,D000318,20.0,mg
202500393,D000318,20.0,mg
202500399,D000318,20.0,mg
202500919,D000318,20.0,mg
202500939,D000318,20.0,mg
202502973,D000318,5.0,mg
202503062,D000318,5.0,mg
202503086,D000318,5.0,mg
202503175,D000318,5.0,mg
202503180,D000318,5.0,mg
202503192,D000318,5.0,mg
202503271,D000318,5.0,mg
202602319,D000318,5.0,mg
202500324,D001321,70.0,mg
202601138,D001321,50.0,mg
202601604,D001322,100.0,mg
202601812,D001322,50.0,mg
200906096,D000549,,
201504836,D000549,,
201505062,D000549,,
201505075,D000549,,
197000050,D000553,,
197800042,D001342,,
197900066,D000553,,
198000206,D000702,,
198200406,D000393,,
198401120,D001342,,
198501385,D001342,,
198600457,D000838,,
198600462,D000838,,
198700925,D000393,2.0,mg
198800175,D001345,,
198801018,D001332,,
198802489,D001383,,
198900521,D001342,,
198902239,D000393,,
199000985,D000702,,
199200935,D001345,,
199201877,D001332,,
199300103,D001338,,
199302799,D001331,,
199400670,D000838,,
199401454,D000393,2.0,mg
199504213,D001261,50.0,mg
199504332,D001345,,
199600225,D000393,,
199600616,D001345,,
199701200,D001332,,
199702367,D001342,,
199702376,D000393,,
199800042,D001344,750000.0,IU
199801024,D001339,,
199806573,D001261,20.0,mg
199903229,D000930,,
199904106,D001344,1500000.0,IU
199904107,D001344,750000.0,IU
199904108,D001344,250000.0,IU
199904133,D001345,,
200001632,D000838,,
200009201,D001379,500.0,mg
200102289,D000930,,
200102579,D000930,,
200200327,D000914,,
200201108,D000838,,
200203027,D000930,,
200209639,D001326,,
200209849,D001006,,
200300121,D001332,,
200300425,D000930,,
200300584,D000930,,
200300760,D000930,,
200300870,D000930,,
200301150,D000930,,
200308839,D000914,,
200402978,D000930,,
200603896,D001334,1.5,mg
200603898,D001341,,
200605263,D001325,1.0,mg
200606326,D000868,2.5,mg
200607771,D000448,,
200608108,D000868,2.5,mg
200608116,D000930,,
200608185,D000868,2.5,mg
200608243,D000868,2.5,mg
200608320,D000868,2.5,mg
200611114,D000930,,
200612551,D000930,,
200612728,D000930,,
200700055,D000930,,
200700459,D000930,,
200700963,D000930,,
200701049,D000930,,
200701200,D000930,,
200701202,D000930,,
200701203,D000930,,
200701204,D000930,,
200701251,D000930,,
200701284,D000930,,
200701642,D000930,,
200701876,D000930,,
200701934,D000930,,
200702033,D000930,,
200702084,D000930,,
200702089,D000930,,
200702100,D000930,,
200702153,D000930,,
200702187,D000930,,
200702260,D000930,,
200702263,D000930,,
200702389,D000930,,
200702391,D000930,,
200702887,D000930,,
200703542,D000930,,
200703715,D000930,,
200704949,D001380,500.0,mg
200711852,D000930,,
200712929,D000702,,
200802222,D000930,,
200802736,D001343,,
200802930,D000868,,
200803422,D000930,,
200803449,D000930,60.0,mg
200803701,D000868,2.5,mg
200809428,D000868,,
200811444,D001006,,
200900604,D000702,,
200901741,D001344,,
200902358,D001344,,
200906062,D001381,,
201001682,D000868,5.0,mg
201001727,D001283,25.0,mg
201001745,D000868,5.0,mg
201003010,D000930,,
201003156,D000868,2.5,mg
201004222,D000868,,
201100375,D000868,5.0,mg
201104378,D001343,,
201108203,D001336,,
201110295,D001336,,
201206336,D001348,200.0,mg
201206770,D000930,,
201206804,D001325,1.0,mg
201206805,D001325,0.5,mg
201206904,D001325,1.0,mg
201206905,D001325,0.5,mg
201207014,D001325,1.0,mg
201207015,D001325,0.5,mg
201207404,D001325,0.5,mg
201207405,D001325,1.0,mg
201207595,D001345,,
201208518,D000868,,
201208629,D001325,1.0,mg
201208630,D001325,0.5,mg
201210158,D001335,,
201301587,D001325,0.5,mg
201303030,D001345,,
201303032,D001345,,
201303033,D000868,2.5,mg
201303035,D001345,,
201305060,D000930,,
201306404,D001325,0.5,mg
201306425,D001325,1.0,mg
201307919,D000868,,
201308187,D001325,0.5,mg
201308188,D001325,1.0,mg
201308195,D001345,,
201308889,D001345,,
201309130,D000868,2.5,mg
201309423,D001325,1.0,mg
201309426,D001325,0.5,mg
201309451,D000930,,
201309484,D001345,,
201309536,D000930,,
201309553,D001345,,
201309566,D001345,,
201309603,D001284,,
201310620,D001325,0.5,mg
201310820,D000868,,
201310830,D001325,1.0,mg
201310913,D001325,0.5,mg
201400337,D000930,,
201400366,D001325,1.0,mg
201400367,D001325,0.5,mg
201400984,D000930,,
201401127,D001325,1.0,mg
201401239,D001325,0.5,mg
201401271,D001330,,
201401343,D001325,1.0,mg
201401344,D001325,0.5,mg
201402348,D000868,5.0,mg
201402435,D000930,,
201402690,D000930,,
201402828,D001325,1.0,mg
201402829,D001325,0.5,mg
201403512,D001325,0.5,mg
201403550,D001325,0.5,mg
201403650,D001325,,
201403747,D000930,,
201403870,D000930,,
201403953,D001325,0.5,mg
201403954,D001325,1.0,mg
201404042,D000868,2.5,mg
201404209,D001325,1.0,mg
201404238,D000868,,
201404377,D001325,0.5,mg
201404379,D001325,1.0,mg
201404432,D001325,0.5,mg
201404487,D000868,2.5,mg
201404557,D000702,400.0,mg
201404598,D000930,,
201405424,D001325,1.0,mg
201405425,D001325,0.5,mg
201405472,D001325,0.5,mg
201405972,D001332,,
201500083,D001325,0.5,mg
201500403,D001325,1.0,mg
201500404,D001325,0.5,mg
201500450,D000930,,
201500595,D001325,0.5,mg
201500596,D001325,1.0,mg
201500627,D001284,0.25,mg
201500628,D001284,1.0,mg
201501314,D000930,,
201501417,D000930,,
201501534,D001325,0.5,mg
201501535,D001325,1.0,mg
201501657,D001325,1.0,mg
201501658,D001325,0.5,mg
201501773,D001336,,
201502000,D001325,0.5,mg
201502568,D001325,0.5,mg
201502569,D001325,1.0,mg
201503331,D000868,5.0,mg
201508220,D001332,250.0,mg
201600941,D000930,,
201602122,D000930,,
201602545,D000930,,
201602662,D000930,,
201602736,D000930,,
201603114,D000868,2.5,mg
201603628,D000868,5.0,mg
201603676,D000868,,
201603947,D000868,,
201604247,D000868,2.5,mg
201604618,D001378,,
201605531,D000673,,
201606535,D000868,5.0,mg
201607128,D001378,180.0,mg
201607129,D001378,360.0,mg
201607130,D001378,90.0,mg
201700103,D001378,500.0,mg
201700355,D001332,,
201700814,D001332,500.0,mg
201701096,D001332,250.0,mg
201701479,D000868,,
201701547,D001378,125.0,mg
201701555,D001378,250.0,mg
201701835,D001378,1000.0,mg
201701836,D001378,500.0,mg
201701837,D001378,125.0,mg
201701838,D001378,250.0,mg
201703971,D001348,200.0,mg
201706176,D001378,125.0,mg
201706177,D001378,250.0,mg
201706178,D001378,500.0,mg
201706179,D001378,1000.0,mg
201706390,D001332,,
201706866,D001348,200.0,mg
201707096,D001332,250.0,mg
201707244,D000868,2.5,mg
201707248,D001332,500.0,mg
201707253,D001332,500.0,mg
201707637,D001332,250.0,mg
201707643,D001332,500.0,mg
201707886,D001332,,
201708091,D000930,,
201708126,D001332,500.0,mg
201708434,D001332,250.0,mg
201708627,D000868,,
201800048,D000868,2.5,mg
201800205,D001332,500.0,mg
201800318,D001284,0.5,mg
201800319,D001284,1.0,mg
201800320,D001284,0.25,mg
201803147,D001348,400.0,mg
201803148,D001348,600.0,mg
201804023,D001348,400.0,mg
201804024,D001348,600.0,mg
201900119,D000930,,
201900882,D000868,2.5,mg
201901798,D000868,5.0,mg
201901799,D000868,2.5,mg
201901878,D000930,,
201901891,D000868,5.0,mg
201901892,D000868,2.5,mg
201902089,D000868,2.5,mg
201902090,D000868,5.0,mg
201902364,D000868,5.0,mg
201902365,D000868,2.5,mg
201902613,D000868,,
201906356,D000868,5.0,mg
201906357,D000868,2.5,mg
201907581,D001332,250.0,mg
202000988,D001332,250.0,mg
202001033,D001332,250.0,mg
202001352,D001332,,
202001903,D001332,250.0,mg
202002100,D001332,250.0,mg
202002554,D000868,2.5,mg
202002555,D000868,5.0,mg
202002668,D001332,,
202003915,D000868,,
202102833,D000868,1.25,mg
202106213,D001332,500.0,mg
202106756,D001332,500.0,mg
202106994,D001332,500.0,mg
202107191,D001332,,
202200267,D001332,500.0,mg
202200358,D001348,200.0,mg
202200359,D001348,400.0,mg
202201762,D001336,,
202202489,D001336,,
202202691,D000868,5.0,mg
202202972,D001336,800.0,mg
202203027,D001336,,
202203099,D001336,,
202301687,D001336,,
202401166,D001336,,
202402409,D001336,400.0,mg
202402436,D001336,,
202402979,D001336,,
202601354,D000868,1.25,mg
202402655,D001325,0.5,mg
202302314,D000868,1.25,mg
202106118,D001332,500.0,mg
202106128,D001332,500.0,mg
202106419,D001332,500.0,mg
202106451,D001332,500.0,mg
202106587,D001332,500.0,mg
202106790,D001332,500.0,mg
202106932,D001332,500.0,mg
202107587,D001332,250.0,mg
202200177,D001332,500.0,mg
202200188,D001332,500.0,mg
202200251,D001332,500.0,mg
202400427,D001332,500.0,mg
202601822,D001332,500.0,mg
201006780,D001345,,
201800265,D001345,,
201502392,D001344,1500000.0,IU
202502617,D001347,25.0,mg
202204620,D001343,10.0,mg
202500905,D001336,,
197000017,D000565,150.0,mg
197400077,D000565,,
198300091,D001393,,
198300092,D001393,100.0,mg
199000383,D000151,,
199001232,D000151,,
199102547,D000565,,
199202475,D001383,25.0,mg
199300329,D001388,,
199300330,D001388,,
199300331,D001388,,
199401734,D000151,,
199502428,D001383,,
199600954,D000151,,
199602533,D001383,,
199603103,D001393,,
199603104,D001393,250.0,mg
199603114,D001383,,
199701392,D001383,50.0,mg
199702377,D001393,,
199702378,D001393,,
199806759,D000032,,
199907219,D001402,,
200001783,D000565,,
200005087,D000151,,
200100637,D000565,,
200102561,D000151,,
200108806,D000188,,
200109916,D000165,,
200109917,D000165,,
200109921,D000165,,
200300583,D001369,,
200201403,D001369,,
200301477,D000151,,
200400022,D001383,50.0,mg
200401293,D001369,,
200404255,D001383,,
200500237,D001383,,
200607039,D001393,,
200607516,D001385,,
200607687,D001395,,
200701911,D001402,,
200706875,D001402,,
200706908,D001383,,
200708882,D001402,,
200709183,D001402,,
200807145,D001369,,
200808307,D000151,,
201002060,D001282,25.0,mg
201002061,D001282,50.0,mg
201002434,D001383,,
201103637,D001387,,
201103810,D000565,,
201104206,D001383,,
201107849,D001383,,
201203772,D001389,,
201207009,D001383,,
201208462,D001383,,
201209301,D001402,,
201303039,D001383,,
201307373,D001295,,
201308450,D001383,50.0,mg
201309444,D001383,,
201309722,D001383,,
201310152,D001383,,
201400648,D000165,,
201400649,D000165,,
201403487,D001383,25.0,mg
201403785,D001392,,
201403786,D001391,,
201404519,D001383,50.0,mg
201405115,D001383,,
201405627,D001383,,
201406156,D001383,50.0,mg
201505850,D001369,,
201506539,D001402,,
201600303,D000165,,
201600304,D000165,,
201706864,D001386,,
201708641,D001396,,
201800300,D001383,50.0,mg
201800667,D001401,,
201801233,D001400,,
201801604,D001397,,
201804918,D001399,,
201805300,D001364,240.0,mg
201805301,D001364,480.0,mg
201805302,D001364,,
201902326,D001383,,
201902443,D001383,,
201903766,D001409,30.0,mg
201904369,D001383,,
201905329,D001383,,
201906307,D001404,120.0,mg
201906308,D001404,120.0,mg
201907373,D001383,50.0,mg
201908093,D001405,50.0,mg
201908094,D001405,25.0,mg
201908205,D001408,,
201908209,D001407,,
202000211,D001369,,
202001498,D001383,,
202003379,D001383,,
202007317,D000151,,
202008147,D000188,,
202008213,D000188,,
202008217,D000188,,
202008258,D000188,,
202008263,D000188,,
202008320,D000188,,
202008370,D001369,,
202008964,D000188,,
202100066,D000188,,
202104039,D000188,,
202104066,D001397,,
202201668,D001408,150.0,mg
202300820,D001282,25.0,mg
202300821,D001282,50.0,mg
202302308,D000151,,
202303132,D001408,,
202303133,D001408,,
202400068,D001389,6.0,mg
202400990,D000151,,
202400991,D000151,,
202402002,D000151,,
202502405,D001403,10.0,mg
202502406,D001403,25.0,mg
202502407,D001403,50.0,mg
202502408,D001403,100.0,mg
202502485,D001403,25.0,mg
202502486,D001403,10.0,mg
202502487,D001403,50.0,mg
202502488,D001403,100.0,mg
202502489,D001403,100.0,mg
202502490,D001403,50.0,mg
202502491,D001403,10.0,mg
202502492,D001403,25.0,mg
202502511,D001403,50.0,mg
202502512,D001403,10.0,mg
202502513,D001403,25.0,mg
202502514,D001403,100.0,mg
202502740,D001403,10.0,mg
202502746,D001403,25.0,mg
202502747,D001403,100.0,mg
202502766,D001403,10.0,mg
202502767,D001403,25.0,mg
202502768,D001403,50.0,mg
202502769,D001403,100.0,mg
202502884,D000151,,
202502931,D001403,75.0,mg
202600218,D000151,,
202600228,D000151,,
202600345,D000151,,
202600653,D000151,,
202600730,D000151,,
202600927,D000151,,
202601321,D000151,,
201600407,D001383,,
201603086,D001383,50.0,mg
201903410,D001383,,
201905428,D001383,50.0,mg
201906081,D001383,,
201906906,D001383,50.0,mg
201907194,D001383,50.0,mg
202002378,D001383,50.0,mg
201310155,D000151,,
202302307,D000151,,
202501947,D000151,,
202501948,D000151,,
202501950,D000151,,
202502063,D000151,,
202502605,D000151,,
202502644,D000151,,
202502645,D000151,,
202502753,D000151,,
202502754,D000151,,
202502982,D000151,,
202503096,D000151,,
202503126,D000151,,
202503211,D000151,,
202503212,D000151,,
202503237,D000151,,
202503409,D000151,,
202503410,D000151,,
202600003,D000151,,
202600004,D000151,,
202600029,D000151,,
202600460,D000151,,
202600559,D000151,,
202600800,D000151,,
202601141,D000151,,
202601238,D000151,,
202601279,D000151,,
202601285,D000151,,
202601296,D000151,,
202601342,D000151,,
202601606,D000151,,
202602064,D000151,,
202301717,D000175,,
202000493,D000188,,
202101801,D000188,,
202601442,D001282,50.0,mg
202601443,D001282,25.0,mg
202601904,D001282,75.0,mg
202006327,D001369,,
202601145,D001396,50.0,mg
202601146,D001396,28.0,mg
202502173,D001397,,
202502516,D001403,50.0,mg
202502517,D001403,100.0,mg
202502518,D001403,10.0,mg
202502519,D001403,25.0,mg
195800020,D001439,,
196900033,D000656,,
197000076,D001262,,
197500147,D000656,,
197600483,D001300,,
197700025,D001448,,
198100280,D000479,,
198100655,D000656,,
198200056,D000227,,
198300438,D001309,,
198300470,D001445,100.0,mg
198300730,D000479,,
198401223,D001422,,
198500473,D001309,,
198501428,D000227,,
198501456,D001434,10.0,mg
198600073,D001448,,
198600092,D001429,,
198600437,D000044,,
198601341,D001444,50.0,mg
198601372,D000227,,
198601399,D000227,,
198700788,D000479,,
198701585,D001434,,
198701594,D001434,,
198800154,D001452,,
198800245,D001434,10.0,mg
198800544,D000227,,
198900520,D000227,,
198900818,D001310,,
198902242,D001434,,
199001340,D001434,,
199001515,D000479,,
199100647,D001439,,
199100939,D001309,,
199101442,D001439,,
199101449,D001434,10.0,mg
199101450,D001434,5.0,mg
199201038,D001437,,
199201630,D001354,,
199201853,D000227,,
199202181,D000227,,
199203512,D001309,,
199300228,D001452,,
199301646,D000227,,
199302671,D001443,125.0,mg
199304286,D000380,,
199400517,D001437,,
199400569,D001434,10.0,mg
199400761,D001310,,
199400777,D001310,,
199400833,D001452,,
199400891,D001452,,
199401724,D000479,,
199401743,D001434,,
199403147,D001429,,
199403253,D000656,,
199500419,D001355,10.0,mg
199500420,D001355,20.0,mg
199500647,D001434,10.0,mg
199500959,D001438,,
199502223,D000242,,
199502666,D001438,,
199601855,D000479,,
199602834,D001434,,
199700124,D000380,,
199701228,D000380,,
199701407,D000380,,
199701885,D000380,,
199701912,D000380,,
199701917,D001438,,
199702399,D001429,,
199702412,D001434,10.0,mg
199703184,D000380,,
199703534,D001434,,
199800287,D000172,,
199800341,D000172,,
199800354,D000380,,
199800872,D000479,,
199801196,D000380,,
199801509,D000380,,
199801632,D001437,,
199802134,D000380,,
199802142,D000380,,
199802633,D000380,,
199802815,D000380,,
199806461,D000380,,
199806630,D001430,7.5,mg
199806631,D001430,2.0,mg
199900540,D000172,250.0,mg
199900666,D001310,,
199900790,D000380,,
199900830,D001310,,
199901100,D000380,,
199901119,D001310,,
199901322,D000227,200.0,mg
199902015,D000380,125.0,mg
199902449,D000470,,
199902693,D000380,,
199902723,D001310,,
199902754,D001309,,
199902852,D001310,,
199903120,D000227,,
199903188,D001439,,
199903668,D001310,,
199904761,D001434,,
199906877,D000470,8.0,mg
199906878,D000470,4.0,mg
199907218,D001308,,
200000452,D001434,,
200001628,D001310,,
200001859,D000380,,
200001880,D000380,,
200002761,D001438,,
200002886,D000470,,
200004871,D000227,,
200008732,D001450,5.0,mg
200100133,D001434,,
200100339,D001439,,
200100340,D001439,,
200100590,D000470,8.0,mg
200100713,D000380,,
200100779,D000380,125.0,mg
200101103,D000380,,
200101482,D000227,,
200101515,D000227,250.0,mg
200102268,D000380,,
200102644,D000380,,
200102846,D000380,,
200103035,D001432,,
200103740,D000172,100.0,mg
200108800,D000078,1.0,mg
200108802,D000078,,
200200479,D000470,,
200200851,D001310,,
200200854,D001309,,
200200963,D000470,,
200201038,D000479,,
200201126,D001293,,
200201131,D000479,,
200201367,D001310,,
200201459,D000470,,
200201704,D001310,,
200201710,D000380,,
200202174,D000470,8.0,mg
200202187,D001309,,
200202197,D001310,,
200202198,D000380,,
200202204,D001309,,
200202212,D000380,,
200209642,D000479,,
200300413,D000380,125.0,mg
200300419,D000470,4.0,mg
200300817,D000380,,
200300825,D000380,,
200301101,D000380,,
200301167,D000227,,
200301829,D000470,,
200301842,D001310,,
200301994,D000380,,
200302732,D000227,250.0,mg
200302733,D000227,500.0,mg
200303259,D000380,,
200307812,D000380,125.0,mg
200308641,D000172,100.0,mg
200308832,D000380,,
200400014,D001355,,
200400062,D001355,,
200400152,D001355,,
200400200,D001081,,
200400478,D001355,,
200400580,D001355,,
200400582,D000656,,
200400799,D001355,,
200400802,D000380,,
200401144,D000380,,
200401147,D001310,,
200401286,D001355,20.0,mg
200401370,D000380,,
200401589,D000380,,
200401720,D000380,,
200402114,D001355,20.0,mg
200402687,D000479,,
200402824,D000380,,
200403030,D000380,,
200403104,D001355,,
200403239,D001355,,
200403309,D000380,,
200403413,D000380,,
200403781,D001452,,
200404681,D000380,,
200404714,D001308,,
200404718,D001310,,
200404722,D000380,,
200404723,D001308,,
200410941,D001355,,
200500473,D001355,,
200500538,D000380,,
200501253,D001308,,
200501254,D001308,,
200501390,D001355,20.0,mg
200501540,D001308,,
200501563,D001308,,
200501614,D001308,,
200501794,D001355,,
200502218,D001355,,
200503139,D000380,,
200511001,D001449,500.0,mg
200511301,D000479,,
200512344,D000470,,
200512347,D001300,,
200600305,D001431,,
200605345,D000078,,
200606620,D001310,,
200606622,D000479,,
200607002,D000380,,
200700594,D001430,,
200703106,D001432,,
200704911,D000380,,
200706943,D000479,,
200710625,D000380,,
200711531,D001308,,
200711681,D001366,,
200712879,D000380,,
200802488,D001430,7.5,mg
200802489,D001430,2.0,mg
200803515,D000187,1.0,mg
200805150,D001439,,
200806414,D000380,,
200809318,D001430,7.5,mg
200809319,D001430,2.0,mg
200809696,D000470,8.0,mg
200811854,D000078,,
200901073,D001449,500.0,mg
200901079,D000470,,
200901738,D000380,,
200902710,D000044,,
200902986,D000380,,
200903044,D000242,15.0,mg
200907763,D001449,,
201001547,D001449,500.0,mg
201001711,D001449,500.0,mg
201001737,D000187,,
201003587,D000470,,
201003699,D000078,,
201004693,D001449,,
201004718,D001449,500.0,mg
201004926,D001430,7.5,mg
201100231,D001449,500.0,mg
201100698,D000470,,
201101800,D000078,,
201105516,D001444,,
201106366,D000187,,
201109302,D000078,,
201200678,D001449,500.0,mg
201201690,D001355,20.0,mg
201205255,D001449,500.0,mg
201206213,D000479,,
201206381,D001310,,
201206601,D001310,,
201206980,D001355,,
201207247,D000380,,
201209483,D001451,,
201300894,D000078,1.0,mg
201305372,D000479,,
201308717,D000380,,
201308921,D001355,,
201308923,D001449,500.0,mg
201309052,D001308,,
201309134,D000479,,
201309585,D000380,,
201309605,D001310,,
201310386,D001455,,
201310661,D001439,,
201400914,D000380,,
201401251,D001310,,
201401304,D000380,125.0,mg
201401372,D001449,,
201402707,D000380,,
201402836,D000479,,
201402976,D001434,,
201403285,D000479,,
201403580,D000380,,
201403999,D000479,,
201404590,D000380,,
201405794,D001308,,
201406045,D001310,,
201500080,D001455,,
201500112,D000479,,
201500358,D001448,,
201500520,D001310,,
201500625,D000380,,
201501593,D001449,,
201501740,D000380,,
201501794,D000380,,
201503196,D000711,5.0,mcg
201503760,D001455,,
201507376,D001310,,
201507461,D001310,,
201600502,D001310,,
201602512,D001449,,
201602547,D001449,,
201602970,D001308,,
201603638,D000380,,
201606252,D001430,2.0,mg
201606253,D001430,7.5,mg
201701292,D000380,,
201701480,D001430,7.5,mg
201705784,D001310,,
201706355,D000380,,
201706579,D001310,,
201706794,D001444,100.0,mg
201706848,D001308,,
201707213,D001310,,
201707572,D000711,,
201708545,D001366,,
201801339,D001366,,
201801340,D001366,,
201801427,D001366,,
201801428,D001366,,
201801559,D001366,,
201802133,D001366,,
201802685,D001366,,
201803943,D000380,,
201900025,D001413,,
201900325,D001366,,
201900799,D000380,,
201900900,D001366,,
201901480,D000380,125.0,mg
201901741,D001355,,
201901838,D001434,10.0,mg
201902057,D001434,10.0,mg
201902558,D000479,,
201902825,D001414,50.0,mg
201902826,D001414,100.0,mg
201902827,D001414,150.0,mg
201902828,D001414,200.0,mg
201903042,D000380,,
201903187,D001309,,
201903198,D000380,,
201903216,D000380,,
201903599,D001412,,
201905648,D000479,,
201905652,D001310,,
201907316,D001416,,
201907317,D001416,,
201907536,D001415,150.0,mg
201907537,D001415,100.0,mg
201907575,D001418,200.0,mg
201908051,D001421,20.0,mg
201908052,D001421,40.0,mg
201908134,D001310,,
201908255,D001434,10.0,mg
201908449,D000380,,
202000799,D001366,,
202001714,D000380,,
202003611,D000380,,
202004530,D000380,,
202005180,D001300,,
202005896,D001448,,
202007499,D000656,,
202007892,D001448,,
202300190,D001420,,
202300925,D001420,,
202300927,D001420,,
202300928,D001420,,
202300929,D001420,,
202302141,D000380,,
202402934,D000380,,
202500932,D000656,,
202501014,D000656,,
202501460,D000656,,
202600106,D000656,,
202600107,D000656,,
201402986,D001355,10.0,mg
201603582,D001355,,
201604598,D001355,10.0,mg
201708498,D001355,20.0,mg
201801829,D001355,,
201802565,D001355,,
201803081,D001355,20.0,mg
201902339,D001355,,
201904737,D001355,20.0,mg
201405417,D001309,,
200907324,D000380,,
201507213,D000380,,
201606245,D000380,,
201606811,D000380,,
201607094,D000380,,
201607164,D000380,,
201800782,D000380,,
201900926,D000380,,
201905864,D000380,,
201908270,D000380,,
202106370,D000380,,
202200638,D000380,,
202201492,D000380,,
202202597,D000380,,
202203820,D000380,,
202500523,D000380,,
202501824,D000380,,
202502569,D000380,,
202503374,D000380,,
202600002,D000380,,
202600177,D000380,,
202601346,D000380,250.0,mg
202601375,D000380,250.0,mg
202601499,D000380,250.0,mg
202602236,D000380,,
202401855,D000470,2.0,mg
201602732,D001366,,
201700895,D001366,,
202001989,D001366,,
200301884,D001300,,
201802514,D001432,25.0,mg
201104389,D000227,500.0,mg
201803077,D000227,,
201803230,D000227,750.0,mg
201803231,D000227,500.0,mg
202104961,D000656,,
202502791,D000656,,
202601846,D000656,,
202602202,D000656,,
202602203,D000656,,
201506765,D000044,,
202104004,D001439,,
201306863,D001443,125.0,mg
202502293,D001449,500.0,mg
202503297,D001449,500.0,mg
197900151,D000709,,
197900443,D000709,,
198300121,D000709,,
198800489,D000995,,
198800490,D000995,,
198802667,D000995,,
198900532,D001457,,
199000608,D001458,,
199000820,D000902,,
199100707,D000902,,
199102581,D000709,,
199201472,D000709,,
199202954,D000995,,
199301392,D000902,,
199302970,D000902,,
199500290,D000709,,
199504247,D000657,,
199504275,D000684,,
199600803,D000709,,
199602019,D000902,,
199603340,D000902,,
199604930,D001465,,
199600921,D000995,,
199701092,D000902,,
199702362,D000191,,
199702625,D000902,,
199702934,D000709,,
199703368,D000902,,
199800893,D000902,,
199801454,D000709,,
199803156,D000902,,
199803482,D000727,,
199804318,D000902,,
199806333,D001457,,
199806926,D000727,,
199900227,D000709,,
199902745,D000709,,
199903365,D001467,25.0,mg
200000224,D001471,,
200000259,D000995,,
200000947,D000902,,
200001369,D000709,,
200003108,D000709,,
200004646,D000902,,
200008565,D001275,50.0,mcg
200009199,D001456,300.0,mg
200100630,D000995,,
200100687,D000995,,
200102641,D000191,,
200103582,D001275,,
200109116,D001460,,
200109135,D000684,,
200109262,D000709,,
200109864,D000684,,
200109865,D000684,,
200200308,D000995,,
200200585,D000902,,
200201181,D001047,,
200202172,D000902,,
200210513,D001082,1.0,mg
200300450,D000902,,
200300464,D000709,,
200300469,D000709,,
200300752,D000902,,
200301063,D000902,,
200301115,D001047,,
200302110,D001275,,
200302303,D000902,,
200307797,D001462,,
200400699,D000995,,
200401223,D000709,,
200401237,D000709,,
200403301,D000727,500.0,mg
200500245,D001275,,
200500369,D001469,,
200500407,D001275,,
200500466,D000709,,
200500509,D000709,,
200501953,D001275,,
200501974,D000709,,
200501988,D001275,,
200502185,D001275,,
200502886,D000995,,
200502889,D001275,,
200703673,D001476,10.0,mg
200703674,D001476,5.0,mg
200704588,D001466,,
200704589,D001466,,
200705141,D000709,,
200705254,D000709,,
200709018,D000902,,
200710724,D000902,,
200712151,D000709,,
200712233,D000709,,
200713379,D001275,,
200707211,D000995,,
200805785,D000902,,
200806312,D000684,,
200807208,D001457,,
200809992,D000709,,
200810888,D000709,,
200902433,D000709,,
200906599,D001082,2.0,mg
200907021,D000709,,
201007673,D001274,,
201101902,D000191,,
201103760,D001472,,
201103761,D001472,,
201110251,D000727,250.0,mg
201200641,D000709,,
201201024,D000709,,
201206317,D001082,0.5,mg
201206834,D000709,,
201206967,D000709,,
201207317,D000995,,
201209552,D000727,,
201305017,D000709,,
201306498,D000995,,
201307603,D000995,,
201307905,D000902,,
201307948,D000995,,
201308124,D000709,,
201310922,D000995,,
201401402,D000902,,
201402058,D000995,,
201403025,D000995,,
201403051,D001476,10.0,mg
201403149,D000995,,
201403168,D000709,,
201403174,D000709,,
201403358,D000995,,
201403454,D000902,,
201403510,D000995,,
201404044,D000995,,
201404483,D001476,5.0,mg
201404925,D001476,10.0,mg
201405043,D001476,10.0,mg
201405075,D001476,10.0,mg
201405126,D000709,,
201405329,D001476,5.0,mg
201405464,D001476,5.0,mg
201405582,D001476,5.0,mg
201406013,D000995,,
201500109,D001476,5.0,mg
201500110,D001476,10.0,mg
201500232,D001476,5.0,mg
201500233,D001476,10.0,mg
201500293,D001476,10.0,mg
201500378,D000709,,
201500521,D001476,5.0,mg
201500522,D001476,10.0,mg
201500976,D001476,5.0,mg
201500977,D001476,10.0,mg
201501302,D001476,5.0,mg
201501307,D001476,10.0,mg
201501327,D001476,5.0,mg
201501328,D001476,10.0,mg
201501472,D001476,5.0,mg
201501473,D001476,10.0,mg
201501474,D001476,5.0,mg
201501475,D001476,10.0,mg
201501702,D001476,5.0,mg
201501854,D001476,5.0,mg
201502203,D001476,10.0,mg
201502269,D001476,10.0,mg
201502270,D001476,5.0,mg
201502296,D000995,,
201502457,D001476,5.0,mg
201502574,D001476,5.0,mg
201502575,D001476,10.0,mg
201502608,D001476,5.0,mg
201502609,D001476,10.0,mg
201502630,D000709,,
201502680,D000995,,
201502742,D001476,5.0,mg
201502763,D001476,5.0,mg
201503515,D001476,5.0,mg
201503516,D001476,10.0,mg
201504173,D000709,,
201504249,D001476,10.0,mg
201504695,D000995,,
201504731,D000995,,
201504859,D001476,5.0,mg
201505092,D001476,5.0,mg
201505093,D001476,10.0,mg
201505171,D001475,,
201505216,D000902,,
201601067,D001476,5.0,mg
201601068,D001476,10.0,mg
201601260,D000709,,
201601303,D000709,,
201601837,D001476,10.0,mg
201601838,D001476,5.0,mg
201602386,D000709,,
201602456,D000709,,
201602975,D001463,,
201603000,D001455,,
201603454,D001476,10.0,mg
201603455,D001476,5.0,mg
201603491,D001476,10.0,mg
201603492,D001476,5.0,mg
201603498,D001476,10.0,mg
201603499,D001476,5.0,mg
201604008,D001476,5.0,mg
201604103,D001476,5.0,mg
201604104,D001476,10.0,mg
201604147,D001476,5.0,mg
201604252,D001464,,
201604253,D001464,,
201604378,D001476,5.0,mg
201604581,D001476,9.96,mg
201604582,D001476,4.98,mg
201604822,D001476,10.0,mg
201604823,D001476,10.0,mg
201605449,D001476,10.0,mg
201605549,D000709,,
201605978,D001476,5.0,mg
201605990,D001455,,
201700291,D001455,,
201700452,D001476,5.33,mg
201700453,D001476,10.66,mg
201700621,D001476,10.0,mg
201700622,D001476,5.0,mg
201700908,D000709,,
201701288,D001476,10.0,mg
201701289,D001476,5.0,mg
201701329,D000995,,
201701362,D001476,10.0,mg
201701363,D001476,5.0,mg
201701410,D001476,10.0,mg
201701411,D001476,5.0,mg
201701572,D001476,5.0,mg
201702068,D001476,5.0,mg
201702069,D001476,10.0,mg
201702071,D001476,10.0,mg
201702072,D001476,5.0,mg
201702150,D001476,5.0,mg
201702196,D000995,,
201702197,D000995,,
201702201,D001476,5.0,mg
201702204,D001476,10.0,mg
201704778,D001463,,
201704822,D001476,5.0,mg
201705755,D001476,5.0,mg
201705756,D001476,10.0,mg
201705761,D001476,10.0,mg
201705762,D001476,5.0,mg
201706574,D001476,10.0,mg
201706575,D001476,5.0,mg
201707325,D001476,10.0,mg
201707326,D001476,5.0,mg
201707502,D000995,,
201708384,D001275,,
201800529,D000995,,
201800530,D001476,10.0,mg
201800531,D001476,5.0,mg
201800681,D000709,,
201800709,D000709,,
201801686,D000709,,
201802956,D001468,,
201803186,D001082,2.0,mg
201803532,D001275,,
201803991,D000995,,
201804962,D000902,,
201805186,D000995,,
201900049,D000995,,
201901120,D000902,,
201901225,D001476,10.0,mg
201901226,D001476,5.0,mg
201901375,D000709,,
201902069,D001476,10.0,mg
201902070,D001476,5.0,mg
201903780,D000995,,
201904333,D000995,,
201904494,D000709,,
201904571,D001082,1.0,mg
201904620,D001476,5.0,mg
201904621,D001476,10.0,mg
201905265,D000709,,
201905372,D000709,,
201905671,D001455,,
201906854,D000709,,
201908217,D000709,,
202000203,D001455,,
202000204,D001455,,
202000290,D001476,5.0,mg
202000291,D001476,10.0,mg
202000918,D001082,0.5,mg
202001227,D001476,5.0,mg
202001228,D001476,10.0,mg
202001997,D001476,5.0,mg
202001998,D001476,10.0,mg
202002491,D000995,,
202004236,D001455,,
202004657,D001275,,
202004912,D000709,,
202006338,D000709,,
202006506,D001455,,
202102247,D001455,,
202104572,D001455,,
202104584,D001455,,
202105230,D001455,,
202200626,D001455,,
202105225,D001455,,
202107200,D001455,,
202300501,D001455,,
202302793,D001455,,
202302967,D001455,,
202303303,D000709,,
202400165,D001455,,
202401521,D001463,,
202401533,D001475,,
202402442,D001275,,
202403033,D001275,,
202403034,D001275,,
202403035,D001275,,
202500353,D001455,,
202500753,D001455,,
202502260,D001457,,
202502453,D001455,,
201900955,D001455,,
202005784,D001455,,
202008174,D001455,,
202203465,D001455,,
202400591,D001455,,
202203926,D001455,,
202402821,D001455,,
202402879,D001455,,
202500171,D001455,,
202501980,D001455,,
202502960,D001455,,
202601367,D001457,5.0,mg
201403552,D001458,,
201007716,D000191,,
202303178,D000995,,
201310911,D000902,,
202500476,D000902,,
202503335,D001463,,
202601014,D001047,,
202601082,D001047,,
200802919,D000709,,
200905328,D000709,,
200908303,D000709,,
201308292,D000709,,
201308592,D000709,,
201403428,D000709,,
201500277,D000709,,
201504677,D000709,,
201507456,D000709,,
201508123,D000709,,
201601253,D000709,,
201602457,D000709,,
201605134,D000709,,
201605534,D000709,,
201606055,D000709,,
201706797,D000709,,
201707501,D000709,,
201802445,D000709,,
201803752,D000709,,
201803840,D000709,,
201804582,D000709,,
201902587,D000709,,
201903218,D000709,,
202004278,D000709,,
202007038,D000709,,
202007057,D000709,,
202007740,D000709,,
202103219,D000709,,
202103772,D000709,,
202104006,D000709,,
202104007,D000709,,
202300991,D000709,,
202401025,D000709,,
202503365,D000709,,
201505064,D001469,,
201607222,D001469,,
201501770,D001476,10.0,mg
201502378,D001476,5.0,mg
202001940,D001476,5.0,mg
202001941,D001476,10.0,mg
197300075,D001503,,
197400031,D001480,,
197400416,D001483,,
197500187,D001477,,
197600142,D001477,,
197600412,D001496,,
197800212,D001496,,
198400816,D001496,,
198500172,D001058,,
198500673,D001505,,
198500893,D001058,,
198601389,D001496,,
198701479,D001058,,
199000939,D001058,,
199401952,D001482,,
199500819,D001482,,
199501565,D001486,,
199600919,D001506,,
199603311,D001503,,
199700636,D001733,,
199701470,D001505,50.0,mg
199800450,D001489,150.0,mg
199800865,D001480,,
199801649,D001489,150.0,mg
199802084,D001489,150.0,mg
199804361,D001489,,
199806728,D001494,0.3,mg
199900151,D001489,150.0,mg
199901519,D001058,,
199902753,D001479,,
199904739,D001489,,
199907135,D001494,0.1,mg
200001712,D001496,,
200002729,D001489,,
200005100,D001489,,
200100142,D001489,150.0,mg
200101018,D001489,150.0,mg
200101150,D001489,150.0,mg
200101407,D001489,,
200101438,D001489,300.0,mg
200102013,D001058,,
200102170,D001489,150.0,mg
200102568,D001489,,
200102998,D001489,150.0,mg
200200502,D001489,,
200201084,D001489,150.0,mg
200201865,D001489,150.0,mg
200202832,D001489,,
200300408,D001489,,
200301216,D001489,,
200302728,D001489,,
200307875,D001731,,
200401786,D001489,,
200402393,D001489,150.0,mg
200404751,D001489,150.0,mg
200500130,D001507,,
200501559,D001489,,
200501870,D001500,,
200604302,D001496,,
200607938,D001509,30.0,mg
200610725,D001492,80.0,mg
200610726,D001492,125.0,mg
200700632,D001487,2.0,mg
200700633,D001487,4.0,mg
200800685,D001727,,
200809148,D001058,,
200902331,D001617,,
200903988,D001477,,
200905677,D001483,,
201005551,D001479,,
201005882,D001294,6.0,mg
201104377,D001493,150.0,mg
201107540,D001494,0.3,mg
201110023,D001494,0.1,mg
201110058,D001494,,
201110137,D001494,,
201110138,D001496,,
201112300,D001494,0.3,mg
201205269,D001494,0.1,mg
201208461,D001489,,
201306534,D001487,2.0,mg
201307888,D001487,2.0,mg
201310400,D001487,,
201400450,D001489,150.0,mg
201400753,D001494,0.3,mg
201400834,D001489,150.0,mg
201401403,D001487,2.0,mg
201401491,D001487,4.0,mg
201402024,D001489,150.0,mg
201402439,D001487,2.0,mg
201402877,D001487,,
201403124,D001489,150.0,mg
201403466,D001487,2.0,mg
201403467,D001487,4.0,mg
201403515,D001487,4.0,mg
201403730,D001487,2.0,mg
201404327,D001489,,
201404888,D001496,,
201500446,D001487,,
201502541,D001489,150.0,mg
201504732,D001489,150.0,mg
201505077,D001731,,
201506840,D001489,150.0,mg
201507140,D001733,,
201603048,D001489,150.0,mg
201603586,D001489,150.0,mg
201705042,D000377,25.0,mg
201705043,D000377,12.5,mg
201705044,D000377,12.5,mg
201705815,D001294,6.0,mg
201903815,D001488,10.0,mg
201905956,D000377,12.5,mg
201905957,D000377,12.5,mg
201905958,D000377,25.0,mg
201907189,D001496,,
201908617,D001487,2.0,mg
201908618,D001487,4.0,mg
202000040,D001494,0.3,mg
202003046,D001476,5.0,mg
202003047,D001476,10.0,mg
202003532,D001476,5.0,mg
202100467,D001694,80.0,mg
202100551,D001494,,
202101149,D001649,,
202103414,D001737,,
202103823,D001704,50.0,mg
202105576,D001741,,
202105577,D001741,,
202106591,D001740,,
202107016,D001699,,
202107593,D001644,50.0,mg
202107594,D001644,200.0,mg
202107595,D001644,100.0,mg
202107705,D001724,40.0,mg
202107707,D001736,5.0,mg
202107708,D001736,2.5,mg
202107709,D001736,10.0,mg
202107800,D000694,,
202200533,D001748,30.0,mg
202200534,D001748,,
202201295,D001755,200.0,mg
202201296,D001755,100.0,mg
202201718,D001700,,
202201862,D001757,75.0,mg
202201863,D001757,25.0,mg
202201869,D000694,0.075,mg
202201737,D001759,,
202201785,D001759,,
202202296,D000377,12.5,mg
202202297,D000377,12.5,mg
202203172,D001758,,
202203562,D000739,,
202203608,D001713,100.0,mg
202203632,D000739,,
202203633,D000739,,
202203634,D000739,,
202203690,D000739,,
202203691,D000739,,
202203938,D001494,,
202203951,D001756,50.0,mg
202204015,D001494,,
202204160,D001744,1.0,mg
202204161,D001744,2.0,mg
202204162,D001744,4.0,mg
202204498,D001716,,
202301384,D001759,,
202301412,D000377,6.25,mg
202302073,D001733,,
202302242,D001733,,
202302442,D001494,,
202301385,D001759,,
202301386,D001759,,
202302816,D000146,500.0,mg
202302817,D000146,500.0,mg
202302826,D001733,,
202301387,D001759,,
202302398,D000138,,
202302850,D001494,0.3,mg
202303453,D001701,100.0,mg
202400316,D000146,2.5,mg
202400443,D001494,0.3,mg
202400975,D000377,12.5,mg
202400976,D000377,25.0,mg
202401365,D001494,,
202500750,D001494,,
202501066,D001494,,
202501338,D001494,0.3,mg
202501344,D000377,4.17,mg
202502086,D001756,50.0,mg
202502789,D000377,25.0,mg
202503053,D000377,12.5,mg
202503054,D000377,12.5,mg
202503162,D000377,25.0,mg
202600962,D001494,,
202600980,D001494,,
202000597,D001482,,
201803041,D001487,2.0,mg
201803093,D001487,4.0,mg
201900829,D001487,4.0,mg
201900830,D001487,2.0,mg
201708489,D001494,0.3,mg
202106796,D001494,0.3,mg
202401863,D001494,,
202403036,D001494,,
202500211,D001494,,
202500231,D001494,,
202500260,D001494,,
202501021,D001494,,
202501061,D001494,,
202600492,D001494,,
202601290,D001494,,
202602138,D001494,,
202500070,D001496,,
201505868,D001508,,
202004777,D001733,,
202005276,D001733,,
202200222,D001733,,
202401986,D001733,,
202402700,D001733,,
202402957,D001733,,
202500570,D001733,,
202501208,D001733,,
202501836,D001733,,
202502090,D001733,,
202100162,D001734,50.0,mg
202103430,D001734,50.0,mg
202106240,D001734,20.0,mg
202202754,D001734,20.0,mg
202101922,D001735,,
202303213,D001735,300.0,mg
202102429,D001742,,
202601086,D001742,,
202302379,D000138,,
202302394,D000138,,
202302395,D000138,,
202302396,D000138,,
202503051,D000377,25.0,mg
202503092,D000377,12.5,mg
202503093,D000377,12.5,mg
202302397,D000138,,
202302399,D000138,,
202302400,D000138,,
202302401,D000138,,
202302402,D000138,,
202503277,D000377,25.0,mg
202503292,D000377,12.5,mg
202503293,D000377,12.5,mg
202600185,D000377,25.0,mg
202302403,D000138,,
202302404,D000138,,
202302405,D000138,,
202302406,D000138,,
202302407,D000138,,
202600186,D000377,12.5,mg
202600187,D000377,12.5,mg
196800036,D000493,,
202302408,D000138,,
202302409,D000138,,
202302410,D000138,,
202302411,D000138,,
202302412,D000138,,
196900058,D001315,,
197000073,D001098,,
198500392,D001098,,
198801091,D001098,,
199301093,D001098,,
199902416,D001098,,
200001493,D001098,,
200002975,D001098,,
200003154,D001098,,
200004264,D001098,,
200004479,D001098,,
200100673,D001098,,
200101554,D001098,,
200201781,D001098,,
200301808,D001098,,
200403642,D001098,,
200710427,D000493,,
200806462,D001098,,
200806776,D001098,,
200906281,D001098,,
201003954,D001098,,
201102618,D000493,,
201103677,D001098,,
201103782,D000493,,
201104267,D000493,,
201104519,D001098,,
201105150,D000493,,
201204330,D000493,,
201205838,D000493,,
201300035,D001098,,
201306861,D000493,,
201309853,D001098,,
201400293,D000493,,
201400325,D000493,,
201502443,D000493,,
201503843,D000493,,
201503856,D000493,,
201504052,D000493,,
201507636,D001315,,
201505745,D000493,,
201604711,D001098,,
201605439,D001098,,
201700138,D000493,,
201700500,D001098,,
201705220,D001098,,
201705258,D000493,,
201707524,D000493,,
201708197,D001098,,
201800286,D001098,,
201801926,D000493,,
201802672,D000493,,
201802695,D000493,,
201803065,D000493,,
201804692,D000493,,
201900312,D001315,,
201900743,D000493,,
201901490,D001098,,
201902527,D000493,,
201902788,D000493,,
201903798,D001098,,
201904798,D001098,,
202100758,D001098,,
202102171,D000493,,
202102875,D001098,,
202200854,D001703,80.0,mg
202201615,D000493,,
202203017,D000493,,
202203176,D000493,,
202204088,D001098,,
202204271,D001098,,
202300008,D001098,,
202300244,D001693,100.0,mg
202300245,D001693,400.0,mg
202300246,D001693,500.0,mg
202300315,D001795,,
202300449,D001787,,
202300668,D000493,,
202300675,D001783,0.92,mg
202300676,D001783,0.23,mg
202300884,D001764,300.0,mg
202300885,D001764,150.0,mg
202301007,D000493,,
202301087,D000493,,
202301193,D000493,,
202301491,D000493,,
202301611,D000493,,
202301925,D001794,,
202302142,D001796,,
202302166,D001650,,
202302331,D001788,6.0,mg
202302374,D001789,,
202302602,D001790,150.0,mg
202302949,D000493,,
202302990,D000493,,
202303148,D001792,1.0,mg
202303149,D001792,2.0,mg
202303150,D001786,10.0,mg
202303151,D001786,60.0,mg
202303165,D001793,,
202303204,D001763,120.0,mg
202303205,D001763,80.0,mg
202303206,D001763,60.0,mg
202303207,D001763,20.0,mg
202303208,D001763,40.0,mg
202303399,D001791,,
202303400,D001791,,
202401829,D001098,,
202402400,D000493,,
202402955,D001098,,
202501457,D001787,,
202501496,D001098,,
202501579,D000493,,
202502618,D000493,,
202502690,D000493,,
202502790,D000493,,
202602195,D000493,,
202303306,D001766,,
202303335,D001784,150.0,mg
202303336,D001784,50.0,mg
201309204,D001315,,
202005018,D001315,,
196900130,D001315,,
201310406,D001315,,
201401526,D001315,,
201404495,D001315,,
201404496,D001315,,
201405776,D001315,,
201501586,D001315,,
201501949,D001315,,
201502995,D001315,,
201505485,D001315,,
201505486,D001315,,
202005079,D001315,,
202005580,D001315,,
202503178,D001098,,
202601136,D001098,,
202402662,D001098,,
201603651,D000493,,
202501327,D000493,30.0,mL
202503044,D000493,,
202601383,D000493,,
202601814,D000493,,
202602279,D000493,,
202601927,D000493,,
202601992,D000493,,
202602239,D000493,,
202602255,D000493,,
202600145,D000493,,
202601661,D000493,,
198900672,D000493,,
199000256,D000493,,
200003488,D000493,,
200202342,D000493,,
200301913,D000493,,
200700547,D000493,,
200806191,D000493,,
201007341,D000493,,
201204389,D000493,,
201206361,D000493,,
201300036,D000493,,
201306862,D000493,,
201501446,D000493,,
201502442,D000493,,
201503959,D000493,,
201600358,D000493,,
201603301,D000493,,
201507772,D000493,,
201604720,D000493,,
201700124,D000493,,
201700139,D000493,,
201700501,D000493,,
201705257,D000493,,
201706578,D000493,,
201706677,D000493,,
201708198,D000493,,
201801917,D000493,,
201802397,D000493,,
201802694,D000493,,
201803067,D000493,,
201804157,D000493,,
201900744,D000493,,
201901873,D000493,,
201902137,D000493,,
201902261,D000493,,
201902787,D000493,,
201903800,D000493,,
201907014,D000493,,
202000043,D000493,,
202001098,D000493,,
202003344,D000493,,
202004238,D000493,,
202007739,D000493,,
202008429,D000493,,
202008963,D000493,,
202102200,D000493,,
202102731,D000493,,
202106150,D000493,,
202107058,D000493,,
202107060,D000493,,
202202836,D000493,,
202203177,D000493,,
202203772,D000493,,
202203789,D000493,,
202204075,D000493,,
202204652,D000493,,
202204653,D000493,,
202300071,D000493,,
202300295,D000493,,
202300907,D000493,,
202300909,D000493,,
202300976,D000493,,
202301613,D000493,,
202302127,D000493,,
202302925,D000493,,
202302948,D000493,,
202303049,D000493,,
202303193,D000493,,
202302998,D000493,,
202303219,D000493,,
202400486,D000493,,
202400877,D000493,,
202401420,D000493,,
202401835,D000493,,
202402023,D000493,,
202402040,D000493,,
202402410,D000493,,
202402956,D000493,,
202403031,D000493,,
202403109,D000493,,
202500567,D000493,,
202500588,D000493,,
202500980,D000493,,
202501118,D000493,,
202501561,D000493,,
202502688,D000493,,
202602197,D000493,,
202602216,D000493,,
202602507,D000493,,
202503012,D000493,,
202503379,D000493,,
202600634,D000493,,
202601126,D000493,,
202601162,D000493,,
202601190,D000493,,
202601786,D000493,,
202601925,D000493,,
198600458,D001815,,
198900700,D001815,,
199100989,D001815,,
199500820,D001815,,
199504281,D001847,,
199504282,D001847,,
199504285,D001847,,
199504286,D001847,,
199702005,D000764,,
199702793,D000493,,
199900834,D001108,,
200000907,D000493,,
200001147,D001815,,
200008930,D001845,,
200009088,D001843,,
200102113,D000493,,
200103348,D001770,,
200108965,D001848,,
200109871,D001844,,
200209861,D001847,,
200209862,D001847,,
200209863,D001847,,
200209864,D001847,,
200209865,D001847,,
200209866,D001847,,
200209871,D001847,,
200209872,D001847,,
200209873,D001847,,
200209874,D001847,,
200209875,D001847,,
200209876,D001847,,
200502854,D001770,,
200604321,D001800,,
200900260,D001847,,
200607841,D000709,,
200806190,D000493,,
200900261,D001847,,
200902909,D000493,,
200908761,D001844,,
201003989,D000493,,
201103683,D000493,,
201109442,D000493,,
201206362,D000493,,
201305833,D000709,,
201309579,D000493,,
201503969,D000493,,
201501920,D000709,,
201507422,D000709,,
201600951,D001847,,
201600993,D000493,,
201601927,D001813,,
201606826,D000709,,
201704734,D001813,,
201705245,D000493,,
201705734,D000709,,
201707159,D001813,,
201800352,D000709,,
201801272,D001815,,
201804671,D001813,,
201900977,D000493,,
201901128,D000709,,
201901721,D001813,,
201904220,D000709,,
201905494,D001815,,
201908207,D001813,,
202002514,D000709,,
202007099,D001813,,
202007707,D001813,,
202007900,D001813,,
202102944,D001815,,
202105006,D000493,,
202105598,D001839,20.0,mg
202106247,D000709,,
202107846,D000493,,
202202837,D000493,,
202203168,D001813,,
202204622,D000493,,
202204655,D001828,200.0,mg
202301638,D000493,,
202302160,D001813,,
202302807,D000709,,
202400198,D001814,,
202400274,D000493,,
202400297,D001833,100.0,mg
202400298,D001833,100.0,mg
202400299,D001833,20.0,mg
202401035,D001827,200.0,mg
202401036,D001827,160.0,mg
202401037,D001834,,
202401208,D000709,,
202401277,D001830,,
202401314,D000493,,
202401345,D001838,,
202401494,D001835,,
202401585,D001840,2.0,mg
202401586,D001840,40.0,mg
202401707,D000493,,
202402086,D001831,,
202402092,D000493,,
202402198,D000493,,
202402279,D001841,100.0,mg
202402300,D001836,50.0,mg
202402776,D001837,20.0,mg
202402947,D001822,,
202403030,D000493,,
202501031,D000493,,
202501250,D000493,,
202403071,D001842,,
202501616,D000493,,
202501659,D000493,,
202200943,D000493,,
201706150,D000493,,
202102406,D000493,,
202601433,D000493,,
202301098,D000709,,
202402922,D001814,,
202501064,D001814,,
202501108,D001814,,
202501930,D001814,,
202502008,D001814,,
202502184,D001814,,
202600824,D001814,,
202106477,D001815,,
202402013,D001813,,
202502279,D001813,,
202503404,D001813,,
202600875,D001813,,
202600933,D001813,,
202600938,D001813,,
202601603,D001813,,
202401888,D001832,250.0,mg
202600619,D001841,300.0,mg
202600330,D001843,,
199403261,D000025,,
200000927,D000647,,
200307641,D000641,,
200501459,D000647,,
200502691,D000648,,
200502694,D000648,,
200700952,D000641,,
201100382,D000641,,
201209003,D000641,,
201404881,D000641,,
201906293,D000479,,
202006646,D000641,,
202100451,D000641,,
202502329,D000641,,
202600005,D000641,,
202600549,D000641,,
202600897,D000641,,
201201273,D000648,500.0,mg
197900411,D000089,,
198601284,D000296,,
198701478,D000296,,
198802479,D000296,,
198900711,D000296,,
199102275,D000296,,
199702005,D000576,,
200003011,D000089,,
200008922,D000598,,
200701823,D000638,75.0,mg
200701826,D000638,75.0,mg
200701830,D000638,75.0,mg
200701831,D000638,,
200809447,D000638,37.5,mg
200809448,D000638,37.5,mg
200809450,D000638,37.5,mg
200809452,D000638,37.5,mg
201006372,D000395,600.0,mg
201802719,D000610,0.5,mg
201802793,D000610,,
201802794,D000610,0.5,mg
201802795,D000610,,
201802826,D000610,0.5,mg
201802827,D000610,0.5,mg
201802838,D000610,0.5,mg
201802839,D000610,0.5,mg
201802873,D000610,0.5,mg
201802875,D000610,0.5,mg
201802931,D000610,0.5,mg
201802932,D000610,0.5,mg
201802933,D000610,0.5,mg
201803153,D000610,,
201803731,D000610,0.5,mg
201804318,D000610,0.5,mg
201901097,D000610,0.5,mg
201903628,D000610,0.5,mg
201904318,D000610,,
201905771,D000610,0.5,mg
201905934,D000610,0.5,mg
201906325,D000610,0.5,mg
201906842,D000610,0.5,mg
201907286,D000610,0.5,mg
201907460,D000610,0.5,mg
201907491,D000610,0.5,mg
201907785,D000610,0.5,mg
201908004,D000610,0.5,mg
201908233,D000610,0.5,mg
202000271,D000610,0.5,mg
202000571,D000610,,
202002131,D000610,0.5,mg
202002957,D000610,0.5,mg
202003666,D000610,0.5,mg
202003741,D000610,0.5,mg
202003882,D000610,0.5,mg
202005608,D000610,0.5,mg
202302168,D000610,0.5,mg
202502557,D000610,0.5,mg
202503311,D000610,0.5,mg
202600843,D000610,,
202601413,D000610,0.5,mg
200410825,D000505,,
200604143,D000505,,
200604151,D000505,,
200604161,D000505,,
200605325,D000505,,
200610879,D000505,,
201602990,D000505,,
201908596,D000505,25.0,mg
202006161,D000505,,
199907257,D000177,,
200210719,D000177,,
202107184,D000296,,
202500644,D000296,,
202502598,D000296,,
202600284,D000296,,
202601464,D000296,,
202400908,D000610,0.5,mg
202601713,D000610,0.5,mg
202601949,D000610,0.5,mg
197600412,D000222,,
197800212,D000222,,
198400816,D000222,,
198601389,D000222,,
199201803,D000672,,
199300356,D000672,30.0,mg
199400367,D000672,,
199403237,D000709,,
199600275,D000672,,
199600277,D000672,,
199600561,D000672,,
199602289,D000672,,
199702146,D000672,,
199800686,D000672,,
199901060,D000709,,
199901296,D000672,,
199907300,D000672,,
200000568,D000672,,
200001712,D000222,,
200002439,D000672,,
200003483,D000672,,
200201706,D000672,,
200202126,D000672,,
200210297,D000672,,
200302415,D000672,,
200302791,D000672,,
200303260,D000672,,
200402711,D000672,,
200402789,D000672,,
200403011,D000672,,
200500350,D000709,,
200500865,D000709,,
200502519,D000672,,
200502526,D000709,,
200503285,D000709,,
200503336,D000672,,
200600548,D000709,,
200600572,D000672,,
200600575,D000672,,
200600806,D000709,,
200604302,D000222,,
200607885,D000672,,
200610741,D000672,,
200700875,D000709,,
200701444,D000672,,
200801307,D000709,,
200806611,D000709,,
200809853,D000709,,
201302800,D000709,,
201404888,D000222,,
201504971,D000709,,
201602583,D000709,,
201602962,D000709,,
201603047,D000709,,
201607403,D000709,,
201904500,D000709,,
201907189,D000222,,
202001087,D000709,,
202002670,D000709,,
202007865,D000709,,
202000009,D000672,,
202001662,D000672,,
202002866,D000672,,
202004950,D000672,,
202107009,D000672,,
202400086,D000672,,
201908047,D000709,,
202106549,D000709,,
202500655,D000709,,
202402832,D000222,,
202500070,D000222,,
202600414,D000222,,
198400403,D000210,,
199202246,D000424,,
200102202,D000210,,
200102214,D000210,,
200108883,D000210,,
200200768,D000210,,
200209697,D000108,,
200307868,D000631,,
201202274,D000210,,
201301613,D000210,,
201309062,D000210,,
201309944,D000210,,
201310332,D000210,,
201500021,D000210,,
201506806,D000210,,
201606966,D000210,,
201702565,D000210,,
201706859,D000210,,
201802160,D000210,,
201803404,D000210,,
199806846,D000701,,
200210718,D000701,,
200410824,D000701,,
200410854,D000701,,
200410866,D000701,,
200512146,D000701,,
200512153,D000701,,
200512155,D000701,,
200512168,D000701,,
200512174,D000701,,
200604148,D000701,,
200604157,D000701,,
200604158,D000701,,
200604159,D000701,,
200604162,D000701,,
200604167,D000701,,
200707106,D000701,,
200806249,D000701,,
200807061,D000701,,
200908479,D000701,,
201003646,D000701,35.0,mg
201101167,D000701,,
201604676,D000701,,
201702111,D000701,,
200308495,D000795,37.5,mg
200308497,D000795,37.5,mg
200410823,D000795,,
200410826,D000795,,
200410853,D000795,,
200410855,D000795,,
200410862,D000795,,
200410865,D000795,,
200512147,D000795,,
200512148,D000795,,
200512154,D000795,,
200512161,D000795,,
200512162,D000795,,
200512167,D000795,,
200512175,D000795,,
200512177,D000795,,
200604150,D000795,,
200604153,D000795,,
200604160,D000795,,
200604163,D000795,,
200604164,D000795,,
200604166,D000795,,
200604169,D000795,,
200610878,D000795,,
200611551,D000795,,
200711284,D000795,30.0,mg
200908478,D000795,,
201004413,D000795,,
201109904,D000795,,
201111544,D000795,,
201205550,D000795,18.75,mg
201309968,D000795,,
201309969,D000795,,
201401685,D000795,18.75,mg
201707866,D000795,,
202600178,D000210,,
202600391,D000210,,
197500187,D000446,,
197600142,D000446,,
198700927,D000586,,
199700688,D000384,,
200000569,D000193,,
200000570,D000193,,
200209623,D000484,,
200402943,D000681,2.0,mg
200606842,D000183,,
200606843,D000183,,
200611515,D000184,,
200703316,D000183,,
200903988,D000446,,
201103510,D000384,,
201103511,D000384,,
201103512,D000384,,
201103609,D000384,,
201103610,D000384,,
201103615,D000384,,
201104725,D000384,12.5,mg
201104726,D000384,,
201104755,D000384,12.5,mg
201300317,D000384,,
201400028,D000183,,
201310933,D000890,60.0,mg
201401489,D000384,,
201401792,D000890,30.0,mg
201401965,D000890,30.0,mg
201401966,D000890,60.0,mg
201402150,D000890,30.0,mg
201402151,D000890,60.0,mg
201402270,D000890,60.0,mg
201402273,D000890,30.0,mg
201402460,D000890,30.0,mg
201402461,D000890,60.0,mg
201403125,D000384,,
201403827,D000890,30.0,mg
201403828,D000890,60.0,mg
201404486,D000890,30.0,mg
201404488,D000890,60.0,mg
201405792,D000890,30.0,mg
201405813,D000890,30.0,mg
201405865,D000890,60.0,mg
201501973,D000890,30.0,mg
201501974,D000890,60.0,mg
201502313,D000890,60.0,mg
201502314,D000890,30.0,mg
201503029,D000890,60.0,mg
201507697,D000484,,
201603727,D000384,,
201701430,D000384,,
202501709,D000586,,
199403244,D001154,,
199403245,D001154,,
199500503,D001154,,
199700846,D001154,,
200307847,D000323,15.0,mg
200307848,D000323,30.0,mg
200502890,D001154,,
200603875,D000323,15.0,mg
200706541,D000323,30.0,mg
200803427,D000323,30.0,mg
200804995,D000323,15.0,mg
200808414,D000323,30.0,mg
200901546,D000323,15.0,mg
201205950,D000323,15.0,mg
201205951,D000323,30.0,mg
201205974,D000323,7.5,mg
201400120,D000323,15.0,mg
201403835,D001011,5.0,mg
201403836,D001011,10.0,mg
201403837,D001011,20.0,mg
201404690,D000323,30.0,mg
201405633,D000323,30.0,mg
201405634,D000323,15.0,mg
201505607,D000890,30.0,mg
201601663,D000323,7.5,mg
201603992,D000890,60.0,mg
201701436,D000323,30.0,mg
201701437,D000323,15.0,mg
201706845,D000323,7.5,mg
201706900,D000323,15.0,mg
201707054,D000323,15.0,mg
201707055,D000323,30.0,mg
201707056,D000323,7.5,mg
201800907,D000323,30.0,mg
201900789,D001152,,
201801367,D000890,30.0,mg
201801368,D000890,60.0,mg
201802298,D000890,30.0,mg
201802300,D000890,60.0,mg
201802463,D000890,30.0,mg
201802697,D000890,60.0,mg
201903549,D000890,30.0,mg
201903550,D000890,60.0,mg
202002455,D001010,50.0,mg
202002456,D001010,100.0,mg
202002457,D001010,50.0,mg
202008509,D000323,15.0,mg
202009229,D000323,30.0,mg
202009438,D000323,7.5,mg
202101791,D001152,,
202301253,D001011,5.0,mg
202301254,D001011,10.0,mg
202301255,D001011,15.0,mg
202301256,D001011,20.0,mg
202301274,D001011,5.0,mg
202301275,D001011,10.0,mg
202301276,D001011,15.0,mg
202301277,D001011,20.0,mg
202003119,D000890,60.0,mg
202003120,D000890,30.0,mg
201701438,D000323,7.5,mg
202201970,D000323,45.0,mg
202402770,D000323,15.0,mg
202402771,D000323,7.5,mg
202402772,D000323,30.0,mg
198900833,D000893,,
200101248,D001518,,
200501601,D001518,,
200809185,D001521,,
200903043,D001521,,
200905353,D001518,,
201206837,D001518,350.0,mg
201801423,D001518,,
202105214,D001518,,
202201549,D001518,,
202600650,D001518,350.0,mg
200904275,D000393,5.0,mg
200904276,D000393,10.0,mg
201104436,D000393,2.5,mg
201104437,D000393,20.0,mg
201708261,D000393,40.0,mg
201702423,D000709,,
202600810,D000709,,
199800184,D000540,,
200400472,D000358,20.0,mg
200600114,D000358,10.0,mg
200600115,D000358,40.0,mg
201100611,D000358,10.0,mg
201100612,D000358,20.0,mg
201100613,D000358,40.0,mg
201100793,D000358,10.0,mg
201100794,D000358,40.0,mg
201100795,D000358,20.0,mg
201100798,D000358,20.0,mg
201100799,D000358,10.0,mg
201100801,D000358,20.0,mg
201100802,D000358,10.0,mg
201100813,D000358,20.0,mg
201100814,D000358,10.0,mg
201100827,D000358,10.0,mg
201100828,D000358,20.0,mg
201100866,D000358,20.0,mg
201100867,D000358,10.0,mg
201100869,D000358,20.0,mg
201100896,D000358,20.0,mg
201100898,D000358,20.0,mg
201100899,D000358,20.0,mg
201100901,D000358,20.0,mg
201100902,D000358,20.0,mg
201100905,D000358,20.0,mg
201100906,D000358,20.0,mg
201100908,D000358,20.0,mg
201100909,D000358,20.0,mg
201100913,D000358,20.0,mg
201100917,D000358,20.0,mg
201100943,D000358,20.0,mg
201100945,D000358,20.0,mg
201100952,D000358,10.0,mg
201100953,D000358,20.0,mg
201100980,D000358,20.0,mg
201100982,D000358,40.0,mg
201100983,D000358,20.0,mg
201101021,D000358,20.0,mg
201101022,D000358,20.0,mg
201101841,D000358,10.0,mg
201101843,D000358,10.0,mg
201101844,D000358,40.0,mg
201101852,D000358,10.0,mg
201103854,D000358,10.0,mg
201306917,D000358,10.0,mg
201306919,D000358,20.0,mg
201308509,D000358,20.0,mg
201400392,D000358,10.0,mg
201400393,D000358,40.0,mg
201403399,D000358,10.0,mg
201403400,D000358,20.0,mg
201406154,D000358,20.0,mg
201500866,D000358,10.0,mg
201500867,D000358,40.0,mg
201503641,D000358,,
201504106,D000358,10.0,mg
201504115,D000358,40.0,mg
201507878,D000358,10.0,mg
201507879,D000358,20.0,mg
201802044,D000152,5.0,mg
201900103,D000358,40.0,mg
201900104,D000358,20.0,mg
201900105,D000358,10.0,mg
202002233,D000358,40.0,mg
202002234,D000358,20.0,mg
200807204,D000011,160.0,mg
198500623,D000536,200.0,mg
198500624,D000536,300.0,mg
199001352,D000536,300.0,mg
199400873,D000536,,
199400905,D000536,,
199402228,D000536,,
199601861,D000536,,
199801581,D000536,150.0,mg
199801582,D000536,,
199901651,D000536,600.0,mg
198200117,D000774,,
198200118,D000774,,
198700737,D000774,,
199200407,D000774,,
199400868,D000774,25.0,mg
201404400,D000774,50.0,mg
201405502,D000774,25.0,mg
198601958,D000782,,
198700923,D000010,500.0,mg
199101306,D000010,500.0,mg
199200352,D000010,,
199201590,D000010,500.0,mg
199202573,D000010,,
199401121,D000010,1.0,g
199401122,D000010,250.0,mg
199401145,D000010,0.5,g
199601338,D000147,,
199601484,D000147,,
199702918,D000147,,
199800357,D000010,1.0,g
199801381,D000010,,
199801540,D000010,250.0,mg
199806728,D000203,0.3,mg
200101410,D000010,500.0,mg
200102577,D000147,,
200512341,D000010,,
200606769,D000010,500.0,mg
200608008,D000010,,
200703673,D000730,10.0,mg
200703674,D000730,5.0,mg
200806049,D000010,,
201107540,D000203,0.3,mg
201112300,D000203,0.3,mg
201400753,D000203,0.3,mg
201403051,D000730,10.0,mg
201404483,D000730,5.0,mg
201404925,D000730,10.0,mg
201405043,D000730,10.0,mg
201405075,D000730,10.0,mg
201405329,D000730,5.0,mg
201405464,D000730,5.0,mg
201405582,D000730,5.0,mg
201500109,D000730,5.0,mg
201500110,D000730,10.0,mg
201500232,D000730,5.0,mg
201500233,D000730,10.0,mg
201500293,D000730,10.0,mg
201500521,D000730,5.0,mg
201500522,D000730,10.0,mg
201500976,D000730,5.0,mg
201500977,D000730,10.0,mg
201501302,D000730,5.0,mg
201501307,D000730,10.0,mg
201501327,D000730,5.0,mg
201501328,D000730,10.0,mg
201501472,D000730,5.0,mg
201501473,D000730,10.0,mg
201501474,D000730,5.0,mg
201501475,D000730,10.0,mg
201501702,D000730,5.0,mg
201501854,D000730,5.0,mg
201502269,D000730,10.0,mg
201502270,D000730,5.0,mg
201502574,D000730,5.0,mg
201502575,D000730,10.0,mg
201502608,D000730,5.0,mg
201502609,D000730,10.0,mg
201502742,D000730,5.0,mg
201502763,D000730,5.0,mg
201503515,D000730,5.0,mg
201503516,D000730,10.0,mg
201504713,D000010,1.0,g
201505092,D000730,5.0,mg
201505093,D000730,10.0,mg
201601067,D000730,5.0,mg
201601068,D000730,10.0,mg
201601837,D000730,10.0,mg
201601838,D000730,5.0,mg
201603491,D000730,10.0,mg
201603492,D000730,5.0,mg
201603498,D000730,10.0,mg
201603499,D000730,5.0,mg
201604008,D000730,5.0,mg
201604103,D000730,5.0,mg
201604104,D000730,10.0,mg
201604147,D000730,5.0,mg
201604823,D000730,10.0,mg
201605449,D000730,10.0,mg
201605978,D000730,5.0,mg
201606764,D000010,,
201606765,D000010,,
201700621,D000730,10.0,mg
201700622,D000730,5.0,mg
201701288,D000730,10.0,mg
201701289,D000730,5.0,mg
201701362,D000730,10.0,mg
201701363,D000730,5.0,mg
201701410,D000730,10.0,mg
201701411,D000730,5.0,mg
201702071,D000730,10.0,mg
201702072,D000730,5.0,mg
201702167,D000730,10.0,mg
201702168,D000730,5.0,mg
201702201,D000730,5.0,mg
201702204,D000730,10.0,mg
201704822,D000730,5.0,mg
201706574,D000730,10.0,mg
201706575,D000730,5.0,mg
201707325,D000730,10.0,mg
201707326,D000730,5.0,mg
201800530,D000730,10.0,mg
201800531,D000730,5.0,mg
201801964,D000010,,
201901225,D000730,10.0,mg
201901226,D000730,5.0,mg
201902069,D000730,10.0,mg
201902070,D000730,5.0,mg
201904620,D000730,5.0,mg
201904621,D000730,10.0,mg
202000290,D000730,5.0,mg
202000291,D000730,10.0,mg
202001227,D000730,5.0,mg
202001228,D000730,10.0,mg
202003046,D000730,5.0,mg
202003047,D000730,10.0,mg
202003532,D000730,5.0,mg
202006034,D000010,125.0,mg
202100940,D000010,1.0,g
202101348,D000010,500.0,mg
202101349,D000010,,
202106421,D000010,500.0,mg
202106426,D000010,,
202106709,D000010,,
202106710,D000010,500.0,mg
202300471,D000010,0.5,g
202300520,D000010,1.0,g
202104020,D000288,,
201708489,D000203,0.3,mg
202000040,D000203,0.3,mg
202100551,D000203,,
202106796,D000203,0.3,mg
202203938,D000203,,
202204015,D000203,,
202302442,D000203,,
202302850,D000203,0.3,mg
202400443,D000203,0.3,mg
202401863,D000203,,
202500211,D000203,,
202500231,D000203,,
202500260,D000203,,
202501338,D000203,0.3,mg
202600492,D000203,,
202600962,D000203,,
202600980,D000203,,
202601290,D000203,,
202602138,D000203,,
201501770,D000730,10.0,mg
201502203,D000730,10.0,mg
201502378,D000730,5.0,mg
201502457,D000730,5.0,mg
201504249,D000730,10.0,mg
201504859,D000730,5.0,mg
201603454,D000730,10.0,mg
201603455,D000730,5.0,mg
201604378,D000730,5.0,mg
201604822,D000730,10.0,mg
201701572,D000730,5.0,mg
201702068,D000730,5.0,mg
201702069,D000730,10.0,mg
201702150,D000730,5.0,mg
201705755,D000730,5.0,mg
201705756,D000730,10.0,mg
201705761,D000730,10.0,mg
201705762,D000730,5.0,mg
202001940,D000730,5.0,mg
202001941,D000730,10.0,mg
202001997,D000730,5.0,mg
202001998,D000730,10.0,mg
196500004,D000426,,
197500016,D000195,,
198701382,D000729,500.0,mg
199201088,D000729,,
199201089,D000729,,
199201589,D000729,1.0,g
199201617,D000729,500.0,mg
199300208,D000195,,
199300935,D000729,,
199301524,D000729,,
199301526,D000729,,
199302109,D000729,500.0,mg
199302110,D000729,,
199300965,D000729,,
199302840,D000729,,
199400030,D000729,,
199400086,D000729,2.0,g
199400351,D000729,,
199400355,D000729,,
199400799,D000729,,
199501252,D000729,,
199600054,D000729,500.0,mg
199600055,D000729,250.0,mg
199600212,D000729,,
199600565,D000729,,
199600685,D000729,,
199600859,D000729,,
199601459,D000729,,
199600385,D000729,1000.0,mg
199601460,D000729,,
199601840,D000729,,
199602561,D000729,,
199700156,D000729,,
199700166,D000195,1000.0,mg
199700179,D000729,,
199700183,D000729,,
199700418,D000729,,
199700731,D000729,1.0,g
199700803,D000729,1.0,g
199701117,D000729,,
199800279,D000729,,
199801464,D000729,250.0,mg
199800361,D000729,,
199801465,D000729,500.0,mg
199801571,D000729,,
199802137,D000729,,
199802182,D000729,,
199802811,D000729,1.0,g
199902356,D000729,1.0,g
199904157,D000729,500.0,mg
199904158,D000729,,
200003730,D000729,1.0,g
200003786,D000729,250.0,mg
200003787,D000729,500.0,mg
200101490,D000729,500.0,mg
200101491,D000729,,
200102262,D000729,250.0,mg
200103155,D000729,,
200202283,D000729,1.0,g
200203470,D000729,,
200302160,D000729,1.0,g
200308640,D000426,,
200403671,D000195,,
200404836,D000729,,
200500617,D000729,,
200501173,D000729,,
200503701,D000729,,
200600292,D000729,1.0,g
200608167,D000729,,
200608218,D000729,2.0,g
200612553,D000729,1.0,g
200612554,D000729,500.0,mg
200612555,D000729,250.0,mg
200705626,D000729,,
200708766,D000426,,
200710782,D000195,,
200712783,D000729,1.5,g
200801381,D000729,,
200805294,D000729,,
200907655,D000729,,
201000065,D000729,,
201002980,D000729,,
201003604,D000729,,
201003807,D000426,250.0,mg
201003808,D000426,500.0,mg
201206390,D000729,1.0,g
201207414,D000195,,
201301493,D000195,,
201301659,D000195,,
201306491,D000195,,
201306492,D000195,,
201307614,D000729,1.0,g
201307749,D000729,,
201307852,D000729,,
201309890,D000729,,
201310281,D000195,,
201310498,D000195,,
201310936,D000729,,
201400864,D000729,,
201401095,D000195,,
201401312,D000729,2.0,g
201401469,D000729,,
201401470,D000729,,
201402977,D000729,,
201403273,D000729,,
201403389,D000195,,
201403390,D000195,,
201403391,D000195,,
201403431,D000195,,
201403474,D000195,,
201403622,D000729,2.0,g
201403877,D000195,,
201403991,D000195,,
201404125,D000195,,
201404406,D000195,,
201404850,D000195,,
201405135,D000195,,
201500344,D000426,500.0,mg
201501592,D000195,,
201503810,D000195,,
201505061,D000729,,
201505161,D000729,,
201507448,D000729,2.0,g
201601056,D000195,,
201603249,D000729,1.0,g
201604519,D000729,,
201604531,D000729,1.0,g
201604853,D000729,,
201605327,D000729,1.0,g
201605518,D000729,2.0,g
201605693,D000729,2000.0,mg
201700099,D000729,,
201700401,D000195,,
201702648,D000729,,
201702682,D000195,,
201707090,D000729,1.0,g
201707091,D000729,2.0,g
201707302,D000195,,
201707597,D000729,,
201707598,D000729,,
201707640,D000729,500.0,mg
201708213,D000729,2.0,g
201708634,D000195,,
201800573,D000729,500.0,mg
201801210,D000729,,
201801787,D000729,,
201803970,D000195,,
201804135,D000729,1.0,g
201900682,D000195,,
201900727,D000195,,
201901822,D000729,,
201902205,D000729,,
201902876,D000195,,
201903363,D000729,,
201904460,D000729,,
201904461,D000729,,
201904489,D000729,2.0,g
201904567,D000729,,
201905264,D000729,,
201905729,D000729,1.0,g
201905730,D000729,2.0,g
201906236,D000729,1.0,g
201907107,D000729,1.0,g
201907830,D000195,,
202000104,D000729,,
202000187,D000729,1.0,g
202001200,D000729,,
202003877,D000195,,
202005491,D000195,,
202202195,D000195,,
202203437,D000195,,
202502112,D000195,,
202502599,D000195,,
202600925,D000195,,
200300698,D000404,2.5,mg
200300699,D000404,5.0,mg
201802956,D000383,,
198900129,D000671,,
199401025,D000671,,
200103878,D000671,,
201310223,D000671,,
198300064,D000975,,
198700731,D000975,,
198802481,D000975,,
198900920,D000975,275.0,mg
198901589,D000975,,
199000568,D000975,,
199102384,D000975,,
199200633,D000977,10.0,mg
199401158,D000975,,
199401319,D000975,,
199403378,D000975,,
199602669,D000852,,
199802387,D000975,,
199802621,D000975,,
199901047,D000975,,
199902599,D000975,,
200102657,D000975,275.0,mg
200204388,D000975,,
200400644,D000975,,
200500806,D000975,,
200600860,D000978,,
200607905,D000975,,
200702136,D000046,12.5,mg
200702137,D000046,12.5,mg
200705219,D000046,12.5,mg
200705433,D000975,,
200805148,D000046,12.5,mg
200805178,D000046,12.5,mg
200805819,D000046,12.5,mg
200807418,D000046,12.5,mg
200807710,D000046,12.5,mg
200808749,D000046,12.5,mg
200809587,D000046,12.5,mg
200809588,D000046,12.5,mg
200901148,D000975,,
201001742,D000976,,
201005699,D000046,12.5,mg
201005771,D000046,12.5,mg
201101753,D000046,12.5,mg
201102151,D000975,,
201109811,D000976,,
201201017,D000976,,
201205244,D000046,12.5,mg
201205245,D000046,12.5,mg
201307384,D000046,12.5,mg
201307385,D000046,12.5,mg
201308676,D000975,,
201308711,D000976,20.0,mg
201403321,D000975,,
201505054,D000852,,
201507099,D000718,500.0,mg
201701248,D000975,,
201707499,D000046,12.5,mg
201707500,D000046,12.5,mg
201901263,D000358,5.0,mg
201901264,D000358,10.0,mg
202000708,D000358,10.0,mg
202001166,D000358,5.0,mg
202106248,D000975,,
202401759,D000975,,
202400205,D000718,750.0,mg
202500965,D000975,,
202501303,D000975,,
197900577,D000645,750.0,mg
197900578,D000645,,
199700060,D000645,,
199700061,D000645,750.0,mg
199700238,D000645,750.0,mg
199700629,D000645,,
199700630,D000645,,
199701109,D000645,,
199701138,D000645,750.0,mg
199701139,D000645,1.5,g
199701207,D000645,,
199701363,D000645,750.0,mg
199701579,D000645,,
199801270,D000645,,
199902728,D000645,750.0,mg
200404805,D000645,,
200404806,D000645,750.0,mg
200410087,D000152,5.0,mg
200410088,D000152,5.0,mg
200410089,D000152,5.0,mg
200802596,D000152,10.0,mg
200806024,D000152,10.0,mg
200807210,D000152,5.0,mg
200807211,D000152,5.0,mg
200807229,D000152,5.0,mg
200807230,D000152,5.0,mg
200807374,D000152,5.0,mg
200807377,D000152,5.0,mg
200807529,D000152,10.0,mg
200807530,D000152,20.0,mg
200807985,D000152,,
200808145,D000152,5.0,mg
200808268,D000152,,
200808271,D000152,5.0,mg
200808377,D000152,,
200808417,D000152,5.0,mg
200808656,D000152,5.0,mg
200808772,D000152,5.0,mg
200808872,D000152,,
200809419,D000152,5.0,mg
200809659,D000152,5.0,mg
200809778,D000152,10.0,mg
200810440,D000152,10.0,mg
201006495,D000152,,
201105750,D000645,,
201205252,D000152,20.0,mg
201206189,D000645,1.5,g
201206190,D000645,750.0,mg
201307106,D000227,,
201308668,D000645,1.5,g
201309480,D000046,20.0,mg
201309481,D000046,10.0,mg
201310306,D000645,,
201401984,D000046,10.0,mg
201401985,D000046,20.0,mg
201402067,D000152,20.0,mg
201402068,D000152,10.0,mg
201402069,D000152,20.0,mg
201402919,D000707,,
201402920,D000707,,
201403128,D000152,5.0,mg
201403279,D000152,10.0,mg
201403323,D000152,,
201403872,D000152,5.0,mg
201403873,D000152,5.0,mg
201404571,D000152,5.0,mg
201603925,D000152,5.0,mg
201707339,D000152,5.0,mg
201708367,D000152,10.0,mg
201708368,D000152,20.0,mg
201708606,D000152,20.0,mg
201801331,D000152,10.0,mg
201801332,D000152,20.0,mg
201801880,D000152,10.0,mg
201802022,D000707,,
201901592,D000152,10.0,mg
201901593,D000152,20.0,mg
201902755,D000718,1000.0,mg
201902756,D000718,850.0,mg
201902757,D000718,500.0,mg
201902778,D000718,850.0,mg
201902779,D000718,500.0,mg
201902780,D000718,1000.0,mg
201902783,D000718,1000.0,mg
201903127,D000718,500.0,mg
201903155,D000718,1000.0,mg
201903156,D000718,850.0,mg
201903532,D000718,1000.0,mg
201903533,D000718,850.0,mg
201903534,D000718,500.0,mg
201903570,D000718,500.0,mg
201903571,D000718,850.0,mg
201904407,D000718,500.0,mg
201904408,D000718,850.0,mg
201904409,D000718,1000.0,mg
201904459,D000718,1000.0,mg
201904462,D000718,500.0,mg
201904463,D000718,850.0,mg
201904734,D000633,,
201905283,D000152,10.0,mg
201906902,D000152,10.0,mg
201906903,D000152,20.0,mg
201907846,D000152,10.0,mg
201907847,D000152,20.0,mg
202201610,D000718,850.0,mg
202203666,D000707,,
202301714,D000152,10.0,mg
202301715,D000152,10.0,mg
202301716,D000152,5.0,mg
202302979,D000152,5.0,mg
202303069,D000152,10.0,mg
202400095,D000152,5.0,mg
202400096,D000152,10.0,mg
202400309,D000152,5.0,mg
202400310,D000152,10.0,mg
202400311,D000152,10.0,mg
199903365,D001087,25.0,mg
200401321,D000147,,
200705587,D000147,,
200705588,D000147,,
200705591,D000147,,
200705592,D000147,,
200705593,D000147,,
200705594,D000147,,
200705595,D000147,,
200705596,D000147,,
200705597,D000147,,
200705598,D000147,,
200705993,D000147,,
200705994,D000147,,
200706007,D000147,,
200706008,D000147,,
200706109,D000147,,
200706110,D000147,,
200706597,D000147,,
200707218,D000147,,
200707219,D000147,,
200707222,D000147,,
200707223,D000147,,
200707251,D000147,,
200707592,D000147,,
200707920,D000147,,
200707943,D000147,,
200707944,D000147,,
200708257,D000147,,
200708258,D000147,,
200709529,D000147,,
200709608,D000147,,
200709609,D000147,,
200709640,D000147,,
200709641,D000147,,
200709909,D000147,,
200709910,D000147,,
200710087,D000147,,
200710130,D000147,,
200710197,D000147,,
200710202,D000147,,
200710254,D000147,,
200710609,D000147,,
200710628,D000147,,
200710632,D000147,,
200710633,D000147,,
200710638,D000147,,
200710808,D000147,,
200711209,D000147,,
200711793,D000147,,
200711885,D000147,,
200711886,D000147,,
200712587,D000147,,
200712588,D000147,,
200712647,D000147,,
200712648,D000147,,
200712789,D000147,,
200712868,D000147,,
200712872,D000147,,
200712885,D000147,,
200713092,D000147,,
200713094,D000147,,
200713095,D000147,,
200713377,D000147,,
200801284,D000147,,
200804519,D000147,,
200804556,D000147,,
200804557,D000147,,
200804558,D000147,,
200804560,D000147,,
200804561,D000147,,
200804562,D000147,,
200804563,D000147,,
200804586,D000147,,
200804611,D000147,,
200804631,D000147,,
200804633,D000147,,
200804696,D000147,,
200804702,D000147,,
200804771,D000147,,
200804778,D000147,,
200804796,D000147,,
200804802,D000147,,
200804810,D000147,,
200804821,D000147,,
200804859,D000147,,
200804908,D000147,,
200804909,D000147,,
200804912,D000147,,
200804916,D000147,,
200804917,D000147,,
200804918,D000147,,
200804938,D000147,,
200804939,D000147,,
200804940,D000147,,
200804942,D000147,,
200804943,D000147,,
200804952,D000147,,
200804956,D000147,,
200804957,D000147,,
200804958,D000147,,
200805064,D000147,,
200805085,D000147,,
200805143,D000147,,
200805144,D000147,,
200805152,D000147,,
200805214,D000147,,
200805215,D000147,,
200805233,D000147,,
200805273,D000147,,
200805275,D000147,,
200805289,D000147,,
200805296,D000147,,
200805301,D000147,,
200805370,D000147,,
200805386,D000147,,
200805387,D000147,,
200805388,D000147,,
200805389,D000147,,
200805497,D000147,,
200805520,D000147,,
200805556,D000147,,
200805598,D000147,,
200805599,D000147,,
200805631,D000147,,
200805632,D000147,,
200805734,D000147,,
200805737,D000147,,
200805739,D000147,,
200805748,D000147,,
200805749,D000147,,
200805752,D000147,,
200805810,D000147,,
200805812,D000147,,
200805821,D000147,,
200805842,D000147,,
200805843,D000147,,
200805849,D000147,,
200805915,D000147,,
200805928,D000147,,
200806185,D000147,,
201207590,D000147,,
201207591,D000147,,
201207592,D000147,,
201209007,D000147,,
201301696,D000147,,
201306118,D000147,,
201306379,D000147,,
201307383,D000147,,
201307895,D000147,,
201307896,D000147,,
201307929,D000147,,
201308055,D000147,,
201308279,D000147,,
201308359,D000147,,
201308360,D000147,,
201309260,D000147,,
201309439,D000147,,
201309487,D000147,,
201310117,D000147,,
201310118,D000147,,
201310500,D000147,,
201310583,D000147,,
201310700,D000147,,
201400343,D000147,,
201401376,D000147,,
201402450,D000147,,
201402850,D000147,,
201402890,D000147,,
201403740,D000147,,
201403947,D000147,,
201403995,D000147,,
201404759,D000147,,
201404784,D000147,,
201404905,D000147,,
201405383,D000147,,
201500497,D000147,,
201501581,D000147,,
201501690,D000147,,
201502351,D000147,,
201502352,D000147,,
201502631,D000147,,
201502641,D000147,,
201502713,D000147,,
201502928,D000147,,
201502951,D000147,,
201503181,D000147,,
201503182,D000147,,
201504763,D000147,,
201504978,D000147,,
201505094,D000147,,
201505164,D000147,,
201505904,D000147,,
201506478,D000147,,
201506479,D000147,,
201506480,D000147,,
201506481,D000147,,
201506597,D000147,,
201506598,D000147,,
201506781,D000147,,
201506782,D000147,,
201507360,D000147,,
201507458,D000147,,
201507887,D000147,,
201507888,D000147,,
201600427,D000147,,
201600428,D000147,,
201600933,D000147,,
201601504,D000147,,
201601505,D000147,,
201601516,D000147,,
201602709,D000147,,
201603234,D000147,,
201603985,D000147,,
201603986,D000147,,
201604034,D000147,,
201606240,D001085,100.0,mg
201606241,D001085,150.0,mg
201702153,D000147,,
201702154,D000147,,
201706399,D000147,,
201706581,D000147,,
201706582,D000147,,
201707662,D000147,,
201707663,D000147,,
201800309,D000147,,
201800810,D000147,,
201803289,D000147,,
201803636,D000147,,
201804528,D000147,,
201804529,D000147,,
201805171,D000147,,
201900956,D000147,,
201900957,D000147,,
201900995,D000147,,
201900996,D000147,,
201901007,D000147,,
201901925,D000147,,
201902150,D000147,,
201902260,D000147,,
201902453,D000147,,
201902454,D000147,,
201902554,D000147,,
201902624,D000147,,
201903286,D000147,,
201903417,D000147,,
201903792,D000147,,
201903793,D000147,,
201905261,D000147,,
201905262,D000147,,
201905269,D000147,,
201905270,D000147,,
201905419,D000147,,
201905420,D000147,,
201905955,D000147,,
201906521,D000147,,
201906674,D000147,,
201906675,D000147,,
201907093,D000147,,
201907320,D000147,,
201907323,D000147,,
201907325,D000147,,
201907326,D000147,,
201908574,D000147,,
202000086,D000147,,
202000541,D000147,,
202000649,D000147,,
202000651,D000147,,
202001323,D000147,,
202001324,D000147,,
202002519,D000147,,
202002520,D000147,,
202002521,D000147,,
202002522,D000147,,
202002523,D000147,,
202002678,D000147,,
202002826,D000147,,
202002850,D000147,,
202003201,D000147,,
202003336,D000147,,
202003337,D000147,,
202003694,D000147,,
202003799,D000147,,
202003800,D000147,,
202004095,D000147,,
202107077,D000147,,
202107098,D000147,,
202201142,D000147,,
202201173,D000147,,
202201174,D000147,,
199100996,D001269,,
199300981,D001262,,
199304102,D001276,,
199602310,D001269,,
199800924,D001262,,
200001951,D001269,,
200209402,D001275,,
200410004,D001276,,
200502576,D001275,,
200502837,D001269,,
200502896,D001275,,
200511037,D000499,1.0,mg
200610643,D001184,,
200702090,D000382,,
200711680,D001088,,
200805356,D001274,,
200900802,D001278,,
200905961,D000084,60.0,mg
200905962,D000084,30.0,mg
201002062,D001276,,
201102767,D001031,25.0,mg
201102768,D001031,75.0,mg
201102769,D001031,50.0,mg
201200717,D001262,,
201301663,D001090,20.0,mg
201301664,D001090,15.0,mg
201301665,D001090,5.0,mg
201500456,D001276,,
201500459,D001276,,
201501753,D001276,,
201501754,D001276,,
201502002,D001276,,
201502633,D001276,,
201502637,D001276,,
201503658,D000350,5.0,mg
201503659,D000350,10.0,mg
201503660,D000350,20.0,mg
201504267,D000481,,
201506783,D000350,5.0,mg
201506784,D000350,10.0,mg
201506785,D000350,20.0,mg
201506786,D000350,10.0,mg
201506787,D000350,20.0,mg
201506788,D000350,5.0,mg
201506789,D000350,10.0,mg
201506790,D000350,20.0,mg
201506791,D000350,20.0,mg
201506792,D000350,10.0,mg
201506793,D000350,5.0,mg
201506797,D000350,5.0,mg
201506798,D000350,10.0,mg
201506799,D000350,20.0,mg
201506800,D000350,5.0,mg
201507709,D000084,30.0,mg
201507710,D000084,60.0,mg
201600316,D000350,5.0,mg
201600317,D000350,10.0,mg
201600318,D000350,20.0,mg
201600339,D000084,60.0,mg
201600340,D000084,30.0,mg
201601192,D000350,20.0,mg
201601193,D000350,10.0,mg
201601194,D000350,5.0,mg
201601195,D000350,10.0,mg
201601196,D000350,5.0,mg
201601197,D000350,20.0,mg
201601198,D000350,20.0,mg
201601199,D000350,10.0,mg
201601200,D000350,5.0,mg
201601201,D000350,5.0,mg
201601202,D000350,10.0,mg
201601203,D000350,20.0,mg
201601204,D000350,5.0,mg
201601205,D000350,10.0,mg
201601206,D000350,20.0,mg
201601207,D000350,5.0,mg
201601208,D000350,10.0,mg
201601209,D000350,20.0,mg
201601210,D000350,5.0,mg
201601211,D000350,10.0,mg
201601212,D000350,20.0,mg
201601213,D000350,5.0,mg
201601214,D000350,10.0,mg
201601215,D000350,20.0,mg
201601219,D000350,5.0,mg
201601220,D000350,10.0,mg
201601221,D000350,20.0,mg
201601225,D000350,5.0,mg
201601226,D000350,10.0,mg
201601227,D000350,20.0,mg
201601228,D000350,5.0,mg
201601229,D000350,10.0,mg
201601230,D000350,20.0,mg
201601231,D000350,5.0,mg
201601232,D000350,10.0,mg
201601233,D000350,20.0,mg
201606040,D000350,5.0,mg
201606041,D000350,10.0,mg
201606042,D000350,20.0,mg
201606043,D000350,20.0,mg
201606044,D000350,10.0,mg
201606045,D000350,5.0,mg
201606046,D000350,5.0,mg
201606047,D000350,10.0,mg
201606048,D000350,20.0,mg
201606049,D000350,10.0,mg
201606050,D000350,5.0,mg
201606051,D000350,20.0,mg
201606052,D000350,20.0,mg
201606053,D000350,10.0,mg
201606054,D000350,5.0,mg
201606763,D001262,,
201606813,D001090,10.0,mg
201705158,D001031,75.0,mg
201705175,D001031,75.0,mg
201705254,D001031,75.0,mg
201705255,D001031,75.0,mg
201706143,D001031,75.0,mg
201706161,D001031,75.0,mg
201706188,D001031,75.0,mg
201706189,D001031,75.0,mg
201706970,D001262,,
201707274,D001031,75.0,mg
201708319,D000350,20.0,mg
201708320,D000350,10.0,mg
201708321,D000350,5.0,mg
201906376,D001262,,
202004126,D000350,5.0,mg
202004127,D000350,10.0,mg
202004128,D000350,20.0,mg
202004129,D000350,10.0,mg
202004130,D000350,5.0,mg
202004131,D000350,20.0,mg
202004132,D000350,10.0,mg
202004133,D000350,5.0,mg
202004134,D000350,20.0,mg
202004138,D000350,5.0,mg
202004139,D000350,20.0,mg
202004140,D000350,10.0,mg
202004141,D000350,5.0,mg
202004142,D000350,10.0,mg
202004143,D000350,20.0,mg
202004557,D000350,10.0,mg
202004558,D000350,5.0,mg
202004559,D000350,20.0,mg
202004560,D000350,5.0,mg
202004561,D000350,10.0,mg
202004562,D000350,20.0,mg
202004563,D000350,5.0,mg
202004565,D000350,10.0,mg
202004566,D000350,10.0,mg
202004567,D000350,20.0,mg
202004568,D000350,5.0,mg
202004569,D000350,10.0,mg
202004570,D000350,20.0,mg
202004571,D000350,5.0,mg
202004587,D000350,5.0,mg
202004588,D000350,10.0,mg
202004589,D000350,20.0,mg
202004590,D000350,10.0,mg
202004591,D000350,20.0,mg
202004592,D000350,5.0,mg
202004593,D000350,5.0,mg
202004594,D000350,20.0,mg
202004595,D000350,10.0,mg
202004596,D000350,5.0,mg
202004597,D000350,10.0,mg
202004598,D000350,20.0,mg
202004599,D000350,5.0,mg
202004600,D000350,10.0,mg
202004601,D000350,20.0,mg
202004602,D000350,5.0,mg
202004603,D000350,10.0,mg
202004604,D000350,20.0,mg
202004605,D000350,10.0,mg
202004606,D000350,20.0,mg
202004607,D000350,5.0,mg
202004608,D000350,5.0,mg
202004610,D000350,10.0,mg
202004611,D000350,5.0,mg
202004612,D000350,20.0,mg
202004613,D000350,10.0,mg
202004614,D000350,5.0,mg
202004616,D000350,10.0,mg
202106637,D000350,2.5,mg
202203187,D000350,2.5,mg
202300508,D000350,2.5,mg
202300829,D000350,2.5,mg
202301091,D000350,2.5,mg
201800964,D001031,50.0,mg
201803677,D001031,75.0,mg
201902430,D001031,,
201903446,D001031,75.0,mg
201905961,D001031,75.0,mg
201906290,D001031,75.0,mg
201303989,D001262,,
201306123,D001262,,
202401010,D001262,,
201600779,D001262,,
202503244,D001262,,
201603641,D001262,,
201801011,D001262,,
201908484,D001262,,
201704468,D001262,,
202008047,D001262,,
202106676,D001262,,
202301116,D001262,,
202302217,D001262,,
202302853,D001262,,
202303214,D001262,,
202400148,D001262,,
202400326,D001262,,
202400578,D001262,,
202401211,D001262,,
202402314,D001262,,
202600397,D001262,,
202600435,D001262,,
202501746,D001269,,
202303455,D000744,15.0,mg
202303456,D000744,30.0,mg
202302753,D000744,1000.0,mg
202302754,D000744,500.0,mg
202302755,D000744,1000.0,mg
202501232,D000499,2.0,mg
202501233,D000499,4.0,mg
202200360,D001248,,
197900151,D001286,,
197900443,D001286,,
198300121,D001286,,
199201094,D001285,,
199201095,D001285,,
199201472,D001286,,
199300964,D001285,,
199300966,D001285,,
199301527,D001285,,
199400005,D001285,,
199401988,D001285,,
199500290,D001286,,
199700177,D001285,,
199700178,D001285,,
199702371,D000867,,
199702934,D001286,,
199800766,D000191,,
199801013,D001285,,
199801454,D001286,,
199806339,D001270,10000.0,IU
199900675,D000191,,
199901009,D001285,1.0,g
200008566,D001270,,
200100614,D000191,,
200100794,D000191,,
200100795,D000191,,
200100837,D000191,,
200102565,D000191,,
200102581,D001285,,
200103559,D001285,,
200200757,D000191,,
200201134,D000191,,
200201250,D001285,1.0,g
200201969,D000191,,
200300464,D001286,,
200300469,D001286,,
200302532,D001285,500.0,mg
200400641,D000191,,
200500414,D001285,,
200501171,D001285,,
200501778,D001292,,
200600605,D001285,,
200701084,D001285,,
200703086,D000191,,
200707686,D001270,,
200707791,D001270,25000.0,IU
200800072,D001285,1.0,g
200904956,D001285,1.0,g
201207536,D001285,1.0,g
201307883,D001079,40.0,mg
201308427,D001285,1.0,g
201405126,D001286,,
201500100,D000191,,
201602430,D000018,,
201802107,D000191,,
202200658,D000147,,
200709863,D001285,1.0,g
200803877,D001285,,
200908487,D001285,,
201002978,D001285,,
201003609,D001285,,
201005813,D001285,1.0,g
201100203,D001285,2.0,g
201101652,D001285,,
201201306,D001285,,
201403019,D001285,0.5,g
202000857,D001285,,
202006646,D001291,,
202100451,D001291,,
202502329,D001291,,
202600005,D001291,,
202600549,D001291,,
202600897,D001291,,
202600792,D001079,40.0,mg
200908303,D001286,,
202103219,D001286,,
202104006,D001286,,
202104007,D001286,,
202503365,D001286,,
202401365,D000203,,
202403036,D000203,,
202500750,D000203,,
202501021,D000203,,
202501061,D000203,,
202501066,D000203,,
201801146,D000191,,
197300057,D001617,,
199201045,D000051,100.0,mg
199201046,D000051,250.0,mg
201402610,D001073,1.5,mg
201402611,D001073,2.5,mg
201402613,D001073,2.0,mg
201402614,D001073,1.0,mg
201402615,D001073,0.5,mg
201402853,D001550,,
201404384,D001078,50.0,mg
201404385,D001078,75.0,mg
201500142,D001076,150.0,mg
201504150,D001015,,
201602600,D001178,,
201602601,D001178,,
201602602,D001178,,
201702284,D001546,150.0,mg
201702285,D001546,250.0,mg
201803269,D001547,,
202000399,D001551,15.0,mg
202000400,D001551,10.0,mg
202000401,D001551,5.0,mg
202000402,D001551,2.5,mg
202003894,D001553,300.0,mg
202303419,D001168,40.0,mg
202303420,D001168,80.0,mg
202401116,D001168,20.0,mg
202403072,D001168,80.0,mg
202403073,D001168,40.0,mg
202403074,D001168,20.0,mg
201907607,D000051,200.0,mg
202004585,D001545,,
201908661,D001549,,
202302962,D001178,,
202006465,D001552,30.0,mg
202006466,D001552,20.0,mg
202006467,D001552,10.0,mg
200611517,D001825,,
200710435,D001825,,
200805539,D001825,,
201606258,D001825,,
201706238,D001825,,
197800294,D000999,,
198701643,D000999,,
199803128,D000883,,
200002889,D001357,,
200008568,D001234,,
200100633,D000999,,
200102370,D001357,,
200108384,D001234,,
200301050,D001356,,
200500776,D001357,,
200501635,D001234,4.0,mg
200501981,D001234,,
200608248,D001234,4.0,mg
200705419,D000999,,
200803187,D001234,2.0,mg
200807310,D000895,25.0,mg
200807882,D000895,,
200808028,D000895,,
200808704,D000895,25.0,mg
200901181,D000999,,
200903392,D000895,,
200903737,D000895,,
201502477,D001357,,
201602682,D001269,25.0,mg
201603600,D001269,,
202601502,D000893,,
201502219,D001356,,
202302234,D000296,,
201208876,D000895,,
201401099,D000895,25.0,mg
202001554,D000895,,
202301154,D000895,,
202301813,D000895,,
202500981,D000895,,
202502075,D000895,,
202600823,D000895,,
202602046,D000895,,
202602370,D000895,50.0,mg
199102741,D000705,,
199500508,D000506,,
199800441,D000506,,
199803485,D000506,,
200109391,D000705,,
200109402,D000705,,
200200450,D000705,,
200210298,D000705,,
200301037,D000705,,
200301501,D000705,,
200301867,D000506,,
200301784,D000705,,
200302065,D000705,,
200500298,D000705,,
200501213,D000705,,
200503344,D000705,,
200600083,D000705,,
200600110,D000705,,
200612147,D000705,,
200706027,D000705,,
200706340,D000705,,
201606264,D000675,,
201706689,D000675,,
201707913,D000506,,
201800231,D000675,,
201803647,D000675,,
201804386,D000675,,
201900709,D000506,,
202003874,D000506,,
201708036,D000675,,
201801088,D000675,,
201803130,D000675,,
201804349,D000675,,
198601419,D000575,,
199500043,D001289,,
199604999,D001289,,
199700240,D001289,,
199701415,D001289,,
200100710,D001289,,
200102265,D001289,,
200202727,D001289,,
200301719,D001289,,
200302143,D001289,,
200401424,D000575,,
200404238,D000575,,
200511327,D000575,,
200610742,D000575,,
200702486,D000575,,
200713001,D001289,,
200801933,D001289,,
200805218,D000705,,
200811495,D000525,,
200903840,D000705,,
200905103,D000705,,
201003391,D001289,,
201003453,D000525,,
201006814,D000705,,
201100186,D001289,,
201101934,D001289,,
201202810,D000705,,
201306423,D000705,,
201309291,D001289,,
201310808,D000705,,
201402788,D001289,,
201404613,D000705,,
201500216,D001289,,
201700525,D001289,,
201801679,D000705,,
201804530,D000705,,
201900290,D000705,,
201900024,D000705,,
201902832,D000705,,
201907574,D001289,,
202001573,D000705,,
202102673,D000705,,
202400324,D000705,,
202401286,D000705,,
202401344,D000705,,
202401906,D000705,,
202500784,D000705,40.0,mg
202500910,D000705,,
202502277,D000705,,
202601738,D000705,,
202602514,D000705,,
201102310,D001289,,
201201370,D001289,,
198800043,D000983,,
199200633,D000983,10.0,mg
199401576,D000983,,
199802190,D000983,,
199901056,D000983,,
200201559,D000983,,
200905544,D000983,,
201309356,D000983,,
201403117,D000983,,
201403531,D000983,,
201405228,D000983,,
201907167,D000983,,
202101271,D000983,,
201307464,D000983,,
201508320,D000983,,
201805282,D000983,,
201900026,D000983,,
201901187,D000983,,
201903189,D000983,,
201906177,D000983,,
202007234,D000983,,
202008405,D000983,,
202203980,D000983,,
202300999,D000983,,
202301700,D000983,,
202500438,D000983,,
202602438,D000983,,
